Bug编号,Source数据库类型,Source数据库版本,Sink数据库类型,Sink数据库版本,CDC工具类型,CDC受影响版本,CDC修复版本,依赖软件,依赖软件版本,,,软件情况,故障表现,首次报告时间,确认修复时间,修复 commit hash,tool_created_at,tool_updated_at,tool_closed_at,tool_merged_at,tool_merge_commit_hash,tool_labels,tool_files_changed,tool_total_comments_count,tool_total_chars,tool_total_words,tool_total_bytes,issue_comments_count,issue_comments_chars,issue_comments_words,issue_comments_bytes,review_comments_count,review_comments_chars,review_comments_words,review_comments_bytes,pr_detail_title_chars,pr_detail_body_chars,pr_detail_comments_count,pr_detail_review_comments_count,review_blocs_count,review_blocs_chars,review_blocs_words,review_blocs_bytes
FLINK-34595,MySQL,,,,Flink CDC,3.2.1,3.3.1,Flink,1.19.3,,,崩溃故障,,2024/3/6 16:31,2024/3/11 02:55,26eb6a99b98d7ad547057e8da4413d9c26b84fc8,,,,,,,,,,,,,,,,,,,,,,,,,,,
FLINK-34634,MySQL,5.7.0,,,Flink CDC,2.4.1,3.1.0,Flink,1.17.1,,,逻辑故障（待确认）,,2024/3/9 07:30,2024/4/12 02:15,48ca8623bb8fa405adb56dbe505dbad10902db89,2024-03-13T07:26:39Z,2024-04-12T02:15:46Z,2024-04-12T02:15:46Z,2024-04-12T02:15:46Z,48ca8623bb8fa405adb56dbe505dbad10902db89,mongodb-cdc-connector;mysql-cdc-connector;base;postgres-cdc-connector,flink-cdc-connect/flink-cdc-source-connectors/flink-cdc-base/src/main/java/org/apache/flink/cdc/connectors/base/source/assigner/SnapshotSplitAssigner.java;flink-cdc-connect/flink-cdc-source-connectors/flink-cdc-base/src/main/java/org/apache/flink/cdc/connectors/base/source/enumerator/IncrementalSourceEnumerator.java;flink-cdc-connect/flink-cdc-source-connectors/flink-cdc-base/src/main/java/org/apache/flink/cdc/connectors/base/source/meta/events/StreamSplitMetaEvent.java;flink-cdc-connect/flink-cdc-source-connectors/flink-cdc-base/src/main/java/org/apache/flink/cdc/connectors/base/source/meta/events/StreamSplitMetaRequestEvent.java;flink-cdc-connect/flink-cdc-source-connectors/flink-cdc-base/src/main/java/org/apache/flink/cdc/connectors/base/source/meta/split/StreamSplit.java;flink-cdc-connect/flink-cdc-source-connectors/flink-cdc-base/src/main/java/org/apache/flink/cdc/connectors/base/source/reader/IncrementalSourceReader.java;flink-cdc-connect/flink-cdc-source-connectors/flink-connector-mongodb-cdc/src/test/java/org/apache/flink/cdc/connectors/mongodb/source/NewlyAddedTableITCase.java;flink-cdc-connect/flink-cdc-source-connectors/flink-connector-mysql-cdc/src/main/java/org/apache/flink/cdc/connectors/mysql/source/assigners/MySqlSnapshotSplitAssigner.java;flink-cdc-connect/flink-cdc-source-connectors/flink-connector-mysql-cdc/src/main/java/org/apache/flink/cdc/connectors/mysql/source/enumerator/MySqlSourceEnumerator.java;flink-cdc-connect/flink-cdc-source-connectors/flink-connector-mysql-cdc/src/main/java/org/apache/flink/cdc/connectors/mysql/source/events/BinlogSplitMetaEvent.java;flink-cdc-connect/flink-cdc-source-connectors/flink-connector-mysql-cdc/src/main/java/org/apache/flink/cdc/connectors/mysql/source/events/BinlogSplitMetaRequestEvent.java;flink-cdc-connect/flink-cdc-source-connectors/flink-connector-mysql-cdc/src/main/java/org/apache/flink/cdc/connectors/mysql/source/reader/MySqlSourceReader.java;flink-cdc-connect/flink-cdc-source-connectors/flink-connector-mysql-cdc/src/main/java/org/apache/flink/cdc/connectors/mysql/source/split/MySqlBinlogSplit.java;flink-cdc-connect/flink-cdc-source-connectors/flink-connector-mysql-cdc/src/test/java/org/apache/flink/cdc/connectors/mysql/source/NewlyAddedTableITCase.java;flink-cdc-connect/flink-cdc-source-connectors/flink-connector-postgres-cdc/src/test/java/org/apache/flink/cdc/connectors/postgres/source/NewlyAddedTableITCase.java,14,1825,281,1825,5,1682,253,1682,8,99,20,99,173,3128,5,8,1,44,8,44
FLINK-34690,MySQL,,StarRocks,,Flink CDC,,3.1.0,,,,,潜在故障（类型不对齐）,,2024/3/15 04:08,2024/4/11 02:57,abb98ee257527079a013462de0893bb9e2276693,2024-03-15T07:16:10Z,2024-04-11T02:57:49Z,2024-04-11T02:57:49Z,2024-04-11T02:57:49Z,abb98ee257527079a013462de0893bb9e2276693,starrocks-pipeline-connector,flink-cdc-connect/flink-cdc-pipeline-connectors/flink-cdc-pipeline-connector-starrocks/src/main/java/org/apache/flink/cdc/connectors/starrocks/sink/StarRocksUtils.java;flink-cdc-connect/flink-cdc-pipeline-connectors/flink-cdc-pipeline-connector-starrocks/src/test/java/org/apache/flink/cdc/connectors/starrocks/sink/CdcDataTypeTransformerTest.java,26,2155,304,2197,4,369,58,369,18,1661,231,1693,70,625,4,18,4,125,15,135
FLINK-34715,MySQL,,,,Flink CDC,,3.1.0,,,,,潜在故障（单元测试修复）,,2024/3/18 08:03,2024/3/18 10:11,14b81dc6ec804bd516005a177aea00be75df3cc2,2024-03-18T08:07:02Z,2024-03-18T10:11:52Z,2024-03-18T10:11:52Z,2024-03-18T10:11:52Z,14b81dc6ec804bd516005a177aea00be75df3cc2,mysql-cdc-connector,flink-cdc-connect/flink-cdc-source-connectors/flink-connector-mysql-cdc/src/test/java/org/apache/flink/cdc/connectors/mysql/debezium/reader/BinlogSplitReaderTest.java,1,16,3,16,0,0,0,0,0,0,0,0,80,519,0,0,1,16,3,16
FLINK-34754,TiDB,5.0/5.1,,,Flink CDC,2.2.0/2.3.0,,Flink,1.14.4,,,逻辑故障（待确认）,数据未更新,2022/11/17 11:44,,,,,,,,,,,,,,,,,,,,,,,,,,,,,
FLINK-34755,TiDB,6.1.0,,,Flink CDC,2.3.0,,Flink,1.14.5,,,崩溃故障,,2022/11/18 16:57,,,,,,,,,,,,,,,,,,,,,,,,,,,,,
FLINK-34756,MySQL,5.7.0,,,Flink CDC,2.3.0,,Flink,1.16.0,,,崩溃故障,,2022/11/23 17:36,,,,,,,,,,,,,,,,,,,,,,,,,,,,,
FLINK-34758,MySQL,5.7.0,,,Flink CDC,2.2.1,,Flink,1.14.3,,,崩溃故障,,2022/12/5 16:17,,,,,,,,,,,,,,,,,,,,,,,,,,,,,
FLINK-34759,MySQL,8.0.25,,,Flink CDC,2.3.0,,Flink,1.13.5,,,崩溃故障,NullPointerException,2022/12/5 18:40,,,,,,,,,,,,,,,,,,,,,,,,,,,,,
FLINK-34760,MySQL,,,,Flink CDC,2.3.0,,,,,,潜在故障,,2022/12/8 16:12,,,,,,,,,,,,,,,,,,,,,,,,,,,,,
FLINK-34762,MySQL,5.7.0,,,Flink CDC,2.3.0,,Flink,1.13.6,,,潜在故障,,2022/12/14 17:37,,,,,,,,,,,,,,,,,,,,,,,,,,,,,
FLINK-34763,Oracle,19c,,,Flink CDC,2.4.1,,Flink,1.16.0,,,逻辑故障（待确认）,数据缺失,2022/12/21 16:45,,,,,,,,,,,,,,,,,,,,,,,,,,,,,
FLINK-34764,MariaDB,10.0.24,,,Flink CDC,2.2.1,,Flink,1.13.6,,,崩溃故障,,2023/1/3 16:12,,,,,,,,,,,,,,,,,,,,,,,,,,,,,
FLINK-34767,MySQL,5.7.37,,,Flink CDC,2.3.0,,Flink,1.14.2,,,,,2023/1/11 19:15,,,,,,,,,,,,,,,,,,,,,,,,,,,,,
FLINK-34768,TiDB,5.3.1,,,Flink CDC,2.4.1,,,,,,崩溃故障,,2023/1/12 14:59,,,,,,,,,,,,,,,,,,,,,,,,,,,,,
FLINK-34772,MySQL,8.0.23,,,Flink CDC,2.3.0,,Flink,1.14.3,,,逻辑故障,数据变更异常,2023/2/10 18:35,,,,,,,,,,,,,,,,,,,,,,,,,,,,,
FLINK-34773,MySQL,8.0.23,,,Flink CDC,2.3.0,,Flink,1.16.0,,,,SQL execution hang,2023/2/20 17:24,,,,,,,,,,,,,,,,,,,,,,,,,,,,,
FLINK-34775,Oracle,11g/12c,,,Flink CDC,2.3.0,,Flink,1.16.0,,,逻辑故障（待确认）,数据缺失,2023/2/24 14:32,,,,,,,,,,,,,,,,,,,,,,,,,,,,,
FLINK-34776,AWS RDS,,,,Flink CDC,2.3.0,,Flink,1.14.6,,,崩溃故障,,2023/2/27 15:24,,,,,,,,,,,,,,,,,,,,,,,,,,,,,
FLINK-34777,MariaDB,10.10.2,,,Flink CDC,2.3.0,,Flink,1.6.1,,,崩溃故障,,2023/3/3 10:03,,,,,,,,,,,,,,,,,,,,,,,,,,,,,
FLINK-34780,Oracle,11g,,,Flink CDC,2.1.1,,Flink,1.13.5,,,逻辑故障,数据缺失/数据变更异常,2023/3/10 17:58,,,,,,,,,,,,,,,,,,,,,,,,,,,,,
FLINK-34781,Oracle,11g,,,Flink CDC,2.3.0,,Flink,1.15.3,,,性能故障,,2023/3/15 15:05,,,,,,,,,,,,,,,,,,,,,,,,,,,,,
FLINK-34783,TiDB,5.4.3/6.1.3,,,Flink CDC,2.2.1/2.3.0/2.4.0,,Flink,1.13.6,,,逻辑故障,数据变更异常,2023/3/22 15:59,,,,,,,,,,,,,,,,,,,,,,,,,,,,,
FLINK-34784,MySQL,5.7.0/8.0.0,,,Flink CDC,2.2.0/2.3.0/3.0.1,,Flink,1.13.6/1.14/1.18,,,逻辑故障,数据变更异常,2023/4/7 18:05,,,,,,,,,,,,,,,,,,,,,,,,,,,,,
FLINK-34786,TiDB,6.5.1,,,Flink CDC,2.3.0,,Flink,1.14.5,,,崩溃故障,,2023/5/5 09:54,,,,,,,,,,,,,,,,,,,,,,,,,,,,,
FLINK-34788,Oracle,19c,,,Flink CDC,2.3.0,,Flink,1.6.0,,,,,2023/5/8 17:15,,,,,,,,,,,,,,,,,,,,,,,,,,,,,
FLINK-34789,MySQL,5.7.0/8.0.0,,,Flink CDC,2.0.0/2.1.0/2.3.0/2.4.0,,,,,,逻辑故障（待复现）,结构变化,2023/5/18 11:14,,,,,,,,,,,,,,,,,,,,,,,,,,,,,
FLINK-34790,MySQL,5.7.41,,,Flink CDC,2.3.0,,Flink,1.14.5,,,性能故障,,2023/5/29 17:15,,,,,,,,,,,,,,,,,,,,,,,,,,,,,
FLINK-34792,,,,,Flink CDC,2.3.0/2.4.0,,Flink,1.13.6/1.14.4/1.15.2/1.16.0/1.17.0,,,崩溃故障,,2023/5/30 15:39,,,,,,,,,,,,,,,,,,,,,,,,,,,,,
FLINK-34794,MySQL,8.0.27,,,Flink CDC,2.3.0,,,,,,,,2023/6/7 11:37,,,,,,,,,,,,,,,,,,,,,,,,,,,,,
FLINK-34796,MySQL,8.0.0,,,Flink CDC,2.2.1,,Flink,1.16.0,,,潜在故障（待确认）,,2023/6/10 22:41,,,,,,,,,,,,,,,,,,,,,,,,,,,,,
FLINK-34797,PostgreSQL,,,,Flink CDC,2.3.0,,Flink,1.17.1,,,潜在故障,,2023/6/26 17:07,,,,,,,,,,,,,,,,,,,,,,,,,,,,,
FLINK-34798,MySQL,8.0.0,,,Flink CDC,2.4.0,,Flink,1.16.0,,,性能故障（待确认）,,2023/7/11 11:16,,,,,,,,,,,,,,,,,,,,,,,,,,,,,
FLINK-34799,SQL Server,2017,,,Flink CDC,2.4.0,,Flink,1.16.0,,,逻辑故障,数据变更,2023/7/11 12:47,,,,,,,,,,,,,,,,,,,,,,,,,,,,,
FLINK-34800,MySQL,8.0.31,,,Flink CDC,2.4.0,,Flink,1.16.1,,,崩溃故障,,2023/7/19 14:27,,,,,,,,,,,,,,,,,,,,,,,,,,,,,
FLINK-34801,SQL Server,2014,,,Flink CDC,2.4.1,2.4.1,Flink,1.17.0,,,崩溃故障,,2023/8/1 13:43,2023/10/16 05:15,6f9a06448604c016bcf007b10776d6378279f530,,,,,,,,,,,,,,,,,,,,,,,,,,,
FLINK-34802,MySQL,5.7.31,Paimon,,Flink CDC,2.4.1,,Flink,1.15.2,,,逻辑故障,结构变化,2023/8/3 10:45,,,,,,,,,,,,,,,,,,,,,,,,,,,,,
FLINK-34804,MySQL,5.7.23,,,Flink CDC,2.4.1,,Flink,1.17.0,,,潜在故障（僵尸进程）,,2023/8/7 17:06,,,,,,,,,,,,,,,,,,,,,,,,,,,,,
FLINK-34805,PostgreSQL,13.2,,,Flink CDC,2.4.1,,Flink,1.14.6,,,崩溃故障,,2023/8/8 20:13,,,,,,,,,,,,,,,,,,,,,,,,,,,,,
FLINK-34808,MySQL,8.0.32,,,Flink CDC,2.3.0,,Flink,1.16.0,,,崩溃故障（待复现）,,2023/8/29 18:26,,,,,,,,,,,,,,,,,,,,,,,,,,,,,
FLINK-34811,SQL Server,2016,,,Flink CDC,2.5.0,,Flink,1.13.6,,,潜在故障（待确认）,,2023/9/6 17:31,,,,,,,,,,,,,,,,,,,,,,,,,,,,,
FLINK-34812,Oracle,11g,,,Flink CDC,2.4.1,,Flink,1.17.0,,,逻辑故障,数据变更,2023/9/11 20:38,,,,,,,,,,,,,,,,,,,,,,,,,,,,,
FLINK-34813,TiDB,5.4.3,,,Flink CDC,2.4.1,,Flink,1.17.1,,,性能故障（待确认）,,2023/9/8 17:54,,,,,,,,,,,,,,,,,,,,,,,,,,,,,
FLINK-34814,MySQL,5.7.0,,,Flink CDC,2.3.0,,Flink,1.14.0,,,崩溃故障,,2023/9/14 11:14,,,,,,,,,,,,,,,,,,,,,,,,,,,,,
FLINK-34815,SQL Server,2016,,,Flink CDC,2.4.1,,Flink,1.17.1,,,性能故障（待确认）,,2023/9/19 17:11,,,,,,,,,,,,,,,,,,,,,,,,,,,,,
FLINK-34817,MySQL,8.0.0,,,Flink CDC,2.2.1,,Flink,1.13.6,,,崩溃故障,,2023/9/22 16:25,,,,,,,,,,,,,,,,,,,,,,,,,,,,,
FLINK-34819,Oracle,19c,,,Flink CDC,2.4.1,,Flink,1.14.2,,,崩溃故障,,2023/9/27 15:46,,,,,,,,,,,,,,,,,,,,,,,,,,,,,
FLINK-34822,Oracle,11g,,,Flink CDC,2.1.0,,Flink,1.12.0,,,其他,数据变更,2023/10/23 10:40,,,,,,,,,,,,,,,,,,,,,,,,,,,,,
FLINK-34823,PostgreSQL,11.9,,,Flink CDC,2.4.1,,Flink,1.17.0,,,崩溃故障,,2023/10/25 18:31,,,,,,,,,,,,,,,,,,,,,,,,,,,,,
FLINK-34828,SQL Server,2014,,,Flink CDC,2.4.1,,Flink,1.16.0,,,逻辑故障,数据变更,2023/11/15 10:05,,,,,,,,,,,,,,,,,,,,,,,,,,,,,
FLINK-34832,MariaDB,10.4.13,,,Flink CDC,2.4.0,,Flink,1.14.5,,,逻辑故障,数据变更,2023/12/1 19:28,,,,,,,,,,,,,,,,,,,,,,,,,,,,,
FLINK-34833,SQL Server,,,,Flink CDC,3.0.0,,Flink,1.18.0,,,潜在故障（待确认）,,2023/12/12 10:44,,,,,,,,,,,,,,,,,,,,,,,,,,,,,
FLINK-34843,,,,,Flink CDC,3.0.0,,Flink,1.18.0,,,潜在故障（待确认）,,2023/12/18 09:48,,,,,,,,,,,,,,,,,,,,,,,,,,,,,
FLINK-34846,,,,,Flink CDC,3.0.0,,Flink,1.18.0,,,性能故障（待确认）,,2023/12/18 19:07,,,,,,,,,,,,,,,,,,,,,,,,,,,,,
FLINK-34849,MySQL,,StarRocks,3.1.6,Flink CDC,3.0.0,3.1.0,Flink,1.18.0,,,崩溃故障,,2023/12/21 16:49,2024/4/24 07:57,c1e1aa48d93933c11ce9629d6f98041338f4d7a0,,,,,,,,,,,,,,,,,,,,,,,,,,,
FLINK-34856,MySQL,,,,Flink CDC,3.0.0,3.1.0,Flink,1.18.0,,,崩溃故障,,2024/1/3 11:24,2024/4/24 07:57,c1e1aa48d93933c11ce9629d6f98041338f4d7a0,,,,,,,,,,,,,,,,,,,,,,,,,,,
FLINK-34857,MySQL,,,,Flink CDC,2.4.0/2.4.2,,Flink,1.14.5,,,崩溃故障,,2024/1/3 19:40,,,,,,,,,,,,,,,,,,,,,,,,,,,,,
FLINK-34859,Oracle,11g,,,Flink CDC,3.0.0,,Flink,1.17.1,,,崩溃故障,,2024/1/9 09:24,,,,,,,,,,,,,,,,,,,,,,,,,,,,,
FLINK-34860,MySQL,5.7.0,,,Flink CDC,3.0.0,3.1.0,Flink,1.14.0,,,崩溃故障,,2024/1/10 10:28,2024/6/5 11:30,53c2fb977263853c03b345e087cb927e83049021,,,,,,,,,,,,,,,,,,,,,,,,,,,
FLINK-34861,MySQL,5.7.0,,,Flink CDC,3.0.0,,Flink,1.14.3,,,崩溃故障,,2024/1/10 11:27,,,,,,,,,,,,,,,,,,,,,,,,,,,,,
FLINK-34862,Oracle,12c,,,Flink CDC,2.4.2,,Flink,1.15.2,,,崩溃故障,,2024/1/15 09:56,,,,,,,,,,,,,,,,,,,,,,,,,,,,,
FLINK-34866,MySQL,5.7.0,,,Flink CDC,3.0.1,,Flink,1.18.0,,,崩溃故障,,2024/1/26 09:20,,,,,,,,,,,,,,,,,,,,,,,,,,,,,
FLINK-34867,MySQL,5.7.44,StarRocks,3.2.2,Flink CDC,3.0.1,,Flink,1.18.0,,,崩溃故障,,2024/1/29 17:00,,,,,,,,,,,,,,,,,,,,,,,,,,,,,
FLINK-34868,Oracle,19c,,,Flink CDC,2.4.0,,Flink,1.15.3,,,崩溃故障,,2024/1/29 18:04,,,,,,,,,,,,,,,,,,,,,,,,,,,,,
FLINK-34869,MySQL,,,,Flink CDC,3.0.1,,Flink,1.18.0,,,崩溃故障（待复现）,结构变化,2024/1/31 17:12,,,,,,,,,,,,,,,,,,,,,,,,,,,,,
FLINK-34870,MongoDB,5,,,Flink CDC,2.4.1,,Flink,1.15.2,,,性能故障（待确认）,,2024/2/1 10:22,,,,,,,,,,,,,,,,,,,,,,,,,,,,,
FLINK-34871,Oracle,11g,,,Flink CDC,3.0.0,,Flink,1.18.1,,,崩溃故障,,2024/2/2 10:05,,,,,,,,,,,,,,,,,,,,,,,,,,,,,
FLINK-34872,MySQL,5.6.24,Doris,2.0.0,Flink CDC,3.0.0,,Flink,1.18.1,,,崩溃故障（待复现）,结构变化,,,,,,,,,,,,,,,,,,,,,,,,,,,,,,
FLINK-34873,MySQL,,StarRocks,,Flink CDC,3.0.0/3.0.1,,Flink,,,,,,,,,,,,,,,,,,,,,,,,,,,,,,,,,,,
FLINK-34882,MySQL,8.0.0,Doris,2.0.0,Flink CDC,3.0.1,,Flink,1.18.1,,,崩溃故障,,2024/3/5 18:30,,,,,,,,,,,,,,,,,,,,,,,,,,,,,
FLINK-34883,PostgreSQL,,,,Flink CDC,3.0.1,3.2.0,Flink,1.18.0,,,潜在故障（待确认）,,2024/3/6 16:55,2024/7/16 09:22,94a0415475e7040cc6a61e9bd8aca9c3ccea80ad,2024-04-29T09:06:20Z,2024-07-16T15:22:10Z,2024-07-16T15:22:10Z,2024-07-16T15:22:10Z,94a0415475e7040cc6a61e9bd8aca9c3ccea80ad,base;oracle-cdc-connector;postgres-cdc-connector;sqlserver-cdc-connector;e2e-tests;db2-cdc-connector,flink-cdc-connect/flink-cdc-source-connectors/flink-cdc-base/src/main/java/org/apache/flink/cdc/connectors/base/source/assigner/splitter/JdbcSourceChunkSplitter.java;flink-cdc-connect/flink-cdc-source-connectors/flink-cdc-base/src/test/java/org/apache/flink/cdc/connectors/base/experimental/MySqlChunkSplitter.java;flink-cdc-connect/flink-cdc-source-connectors/flink-connector-db2-cdc/src/main/java/org/apache/flink/cdc/connectors/db2/source/dialect/Db2ChunkSplitter.java;flink-cdc-connect/flink-cdc-source-connectors/flink-connector-oracle-cdc/src/main/java/org/apache/flink/cdc/connectors/oracle/source/assigner/splitter/OracleChunkSplitter.java;flink-cdc-connect/flink-cdc-source-connectors/flink-connector-postgres-cdc/pom.xml;flink-cdc-connect/flink-cdc-source-connectors/flink-connector-postgres-cdc/src/main/java/org/apache/flink/cdc/connectors/postgres/source/PostgresChunkSplitter.java;flink-cdc-connect/flink-cdc-source-connectors/flink-connector-postgres-cdc/src/main/java/org/apache/flink/cdc/connectors/postgres/source/fetch/PostgresScanFetchTask.java;flink-cdc-connect/flink-cdc-source-connectors/flink-connector-postgres-cdc/src/main/java/org/apache/flink/cdc/connectors/postgres/source/utils/PostgresQueryUtils.java;flink-cdc-connect/flink-cdc-source-connectors/flink-connector-postgres-cdc/src/main/java/org/apache/flink/cdc/connectors/postgres/source/utils/PostgresTypeUtils.java;flink-cdc-connect/flink-cdc-source-connectors/flink-connector-sqlserver-cdc/src/main/java/org/apache/flink/cdc/connectors/sqlserver/source/dialect/SqlServerChunkSplitter.java;flink-cdc-e2e-tests/flink-cdc-source-e2e-tests/pom.xml,14,1019,144,1019,5,304,53,304,8,631,79,631,44,817,5,8,1,84,12,84
FLINK-34884,MySQL,,,,Flink CDC,2.3.0,,Flink,1.18.0,,,崩溃故障,,2024/3/7 15:38,,,,,,,,,,,,,,,,,,,,,,,,,,,,,
FLINK-34885,MySQL,5.6.0,StarRocks,3.2.3,Flink CDC,3.0.1,,Flink,1.18.1,,,逻辑故障（待确认）,数据变更,2024/3/13 11:20,,,,,,,,,,,,,,,,,,,,,,,,,,,,,
FLINK-34887,,,,,,,,,,,,,,,,,,,,,,,,,,,,,,,,,,,,,,,,,,,
FLINK-34889,,,,,Flink CDC,,,,,,,崩溃故障（待确认）,,2024/3/13 21:17,,,,,,,,,,,,,,,,,,,,,,,,,,,,,
FLINK-34890,Oracle,19c,,,Flink CDC,2.4.1,,Flink,1.14.2,,,崩溃故障,,2023/12/18 19:07,,,,,,,,,,,,,,,,,,,,,,,,,,,,,
FLINK-34905,MySQL,5.7.0/8.0.0,,,Flink CDC,3.0.0/3.0.1,3.1.0,Flink,1.18.1,,,崩溃故障,,2024/3/21 08:56,2024/4/11 05:42,18dd51fe22c26347bc9988d2fb8b6a78c2e922b5,2024-03-14T07:37:07Z,2024-04-11T05:42:31Z,2024-04-11T05:42:31Z,2024-04-11T05:42:31Z,18dd51fe22c26347bc9988d2fb8b6a78c2e922b5,common;runtime;mysql-pipeline-connector,flink-cdc-common/src/main/java/org/apache/flink/cdc/common/types/BinaryType.java;flink-cdc-common/src/main/java/org/apache/flink/cdc/common/types/CharType.java;flink-cdc-connect/flink-cdc-pipeline-connectors/flink-cdc-pipeline-connector-mysql/src/main/java/org/apache/flink/cdc/connectors/mysql/utils/MySqlTypeUtils.java;flink-cdc-connect/flink-cdc-pipeline-connectors/flink-cdc-pipeline-connector-mysql/src/test/java/org/apache/flink/cdc/connectors/mysql/source/MySqlPipelineITCase.java;flink-cdc-runtime/src/main/java/org/apache/flink/cdc/runtime/serializer/schema/DataTypeSerializer.java,5,934,119,934,0,0,0,0,2,836,103,836,101,4343,0,2,3,98,16,98
FLINK-34908,MySQL,5.7.0/8.0.0,StarRocks,,Flink CDC,3.1.0,3.1.1,Flink,,,,潜在故障（待确认）,,2024/3/21 10:50,2024/6/6 11:49,e2ccc836a056c16974e4956190bdce249705b7ee,2024-04-07T03:36:42Z,2024-06-11T02:32:19Z,2024-06-06T11:49:11Z,2024-06-06T11:49:11Z,e2ccc836a056c16974e4956190bdce249705b7ee,doris-pipeline-connector,flink-cdc-connect/flink-cdc-pipeline-connectors/flink-cdc-pipeline-connector-doris/src/main/java/org/apache/flink/cdc/connectors/doris/sink/DorisEventSerializer.java;flink-cdc-connect/flink-cdc-pipeline-connectors/flink-cdc-pipeline-connector-doris/src/test/java/org/apache/flink/cdc/connectors/doris/sink/DorisRowConverterTest.java,13,1075,161,1075,7,636,99,636,4,346,46,346,102,133,7,4,2,93,16,93
FLINK-34925,SQL Server,,,,Flink CDC,3.0.0,,,,,,崩溃故障,,2024/3/24 10:24,,,,,,,,,,,,,,,,,,,,,,,,,,,,,
FLINK-34948,,,,,Flink CDC,3.0.0,3.1.0,Flink,1.18.1,,,崩溃故障,,2024/3/27 07:45,2024/4/1 01:55,d099603ef15d9a1ed7ec33718db7ab2438ef1ab5,2024-03-12T11:11:02Z,2024-04-08T03:53:27Z,2024-04-01T01:55:34Z,2024-04-01T01:55:34Z,d099603ef15d9a1ed7ec33718db7ab2438ef1ab5,common,flink-cdc-common/src/main/java/org/apache/flink/cdc/common/types/DataField.java;flink-cdc-common/src/main/java/org/apache/flink/cdc/common/types/utils/DataTypeUtils.java;flink-cdc-common/src/test/java/org/apache/flink/cdc/common/types/utils/DataTypeUtilsTest.java,24,1371,220,1371,2,136,23,136,21,1160,186,1160,73,348,2,21,1,75,11,75
FLINK-34969,,,,,Flink CDC,3.0.1,,Flink,1.19.0,,,崩溃故障,,2024/3/30 13:22,2024/4/23 09:58,21032263c54b9b14999dc234fea551b7253c6e4f,2024-03-25T08:47:19Z,2024-04-23T09:58:08Z,2024-04-23T09:58:08Z,2024-04-23T09:58:08Z,21032263c54b9b14999dc234fea551b7253c6e4f,cli,flink-cdc-cli/pom.xml;flink-cdc-cli/src/main/java/org/apache/flink/cdc/cli/CliFrontend.java;flink-cdc-cli/src/main/java/org/apache/flink/cdc/cli/utils/ConfigurationUtils.java;flink-cdc-cli/src/main/java/org/apache/flink/cdc/cli/utils/FlinkEnvironmentUtils.java;flink-cdc-cli/src/main/java/org/apache/flink/cdc/cli/utils/YamlParserUtils.java;flink-cdc-cli/src/test/java/org/apache/flink/cdc/cli/utils/ConfigurationUtilsTest.java;flink-cdc-cli/src/test/resources/flink-home/conf/config.yaml,18,5982,813,5982,4,1312,223,1312,9,4471,556,4471,83,611,4,9,5,199,34,199
FLINK-35036,Oracle,19c,Doris,2.0.3,Flink CDC,2.4.2,,Flink,1.15.2,,,崩溃故障（待复现）,,2024/4/7 09:35,,,,,,,,,,,,,,,,,,,,,,,,,,,,,
FLINK-35055,,,,,,,,,,,,,,2024/4/9 03:04,2024/4/23 10:05,01ec7da98954db4a985d5c01862b430f9844d218,2024-04-09T05:40:51Z,2024-04-23T10:05:11Z,2024-04-23T10:05:11Z,2024-04-23T10:05:11Z,01ec7da98954db4a985d5c01862b430f9844d218,docs;mysql-cdc-connector;oracle-cdc-connector;e2e-tests;oceanbase-cdc-connector;db2-cdc-connector;mysql-pipeline-connector,docs/content.zh/docs/connectors/legacy-flink-cdc-sources/db2-cdc.md;docs/content.zh/docs/connectors/legacy-flink-cdc-sources/mysql-cdc.md;docs/content.zh/docs/connectors/legacy-flink-cdc-sources/oceanbase-cdc.md;docs/content.zh/docs/connectors/legacy-flink-cdc-sources/oracle-cdc.md;docs/content.zh/docs/connectors/mysql.md;docs/content/docs/connectors/legacy-flink-cdc-sources/db2-cdc.md;docs/content/docs/connectors/legacy-flink-cdc-sources/mysql-cdc.md;docs/content/docs/connectors/legacy-flink-cdc-sources/oceanbase-cdc.md;docs/content/docs/connectors/legacy-flink-cdc-sources/oracle-cdc.md;docs/content/docs/connectors/mysql.md;flink-cdc-connect/flink-cdc-pipeline-connectors/flink-cdc-pipeline-connector-mysql/pom.xml;flink-cdc-connect/flink-cdc-source-connectors/flink-sql-connector-db2-cdc/pom.xml;flink-cdc-connect/flink-cdc-source-connectors/flink-sql-connector-mysql-cdc/pom.xml;flink-cdc-connect/flink-cdc-source-connectors/flink-sql-connector-oceanbase-cdc/pom.xml;flink-cdc-connect/flink-cdc-source-connectors/flink-sql-connector-oracle-cdc/pom.xml;flink-cdc-e2e-tests/flink-cdc-source-e2e-tests/pom.xml;flink-cdc-e2e-tests/flink-cdc-source-e2e-tests/src/test/java/org/apache/flink/cdc/connectors/tests/Db2E2eITCase.java;flink-cdc-e2e-tests/flink-cdc-source-e2e-tests/src/test/java/org/apache/flink/cdc/connectors/tests/MySqlE2eITCase.java;flink-cdc-e2e-tests/flink-cdc-source-e2e-tests/src/test/java/org/apache/flink/cdc/connectors/tests/OracleE2eITCase.java,8,1118,141,1118,5,891,104,891,1,115,19,115,98,920,5,1,2,112,18,112
FLINK-35056,SQL Server,,,,Flink CDC,3.1.1,3.2.0,Flink,1.18.1,,,崩溃故障（待复现）,,2024/4/9 05:21,2024/8/22 17:09,52f2019469cdeb63246317b6cb8c6b825233c27c,2024-08-21T18:07:47Z,2024-08-26T16:24:32Z,2024-08-22T17:09:17Z,2024-08-22T17:09:16Z,52f2019469cdeb63246317b6cb8c6b825233c27c,sqlserver-cdc-connector;reviewed;approved,flink-cdc-connect/flink-cdc-source-connectors/flink-connector-sqlserver-cdc/src/main/java/org/apache/flink/cdc/connectors/sqlserver/source/utils/SqlServerTypeUtils.java;flink-cdc-connect/flink-cdc-source-connectors/flink-connector-sqlserver-cdc/src/test/java/org/apache/flink/cdc/connectors/sqlserver/source/read/fetch/SqlServerScanFetchTaskTest.java;flink-cdc-connect/flink-cdc-source-connectors/flink-connector-sqlserver-cdc/src/test/resources/ddl/pk.sql,2,114,21,114,1,81,15,81,0,0,0,0,61,454,1,0,1,33,6,33
FLINK-35058,,,,,,,,,,,,,,,,,,,,,,,,,,,,,,,,,,,,,,,,,,,
FLINK-35079,MongoDB,,,,Flink CDC,3.0.0,3.1.0,Flink,1.18.1,,,崩溃故障,,2024/4/11 07:43,2024/4/17 02:31,0562e35da75fb2c8e512d438adb8f80a87964dc4,2024-04-11T08:29:40Z,2024-04-17T02:31:38Z,2024-04-17T02:31:38Z,2024-04-17T02:31:38Z,0562e35da75fb2c8e512d438adb8f80a87964dc4,mongodb-cdc-connector,flink-cdc-connect/flink-cdc-source-connectors/flink-connector-mongodb-cdc/src/main/java/org/apache/flink/cdc/connectors/mongodb/source/reader/fetch/MongoDBStreamFetchTask.java;flink-cdc-connect/flink-cdc-source-connectors/flink-connector-mongodb-cdc/src/main/java/org/apache/flink/cdc/connectors/mongodb/source/utils/MongoUtils.java;flink-cdc-connect/flink-cdc-source-connectors/flink-connector-mongodb-cdc/src/test/java/org/apache/flink/cdc/connectors/mongodb/source/NewlyAddedTableITCase.java,15,6168,666,6170,1,446,71,446,12,5574,572,5576,78,682,1,12,2,148,23,148
FLINK-35090,,,Doris,,Flink CDC,3.0.1,3.3.1,Flink,1.18.1,,,崩溃故障（待复现）,,2024/4/12 01:46,2024/6/26 06:19,,,,,,,,,,,,,,,,,,,,,,,,,,,,
FLINK-35102,,,Doris,,Flink CDC,3.0.1,3.1.0,Flink,1.18.1,,,潜在故障（待复现）,,2024/4/15 03:16,2024/4/22 07:53,5e52d8620cee995b55f003956c3f7d7a3bdf4a22,2024-04-15T03:23:50Z,2024-04-22T08:27:14Z,2024-04-22T07:53:39Z,2024-04-22T07:53:39Z,5e52d8620cee995b55f003956c3f7d7a3bdf4a22,doris-pipeline-connector,flink-cdc-connect/flink-cdc-pipeline-connectors/flink-cdc-pipeline-connector-doris/pom.xml,4,96,16,96,1,25,3,25,0,0,0,0,60,1021,1,0,3,71,13,71
FLINK-35119,,,,,Flink CDC,3.1-pre,,Flink,1.18.1,,,潜在故障（待复现）,,2024/4/16 03:44,,,,,,,,,,,,,,,,,,,,,,,,,,,,,
FLINK-35127,,,,,Flink CDC,3.1-pre,3.1.0,Flink,1.18.1,,,崩溃故障,,2024/4/17 01:53,2024/4/19 07:37,d4ed7db8dca18906bb8a1d7738cb158da0222bc3,2024-04-18T10:01:03Z,2024-04-19T07:37:35Z,2024-04-19T07:37:35Z,2024-04-19T07:37:35Z,d4ed7db8dca18906bb8a1d7738cb158da0222bc3,values-pipeline-connector,flink-cdc-connect/flink-cdc-pipeline-connectors/flink-cdc-pipeline-connector-values/src/main/java/org/apache/flink/cdc/connectors/values/source/ValuesDataSource.java;flink-cdc-connect/flink-cdc-pipeline-connectors/flink-cdc-pipeline-connector-values/src/main/java/org/apache/flink/cdc/connectors/values/source/ValuesDataSourceHelper.java,4,1366,125,1366,3,1247,104,1247,0,0,0,0,54,183,3,0,1,119,21,119
FLINK-35149,,,,,Flink CDC,3.1-pre,3.1.1,Flink,1.18.1,,,潜在故障,,2024/4/18 02:14,2024/6/4 08:39,33891869a9fffa2abf8b8ae03915d0ddccdaf5ec,2024-04-18T02:32:01Z,2024-06-04T08:40:23Z,2024-06-04T08:39:50Z,2024-06-04T08:39:50Z,33891869a9fffa2abf8b8ae03915d0ddccdaf5ec,composer;starrocks-pipeline-connector,flink-cdc-composer/src/main/java/org/apache/flink/cdc/composer/flink/translator/DataSinkTranslator.java;flink-cdc-composer/src/test/java/org/apache/flink/cdc/composer/flink/translator/DataSinkTranslatorTest.java;flink-cdc-connect/flink-cdc-pipeline-connectors/flink-cdc-pipeline-connector-starrocks/src/main/java/org/apache/flink/cdc/connectors/starrocks/sink/StarRocksUtils.java,15,1915,324,1915,9,1230,217,1230,5,644,101,644,115,937,9,5,1,41,6,41
FLINK-35151,MySQL,5.7/8.0,,,Flink CDC,3.1-pre,,Flink,1.18.1,,,崩溃故障,,2024/4/18 04:35,,,,,,,,,,,,,,,,,,,,,,,,,,,,,
FLINK-35211,Oracle,12c,,,Flink CDC,3.1-pre,,Flink,1.18.1,,,崩溃故障（待复现）,,2024/4/23 01:54,,,,,,,,,,,,,,,,,,,,,,,,,,,,,
FLINK-35220,MySQL,5.7/8.0,,,Flink CDC,3.1-pre,,Flink,1.18.1,,,崩溃故障,,2024/4/24 03:14,,,,,,,,,,,,,,,,,,,,,,,,,,,,,
FLINK-35234,,,,,Flink CDC,3.1-pre,3.2.0,Flink,1.18.1,,,崩溃故障,,2024/4/25 05:56,2024/8/6 11:37,d76beecdb0658ff341f91de5c8924159c457c8ba,2024-04-25T06:01:26Z,2024-08-06T11:37:37Z,2024-08-06T11:37:37Z,2024-08-06T11:37:37Z,d76beecdb0658ff341f91de5c8924159c457c8ba,common;reviewed;approved,flink-cdc-common/src/main/java/org/apache/flink/cdc/common/configuration/ConfigurationUtils.java,9,548,82,548,1,42,8,42,5,398,58,398,138,302,1,5,3,108,16,108
FLINK-35251,,,,,Flink CDC,3.1-pre,3.1.0,Flink,1.18.1,,,崩溃故障（待复现）,,2024/4/27 15:07,2024/4/28 00:30,9cc3451ddf6546317c4c3af1efbc68c2d745ef7d,2024-04-27T15:12:16Z,2024-04-28T00:30:48Z,2024-04-28T00:30:48Z,2024-04-28T00:30:48Z,9cc3451ddf6546317c4c3af1efbc68c2d745ef7d,runtime,flink-cdc-runtime/src/main/java/org/apache/flink/cdc/runtime/operators/schema/coordinator/SchemaDerivation.java;flink-cdc-runtime/src/test/java/org/apache/flink/cdc/runtime/operators/schema/coordinator/SchemaDerivationTest.java,1,36,6,36,0,0,0,0,0,0,0,0,89,239,0,0,1,36,6,36
FLINK-35255,,,,,Flink CDC,3.1-pre,3.1.0,Flink,1.18.1,,,潜在故障,,2024/4/28 06:14,2024/4/29 03:52,23a67dcdb985f135e984e8e1afa8d1159946f95f,2024-04-28T06:22:37Z,2024-04-29T03:53:20Z,2024-04-29T03:52:18Z,2024-04-29T03:52:18Z,23a67dcdb985f135e984e8e1afa8d1159946f95f,runtime,flink-cdc-runtime/src/main/java/org/apache/flink/cdc/runtime/operators/sink/DataSinkWriterOperator.java,3,174,30,174,2,135,24,135,0,0,0,0,93,80,2,0,1,39,6,39
FLINK-35258,,,,,Flink CDC,3.1-pre,3.1.0,Flink,1.18.1,,,潜在故障,,2024/4/28 07:59,2024/4/28 10:07,a513e9f82e815409a8c91bdc999196d1658137f0,2024-04-28T08:36:45Z,2024-04-28T10:07:57Z,2024-04-28T10:07:57Z,2024-04-28T10:07:57Z,a513e9f82e815409a8c91bdc999196d1658137f0,docs,docs/content.zh/docs/connectors/doris.md;docs/content/docs/connectors/doris.md,1,37,6,37,0,0,0,0,0,0,0,0,66,25,0,0,1,37,6,37
FLINK-35259,,,,,Flink CDC,3.1-pre,3.1.0,Flink,1.18.1,,,潜在故障（待确认）,,2024/4/28 13:35,2024/4/29 03:33,0108d0e5d18c55873c3d67e9caad58b9d2148d6a,2024-04-28T14:20:45Z,2024-04-29T03:33:04Z,2024-04-29T03:33:04Z,2024-04-29T03:33:04Z,0108d0e5d18c55873c3d67e9caad58b9d2148d6a,runtime,flink-cdc-runtime/src/main/java/org/apache/flink/cdc/runtime/functions/SystemFunctionUtils.java;flink-cdc-runtime/src/main/java/org/apache/flink/cdc/runtime/typeutils/DataTypeConverter.java;flink-cdc-runtime/src/test/java/org/apache/flink/cdc/runtime/operators/transform/TransformDataOperatorTest.java;flink-cdc-runtime/src/test/java/org/apache/flink/cdc/runtime/parser/JaninoCompilerTest.java,1,109,19,109,0,0,0,0,0,0,0,0,77,77,0,0,1,109,19,109
FLINK-35264,,,,,Flink CDC,3.1-pre,3.1.0,Flink,1.18.1,,,逻辑故障（待复现）,数据丢失/结构变化/数据变更,2024/4/29 08:52,2024/4/29 12:23,f61f0f44bd56196296193edf9e9fa693e22e6a3c,2024-04-29T08:36:27Z,2024-04-29T12:23:44Z,2024-04-29T12:23:44Z,2024-04-29T12:23:44Z,f61f0f44bd56196296193edf9e9fa693e22e6a3c,runtime;e2e-tests,flink-cdc-e2e-tests/flink-cdc-pipeline-e2e-tests/src/test/java/org/apache/flink/cdc/pipeline/tests/TransformE2eITCase.java;flink-cdc-e2e-tests/flink-cdc-pipeline-e2e-tests/src/test/resources/ddl/mysql_inventory.sql;flink-cdc-e2e-tests/flink-cdc-pipeline-e2e-tests/src/test/resources/ddl/transform_test.sql;flink-cdc-runtime/src/main/java/org/apache/flink/cdc/runtime/operators/transform/TransformSchemaOperator.java,3,194,23,194,2,114,8,114,0,0,0,0,61,142,2,0,1,80,15,80
FLINK-35274,DB2,,,,Flink CDC,3.1-pre,3.1.0,Flink,1.18.1,,,崩溃故障,,2024/4/30 10:34,2024/5/6 05:54,a7cb46f7621568486a069a7ae01a7b86ebb0a801,2024-04-30T10:54:35Z,2024-05-06T05:54:09Z,2024-05-06T05:54:08Z,2024-05-06T05:54:08Z,a7cb46f7621568486a069a7ae01a7b86ebb0a801,db2-cdc-connector,flink-cdc-connect/flink-cdc-source-connectors/flink-connector-db2-cdc/src/main/java/io/debezium/connector/db2/Db2Connection.java,2,48,8,48,1,16,2,16,0,0,0,0,84,79,1,0,1,32,6,32
FLINK-35277,DB2,11.5.x,Doris,,Flink CDC,3.1-pre,,Flink,1.18.0,,,崩溃故障,,2024/4/30 14:20,,,,,,,,,,,,,,,,,,,,,,,,,,,,,
FLINK-35281,,,,,Flink CDC,3.1.0,,Flink,1.18.1,,,性能故障（待确认）,,2024/5/2 06:35,2024/7/5 06:06,ca1470d5dd48f9238d13a350be99c174ff600b7b,2024-05-08T02:38:18Z,2024-07-05T06:06:58Z,2024-07-05T06:06:57Z,2024-07-05T06:06:57Z,ca1470d5dd48f9238d13a350be99c174ff600b7b,composer,flink-cdc-composer/src/main/java/org/apache/flink/cdc/composer/flink/FlinkEnvironmentUtils.java;flink-cdc-composer/src/test/java/org/apache/flink/cdc/composer/flink/FlinkEnvironmentUtilsTest.java,6,384,53,384,1,28,5,28,4,282,38,282,85,940,1,5,1,74,10,74
FLINK-35294,MySQL,5.7/8.0,,,Flink CDC,3.1.0,3.1.1/3.2.0,Flink,1.18.1,,,逻辑故障（待复现）,,2024/5/6 09:28,2024/5/27 04:11,bddcaae7846671c0447b2aa6c7d8e96638988f99,2024-05-06T09:39:13Z,2024-05-27T04:11:42Z,2024-05-27T04:11:42Z,2024-05-27T04:11:42Z,bddcaae7846671c0447b2aa6c7d8e96638988f99,mysql-cdc-connector,flink-cdc-connect/flink-cdc-source-connectors/flink-connector-mysql-cdc/src/main/java/org/apache/flink/cdc/connectors/mysql/debezium/reader/BinlogSplitReader.java;flink-cdc-connect/flink-cdc-source-connectors/flink-connector-mysql-cdc/src/main/java/org/apache/flink/cdc/connectors/mysql/debezium/task/MySqlBinlogSplitReadTask.java;flink-cdc-connect/flink-cdc-source-connectors/flink-connector-mysql-cdc/src/test/java/org/apache/flink/cdc/connectors/mysql/debezium/reader/BinlogSplitReaderTest.java,1,42,6,42,0,0,0,0,0,0,0,0,106,442,0,0,1,42,6,42
FLINK-35296,MySQL,,,,Flink CDC,3.0.1,,Flink,1.18.1,,,崩溃故障,,2024/5/6 09:47,,,,,,,,,,,,,,,,,,,,,,,,,,,,,
FLINK-35301,,,,,Flink CDC,3.1.0,3.1.1/3.2.0,Flink,1.18.1,,,崩溃故障,,2024/5/7 01:44,2024/5/27 10:54,6350eec66c80a4c3815dce604305d417ee862e14,2024-05-07T01:46:10Z,2024-05-27T10:54:26Z,2024-05-27T10:54:26Z,2024-05-27T10:54:26Z,6350eec66c80a4c3815dce604305d417ee862e14,mysql-cdc-connector;base,flink-cdc-connect/flink-cdc-source-connectors/flink-cdc-base/src/main/java/org/apache/flink/cdc/connectors/base/relational/connection/JdbcConnectionPoolFactory.java;flink-cdc-connect/flink-cdc-source-connectors/flink-connector-mysql-cdc/src/main/java/io/debezium/connector/mysql/MySqlConnection.java;flink-cdc-connect/flink-cdc-source-connectors/flink-connector-mysql-cdc/src/main/java/org/apache/flink/cdc/connectors/mysql/source/connection/PooledDataSourceFactory.java,3,76,17,76,0,0,0,0,2,72,16,72,59,232,0,2,1,4,1,4
FLINK-35304,MongoDB,,,,Flink CDC,3.1.0,,Flink,1.18.1,,,逻辑故障（待复现）,数据变更,2024/5/7 09:16,,,,,,,,,,,,,,,,,,,,,,,,,,,,,
FLINK-35308,MySQL,5.7/8.0,StarRocks,,Flink CDC,3.1.0,,Flink,1.18.1,,,逻辑故障（待复现）,数据变更,2024/5/8 06:45,,,,,,,,,,,,,,,,,,,,,,,,,,,,,
FLINK-35312,SQL Server,2014,,,Flink CDC,2..4.1,,Flink,1.17.0,,,,,,,,,,,,,,,,,,,,,,,,,,,,,,,,,,
FLINK-35323,,,,,Flink CDC,3.1.0,3.1.1/3.2.0,Flink,1.18.1,,,逻辑故障（待复现）,结构变化,2024/5/10 02:23,2024/6/3 04:05,88afc5f18d051b52da86b5017dc896a4a66e6e10,2024-05-11T01:24:12Z,2024-06-03T09:40:51Z,2024-06-03T04:05:01Z,2024-06-03T04:05:01Z,88afc5f18d051b52da86b5017dc896a4a66e6e10,runtime;e2e-tests,flink-cdc-e2e-tests/flink-cdc-pipeline-e2e-tests/src/test/java/org/apache/flink/cdc/pipeline/tests/TransformE2eITCase.java;flink-cdc-runtime/src/main/java/org/apache/flink/cdc/runtime/operators/transform/TransformDataOperator.java,4,330,40,330,2,309,35,309,0,0,0,0,107,596,2,0,2,21,5,21
FLINK-35390,SQL Server,,,,Flink CDC,3.0.0,,Flink,1.18.1,,,崩溃故障（待复现）,,2024/5/17 08:59,,,,,,,,,,,,,,,,,,,,,,,,,,,,,
FLINK-35407,MySQL,,,,,,,,,,,,,,,,,,,,,,,,,,,,,,,,,,,,,,,,,,
FLINK-35409,,,,,Flink CDC,3.1.0,3.2.0,Flink,1.18.1,,,潜在故障,,2024/5/21 10:14,2024/5/30 03:57,19c382c0f2f2736baeb1c652130cb30dd98ca90c,2024-05-21T10:29:25Z,2024-05-30T03:57:23Z,2024-05-30T03:57:22Z,2024-05-30T03:57:22Z,19c382c0f2f2736baeb1c652130cb30dd98ca90c,mysql-cdc-connector,flink-cdc-connect/flink-cdc-source-connectors/flink-connector-mysql-cdc/src/main/java/org/apache/flink/cdc/connectors/mysql/source/reader/MySqlSourceReader.java;flink-cdc-connect/flink-cdc-source-connectors/flink-connector-mysql-cdc/src/test/java/org/apache/flink/cdc/connectors/mysql/source/reader/MySqlSourceReaderTest.java,3,59,11,59,1,52,9,52,0,0,0,0,94,91,1,0,2,7,2,7
FLINK-35415,,,,,Flink CDC,3.1.0,3.1.1/3.2.0,Flink,1.19.0,,,崩溃故障,,2024/5/22 01:28,2024/6/5 04:04,9a9603413c7c6d7094a30f8c8e676b65b0d3b9ba,2024-05-22T10:28:11Z,2024-06-06T07:50:19Z,2024-06-06T07:50:19Z,2024-06-06T07:50:19Z,1a360635c7ac936106e78d87867f96ed3f64e04b,composer;build;e2e-tests;doris-pipeline-connector;starrocks-pipeline-connector,flink-cdc-composer/src/main/java/org/apache/flink/cdc/composer/flink/translator/DataSinkTranslator.java;flink-cdc-connect/flink-cdc-pipeline-connectors/flink-cdc-pipeline-connector-doris/pom.xml;flink-cdc-connect/flink-cdc-pipeline-connectors/flink-cdc-pipeline-connector-doris/src/test/java/org/apache/flink/cdc/connectors/doris/sink/DorisMetadataApplierITCase.java;flink-cdc-connect/flink-cdc-pipeline-connectors/flink-cdc-pipeline-connector-doris/src/test/java/org/apache/flink/cdc/connectors/doris/sink/DorisPipelineITCase.java;flink-cdc-connect/flink-cdc-pipeline-connectors/flink-cdc-pipeline-connector-doris/src/test/java/org/apache/flink/cdc/connectors/doris/sink/utils/DorisContainer.java;flink-cdc-connect/flink-cdc-pipeline-connectors/flink-cdc-pipeline-connector-doris/src/test/java/org/apache/flink/cdc/connectors/doris/sink/utils/DorisSinkTestBase.java;flink-cdc-connect/flink-cdc-pipeline-connectors/flink-cdc-pipeline-connector-doris/src/test/resources/log4j2-test.properties;flink-cdc-connect/flink-cdc-pipeline-connectors/flink-cdc-pipeline-connector-starrocks/pom.xml;flink-cdc-connect/flink-cdc-pipeline-connectors/flink-cdc-pipeline-connector-starrocks/src/test/java/com/starrocks/shade/org/apache/commons/compress/utils/Lists.java;flink-cdc-connect/flink-cdc-pipeline-connectors/flink-cdc-pipeline-connector-starrocks/src/test/java/org/apache/flink/cdc/connectors/starrocks/sink/StarRocksMetadataApplierITCase.java;flink-cdc-connect/flink-cdc-pipeline-connectors/flink-cdc-pipeline-connector-starrocks/src/test/java/org/apache/flink/cdc/connectors/starrocks/sink/StarRocksPipelineITCase.java;flink-cdc-connect/flink-cdc-pipeline-connectors/flink-cdc-pipeline-connector-starrocks/src/test/java/org/apache/flink/cdc/connectors/starrocks/sink/utils/StarRocksContainer.java;flink-cdc-connect/flink-cdc-pipeline-connectors/flink-cdc-pipeline-connector-starrocks/src/test/java/org/apache/flink/cdc/connectors/starrocks/sink/utils/StarRocksSinkTestBase.java;flink-cdc-e2e-tests/flink-cdc-pipeline-e2e-tests/pom.xml;flink-cdc-e2e-tests/flink-cdc-pipeline-e2e-tests/src/test/java/org/apache/flink/cdc/pipeline/tests/MySqlToDorisE2eITCase.java;flink-cdc-e2e-tests/flink-cdc-pipeline-e2e-tests/src/test/java/org/apache/flink/cdc/pipeline/tests/MysqlE2eITCase.java;flink-cdc-e2e-tests/flink-cdc-pipeline-e2e-tests/src/test/java/org/apache/flink/cdc/pipeline/tests/TransformE2eITCase.java;flink-cdc-e2e-tests/flink-cdc-pipeline-e2e-tests/src/test/java/org/apache/flink/cdc/pipeline/tests/utils/PipelineTestEnvironment.java;flink-cdc-e2e-tests/flink-cdc-source-e2e-tests/pom.xml;flink-cdc-e2e-tests/flink-cdc-source-e2e-tests/src/test/java/org/apache/flink/cdc/connectors/tests/utils/FlinkContainerTestEnvironment.java;pom.xml,15,1269,212,1269,4,261,41,261,8,642,105,642,53,378,4,8,3,366,66,366
FLINK-35421,,,,,Flink CDC,3.1.0,,Flink,1.18.1,,,崩溃故障（待确认）,,2024/5/22 13:46,,,,,,,,,,,,,,,,,,,,,,,,,,,,,
FLINK-35430,,,,,Flink CDC,3.1.0,3.1.1/3.2.0,Flink,1.18.1,,,逻辑故障（待确认）（待复现）,,2024/5/23 07:54,2024/6/3 06:17,0e8b2c7cc59db227dc0e15f219bd3d1b4c28ad42,2024-05-24T06:52:26Z,2024-06-03T08:30:48Z,2024-06-03T06:17:47Z,2024-06-03T06:17:47Z,0e8b2c7cc59db227dc0e15f219bd3d1b4c28ad42,,flink-cdc-connect/flink-cdc-pipeline-connectors/flink-cdc-pipeline-connector-kafka/src/main/java/org/apache/flink/cdc/connectors/kafka/json/ChangeLogJsonFormatFactory.java;flink-cdc-connect/flink-cdc-pipeline-connectors/flink-cdc-pipeline-connector-kafka/src/main/java/org/apache/flink/cdc/connectors/kafka/json/canal/CanalJsonSerializationSchema.java;flink-cdc-connect/flink-cdc-pipeline-connectors/flink-cdc-pipeline-connector-kafka/src/main/java/org/apache/flink/cdc/connectors/kafka/json/debezium/DebeziumJsonSerializationSchema.java;flink-cdc-connect/flink-cdc-pipeline-connectors/flink-cdc-pipeline-connector-kafka/src/main/java/org/apache/flink/cdc/connectors/kafka/sink/KafkaDataSinkFactory.java;flink-cdc-connect/flink-cdc-pipeline-connectors/flink-cdc-pipeline-connector-kafka/src/test/java/org/apache/flink/cdc/connectors/kafka/json/canal/CanalJsonSerializationSchemaTest.java;flink-cdc-connect/flink-cdc-pipeline-connectors/flink-cdc-pipeline-connector-kafka/src/test/java/org/apache/flink/cdc/connectors/kafka/json/debezium/DebeziumJsonSerializationSchemaTest.java,6,591,93,591,2,422,64,422,1,85,15,85,81,122,2,1,3,84,14,84
FLINK-35452,MySQL,,,,Flink CDC,2.4.2,,Flink,1.15.3,,,逻辑故障,数据丢失,2024/5/26 03:25,,,,,,,,,,,,,,,,,,,,,,,,,,,,,
FLINK-35464,,,,,Flink CDC,3.1.0,3.1.1/3.2.0,Flink,1.18.1,,,潜在故障,,2024/5/27 11:31,2024/6/6 04:00,414720d1c5e9126ca557bf59389e9fb1b460c998,2024-05-28T01:27:07Z,2024-06-06T04:00:27Z,2024-06-06T04:00:27Z,2024-06-06T04:00:27Z,414720d1c5e9126ca557bf59389e9fb1b460c998,runtime;build,.github/labeler.yml;.github/workflows/flink_cdc.yml;flink-cdc-migration-tests/flink-cdc-migration-testcases/pom.xml;flink-cdc-migration-tests/flink-cdc-migration-testcases/src/test/java/org/apache/flink/cdc/migration/tests/MigrationTestBase.java;flink-cdc-migration-tests/flink-cdc-migration-testcases/src/test/java/org/apache/flink/cdc/migration/tests/SchemaManagerMigrationTest.java;flink-cdc-migration-tests/flink-cdc-migration-testcases/src/test/java/org/apache/flink/cdc/migration/tests/SchemaRegistryMigrationTest.java;flink-cdc-migration-tests/flink-cdc-migration-testcases/src/test/java/org/apache/flink/cdc/migration/tests/TableChangeInfoMigrationTest.java;flink-cdc-migration-tests/flink-cdc-migration-testcases/src/test/resources/log4j2-test.properties;flink-cdc-migration-tests/flink-cdc-release-3.0.0/pom.xml;flink-cdc-migration-tests/flink-cdc-release-3.0.0/src/main/java/com/ververica/cdc/migration/tests/MigrationMockBase.java;flink-cdc-migration-tests/flink-cdc-release-3.0.0/src/main/java/com/ververica/cdc/migration/tests/SchemaManagerMigrationMock.java;flink-cdc-migration-tests/flink-cdc-release-3.0.0/src/main/java/com/ververica/cdc/migration/tests/SchemaRegistryMigrationMock.java;flink-cdc-migration-tests/flink-cdc-release-3.0.1/pom.xml;flink-cdc-migration-tests/flink-cdc-release-3.0.1/src/main/java/com/ververica/cdc/migration/tests/MigrationMockBase.java;flink-cdc-migration-tests/flink-cdc-release-3.0.1/src/main/java/com/ververica/cdc/migration/tests/SchemaManagerMigrationMock.java;flink-cdc-migration-tests/flink-cdc-release-3.0.1/src/main/java/com/ververica/cdc/migration/tests/SchemaRegistryMigrationMock.java;flink-cdc-migration-tests/flink-cdc-release-3.1.0/pom.xml;flink-cdc-migration-tests/flink-cdc-release-3.1.0/src/main/java/org/apache/flink/cdc/migration/tests/MigrationMockBase.java;flink-cdc-migration-tests/flink-cdc-release-3.1.0/src/main/java/org/apache/flink/cdc/migration/tests/SchemaManagerMigrationMock.java;flink-cdc-migration-tests/flink-cdc-release-3.1.0/src/main/java/org/apache/flink/cdc/migration/tests/SchemaRegistryMigrationMock.java;flink-cdc-migration-tests/flink-cdc-release-3.1.0/src/main/java/org/apache/flink/cdc/migration/tests/TableChangeInfoMigrationMock.java;flink-cdc-migration-tests/flink-cdc-release-snapshot/pom.xml;flink-cdc-migration-tests/flink-cdc-release-snapshot/src/main/java/org/apache/flink/cdc/migration/tests/MigrationMockBase.java;flink-cdc-migration-tests/flink-cdc-release-snapshot/src/main/java/org/apache/flink/cdc/migration/tests/SchemaManagerMigrationMock.java;flink-cdc-migration-tests/flink-cdc-release-snapshot/src/main/java/org/apache/flink/cdc/migration/tests/SchemaRegistryMigrationMock.java;flink-cdc-migration-tests/flink-cdc-release-snapshot/src/main/java/org/apache/flink/cdc/migration/tests/TableChangeInfoMigrationMock.java;flink-cdc-migration-tests/pom.xml;flink-cdc-runtime/src/main/java/org/apache/flink/cdc/runtime/operators/schema/coordinator/SchemaManager.java;flink-cdc-runtime/src/main/java/org/apache/flink/cdc/runtime/operators/schema/coordinator/SchemaRegistry.java;flink-cdc-runtime/src/main/java/org/apache/flink/cdc/runtime/operators/transform/TableChangeInfo.java;flink-cdc-runtime/src/main/java/org/apache/flink/cdc/runtime/serializer/schema/SchemaSerializer.java;flink-cdc-runtime/src/test/java/org/apache/flink/cdc/runtime/operators/schema/coordinator/SchemaManagerTest.java,8,1138,179,1138,3,452,67,452,2,242,34,242,73,1869,3,2,3,444,78,444
FLINK-35470,,,,,Flink CDC,3.1.0,,,,,,,,,,,,,,,,,,,,,,,,,,,,,,,,,,,,,
FLINK-35474,MySQL,,,,Flink CDC,2.3.0,,Flink,1.17.2,,,崩溃故障（待确认）,,2024/5/28 08:20,,,,,,,,,,,,,,,,,,,,,,,,,,,,,
FLINK-35497,,,,,Flink CDC,3.1.0,,,,,,,,,,,,,,,,,,,,,,,,,,,,,,,,,,,,,
FLINK-35524,,,,,Flink CDC,3.1.1,3.2.0,Flink,1.18.1,,,潜在故障（待确认）,,2024/6/5 07:29,2024/8/6 07:24,0c49959f678d6ea4269f78b3080f35cbf1f58601,2024-06-05T07:35:24Z,2024-08-06T07:24:39Z,2024-08-06T07:24:39Z,2024-08-06T07:24:39Z,0c49959f678d6ea4269f78b3080f35cbf1f58601,mysql-cdc-connector;base;reviewed;approved,flink-cdc-connect/flink-cdc-source-connectors/flink-cdc-base/src/main/java/org/apache/flink/cdc/connectors/base/dialect/DataSourceDialect.java;flink-cdc-connect/flink-cdc-source-connectors/flink-cdc-base/src/main/java/org/apache/flink/cdc/connectors/base/dialect/JdbcDataSourceDialect.java;flink-cdc-connect/flink-cdc-source-connectors/flink-cdc-base/src/main/java/org/apache/flink/cdc/connectors/base/relational/connection/JdbcConnectionPools.java;flink-cdc-connect/flink-cdc-source-connectors/flink-cdc-base/src/main/java/org/apache/flink/cdc/connectors/base/source/assigner/HybridSplitAssigner.java;flink-cdc-connect/flink-cdc-source-connectors/flink-cdc-base/src/main/java/org/apache/flink/cdc/connectors/base/source/assigner/SnapshotSplitAssigner.java;flink-cdc-connect/flink-cdc-source-connectors/flink-cdc-base/src/main/java/org/apache/flink/cdc/connectors/base/source/assigner/SplitAssigner.java;flink-cdc-connect/flink-cdc-source-connectors/flink-cdc-base/src/main/java/org/apache/flink/cdc/connectors/base/source/assigner/StreamSplitAssigner.java;flink-cdc-connect/flink-cdc-source-connectors/flink-cdc-base/src/main/java/org/apache/flink/cdc/connectors/base/source/enumerator/IncrementalSourceEnumerator.java;flink-cdc-connect/flink-cdc-source-connectors/flink-connector-mysql-cdc/src/main/java/org/apache/flink/cdc/connectors/mysql/source/assigners/MySqlBinlogSplitAssigner.java;flink-cdc-connect/flink-cdc-source-connectors/flink-connector-mysql-cdc/src/main/java/org/apache/flink/cdc/connectors/mysql/source/assigners/MySqlSnapshotSplitAssigner.java;flink-cdc-connect/flink-cdc-source-connectors/flink-connector-mysql-cdc/src/main/java/org/apache/flink/cdc/connectors/mysql/source/assigners/MySqlSplitAssigner.java;flink-cdc-connect/flink-cdc-source-connectors/flink-connector-mysql-cdc/src/main/java/org/apache/flink/cdc/connectors/mysql/source/connection/JdbcConnectionPools.java;flink-cdc-connect/flink-cdc-source-connectors/flink-connector-mysql-cdc/src/main/java/org/apache/flink/cdc/connectors/mysql/source/enumerator/MySqlSourceEnumerator.java;flink-cdc-connect/flink-cdc-source-connectors/flink-connector-mysql-cdc/src/test/java/org/apache/flink/cdc/connectors/mysql/source/assigners/MySqlBinlogSplitAssignerTest.java,14,1160,175,1162,1,53,6,53,11,972,148,974,66,572,1,12,2,135,21,135
FLINK-35527,,,,,Flink CDC,3.1.1/3.2.0,3.1.1/3.2.0,Flink,1.18.1,,,,,2024/6/5 12:56,2024/6/6 01:14,b1e157468a703e53c3217940182f5f1a021c3ea3,2024-05-21T11:41:22Z,2024-06-06T01:14:52Z,2024-06-06T01:14:51Z,2024-06-06T01:14:51Z,b1e157468a703e53c3217940182f5f1a021c3ea3,docs,docs/content.zh/docs/connectors/flink-sources/db2-cdc.md;docs/content.zh/docs/connectors/flink-sources/mongodb-cdc.md;docs/content.zh/docs/connectors/flink-sources/mysql-cdc.md;docs/content.zh/docs/connectors/flink-sources/oceanbase-cdc.md;docs/content.zh/docs/connectors/flink-sources/oracle-cdc.md;docs/content.zh/docs/connectors/flink-sources/postgres-cdc.md;docs/content.zh/docs/connectors/flink-sources/sqlserver-cdc.md;docs/content.zh/docs/connectors/flink-sources/tidb-cdc.md;docs/content.zh/docs/connectors/flink-sources/tutorials/build-real-time-data-lake-tutorial.md;docs/content.zh/docs/connectors/flink-sources/tutorials/build-streaming-etl-tutorial.md;docs/content.zh/docs/connectors/flink-sources/tutorials/mongodb-tutorial.md;docs/content.zh/docs/connectors/flink-sources/tutorials/oceanbase-tutorial.md;docs/content.zh/docs/connectors/flink-sources/tutorials/oracle-tutorial.md;docs/content.zh/docs/connectors/flink-sources/tutorials/polardbx-tutorial.md;docs/content.zh/docs/connectors/flink-sources/tutorials/sqlserver-tutorial.md;docs/content.zh/docs/connectors/flink-sources/tutorials/tidb-tutorial.md;docs/content.zh/docs/connectors/flink-sources/vitess-cdc.md;docs/content.zh/docs/get-started/quickstart/mysql-to-doris.md;docs/content.zh/docs/get-started/quickstart/mysql-to-starrocks.md;docs/content/docs/connectors/flink-sources/db2-cdc.md;docs/content/docs/connectors/flink-sources/mongodb-cdc.md;docs/content/docs/connectors/flink-sources/mysql-cdc.md;docs/content/docs/connectors/flink-sources/oceanbase-cdc.md;docs/content/docs/connectors/flink-sources/oracle-cdc.md;docs/content/docs/connectors/flink-sources/postgres-cdc.md;docs/content/docs/connectors/flink-sources/sqlserver-cdc.md;docs/content/docs/connectors/flink-sources/tidb-cdc.md;docs/content/docs/connectors/flink-sources/vitess-cdc.md;docs/content/docs/get-started/quickstart/mysql-to-doris.md;docs/content/docs/get-started/quickstart/mysql-to-starrocks.md,5,199,31,202,2,56,7,56,0,0,0,0,90,148,2,0,3,143,24,146
FLINK-35540,MySQL,5.7/8.0,,,Flink CDC,3.1.0,3.1.1/3.2.0,Flink,1.18.1,,,逻辑故障（待复现）,结构变化,2024/6/6 08:46,2024/6/11 11:11,c958daf8ab417d16fc7fc0b59f341e8f9cf372e7,2024-06-06T11:05:13Z,2024-06-11T11:11:02Z,2024-06-11T11:11:01Z,2024-06-11T11:11:01Z,c958daf8ab417d16fc7fc0b59f341e8f9cf372e7,common;mysql-pipeline-connector,flink-cdc-common/src/main/java/org/apache/flink/cdc/common/schema/Selectors.java;flink-cdc-common/src/main/java/org/apache/flink/cdc/common/utils/Predicates.java;flink-cdc-common/src/test/java/org/apache/flink/cdc/common/schema/SelectorsTest.java;flink-cdc-connect/flink-cdc-pipeline-connectors/flink-cdc-pipeline-connector-mysql/src/test/java/org/apache/flink/cdc/connectors/mysql/source/MySqlDataSourceFactoryTest.java,6,908,143,908,0,0,0,0,3,678,105,678,109,49,0,3,3,230,38,230
FLINK-35545,,,,,Flink CDC,3.1.0,3.1.1/3.2.0,,,,,,,2024/6/7 04:15,2024/6/7 05:01,4efb1d78ca778abeae142facfa99440f22a88b25,2024-06-07T05:03:42Z,2024-06-07T11:11:06Z,2024-06-07T11:11:06Z,2024-06-07T11:11:06Z,7d35f3c1d387f9595707a75e16f7e80767d3f20a,docs,docs/config.toml;docs/content.zh/docs/connectors/flink-sources/db2-cdc.md;docs/content.zh/docs/connectors/flink-sources/mysql-cdc.md;docs/content.zh/docs/connectors/flink-sources/oracle-cdc.md;docs/content.zh/docs/connectors/flink-sources/overview.md;docs/content.zh/docs/connectors/flink-sources/postgres-cdc.md;docs/content.zh/docs/connectors/flink-sources/sqlserver-cdc.md;docs/content.zh/docs/connectors/pipeline-connectors/mysql.md;docs/content/docs/connectors/flink-sources/db2-cdc.md;docs/content/docs/connectors/flink-sources/mysql-cdc.md;docs/content/docs/connectors/flink-sources/oracle-cdc.md;docs/content/docs/connectors/flink-sources/overview.md;docs/content/docs/connectors/flink-sources/postgres-cdc.md;docs/content/docs/connectors/flink-sources/sqlserver-cdc.md;docs/content/docs/connectors/pipeline-connectors/mysql.md,1,4,1,4,0,0,0,0,0,0,0,0,76,0,0,0,1,4,1,4
FLINK-35567,,,,,Flink CDC,3.1.1,,Flink,1.18.1,,,崩溃故障,,2024/6/11 10:11,,,,,,,,,,,,,,,,,,,,,,,,,,,,,
FLINK-35572,DB2,5.7/8.0,,,Flink CDC,3.1.0,,Flink,1.18.1,,,崩溃故障,,2024/6/12 06:58,,,,,,,,,,,,,,,,,,,,,,,,,,,,,
FLINK-35600,MySQL,,,,Flink CDC,3.1.0,3.3.0,,,,,逻辑故障（待复现）,数据变更/数据重复,2024/6/14 05:35,2025/1/16 11:48,2fa215e5c45818ecc7f5d73783dfb61c1f0e4828,2024-06-14T05:35:40Z,2025-04-23T01:53:32Z,2025-01-16T11:48:34Z,2025-01-16T11:48:34Z,2fa215e5c45818ecc7f5d73783dfb61c1f0e4828,mysql-cdc-connector;reviewed;Stale;approved,flink-cdc-connect/flink-cdc-source-connectors/flink-connector-mysql-cdc/src/main/java/org/apache/flink/cdc/connectors/mysql/debezium/task/MySqlSnapshotSplitReadTask.java;flink-cdc-connect/flink-cdc-source-connectors/flink-connector-mysql-cdc/src/main/java/org/apache/flink/cdc/connectors/mysql/source/offset/BinlogOffset.java;flink-cdc-connect/flink-cdc-source-connectors/flink-connector-mysql-cdc/src/test/java/org/apache/flink/cdc/connectors/mysql/debezium/reader/BinlogSplitReaderTest.java,13,2423,285,2423,9,1262,166,1262,2,1087,107,1087,54,49,9,2,2,74,12,74
FLINK-35651,,,,,Flink CDC,3.1.0,,Flink,1.18.1,,,崩溃故障,,2024/6/20 01:48,,,,,,,,,,,,,,,,,,,,,,,,,,,,,
FLINK-35654,,,,,,,,,,,,,,,,,,,,,,,,,,,,,,,,,,,,,,,,,,,
FLINK-35668,MySQL,8.0.33,StarRocks,3.2.7,Flink CDC,3.1.0,,Flink,1.18.1,,,逻辑故障,数据丢失,2024/6/21 12:52,,,,,,,,,,,,,,,,,,,,,,,,,,,,,
FLINK-35674,MySQL,5.7/8.0,,,Flink CDC,3.1.1,3.2.0,Flink,1.18.1,,,崩溃故障,,2024/6/24 03:28,2024/8/6 07:49,986f37b30750da0a84e2da8d0ff9554702dacc01,2024-06-24T07:00:11Z,2024-08-06T07:49:51Z,2024-08-06T07:49:51Z,2024-08-06T07:49:51Z,986f37b30750da0a84e2da8d0ff9554702dacc01,mysql-cdc-connector;reviewed;approved,flink-cdc-connect/flink-cdc-source-connectors/flink-connector-mysql-cdc/src/main/java/org/apache/flink/cdc/connectors/mysql/debezium/DebeziumUtils.java;flink-cdc-connect/flink-cdc-source-connectors/flink-connector-mysql-cdc/src/main/java/org/apache/flink/cdc/connectors/mysql/debezium/task/context/StatefulTaskContext.java;flink-cdc-connect/flink-cdc-source-connectors/flink-connector-mysql-cdc/src/main/java/org/apache/flink/cdc/connectors/mysql/source/offset/BinlogOffsetUtils.java;flink-cdc-connect/flink-cdc-source-connectors/flink-connector-mysql-cdc/src/test/java/org/apache/flink/cdc/connectors/mysql/debezium/reader/BinlogSplitReaderTest.java;flink-cdc-connect/flink-cdc-source-connectors/flink-connector-mysql-cdc/src/test/java/org/apache/flink/cdc/connectors/mysql/source/SpecificStartingOffsetITCase.java,48,15172,2060,15192,15,4275,694,4285,30,10767,1346,10777,96,701,15,30,3,130,20,130
FLINK-35700,,,,,Flink CDC,3.1.1,3.2.0,Flink,1.18.1,,,潜在故障,,2024/6/26 02:16,2024/6/26 04:14,0723009a697565c038991e9ff1e73f3329be8991,2024-06-26T02:21:27Z,2024-06-26T04:14:24Z,2024-06-26T04:14:24Z,2024-06-26T04:14:24Z,0723009a697565c038991e9ff1e73f3329be8991,composer,flink-cdc-composer/src/main/java/org/apache/flink/cdc/composer/definition/PipelineDef.java;flink-cdc-composer/src/test/java/org/apache/flink/cdc/composer/definition/PipelineValidationTest.java,7,540,62,542,3,117,15,119,3,421,46,421,57,365,3,3,1,2,1,2
FLINK-35701,SQL Server,,,,Flink CDC,,,,,,,,,2024/6/26 04:21,,,,,,,,,,,,,,,,,,,,,,,,,,,,,
FLINK-35715,MySQL,5.7/8.0,,,Flink CDC,3.1.1,3.2.0,Flink,1.18.1,,,逻辑故障,结构变化,2024/6/27 11:55,2024/8/9 06:28,07446d1f9de23b6d5e7b50de1b00ba901ffd31db,2024-08-06T09:28:49Z,2024-08-09T06:28:44Z,2024-08-09T06:28:43Z,2024-08-09T06:28:43Z,07446d1f9de23b6d5e7b50de1b00ba901ffd31db,common;runtime;mysql-pipeline-connector;reviewed;approved,flink-cdc-common/src/main/java/org/apache/flink/cdc/common/data/binary/BinaryRecordData.java;flink-cdc-connect/flink-cdc-pipeline-connectors/flink-cdc-pipeline-connector-mysql/src/test/java/org/apache/flink/cdc/connectors/mysql/source/MySqlFullTypesITCase.java;flink-cdc-connect/flink-cdc-pipeline-connectors/flink-cdc-pipeline-connector-mysql/src/test/java/org/apache/flink/cdc/connectors/mysql/source/MySqlMetadataAccessorITCase.java;flink-cdc-connect/flink-cdc-pipeline-connectors/flink-cdc-pipeline-connector-mysql/src/test/resources/ddl/column_type_test.sql;flink-cdc-connect/flink-cdc-pipeline-connectors/flink-cdc-pipeline-connector-mysql/src/test/resources/ddl/column_type_test_mysql8.sql;flink-cdc-runtime/src/main/java/org/apache/flink/cdc/runtime/serializer/data/writer/AbstractBinaryWriter.java,3,1346,179,1346,2,1277,168,1277,0,0,0,0,94,122,2,0,1,69,11,69
FLINK-35743,,,,,Flink CDC,3.1.1,3.2.0,Flink,1.18.1,,,潜在故障（待复现）,,2024/7/2 13:33,2024/8/6 16:49,7ca11359d7969cd7488fc546dd04f1bbfb8d6674,2024-07-02T13:39:39Z,2024-08-06T16:49:22Z,2024-08-06T16:49:22Z,2024-08-06T16:49:22Z,7ca11359d7969cd7488fc546dd04f1bbfb8d6674,values-pipeline-connector;composer;common;runtime;e2e-tests;reviewed;approved,flink-cdc-common/src/main/java/org/apache/flink/cdc/common/utils/DateTimeUtils.java;flink-cdc-composer/src/test/java/org/apache/flink/cdc/composer/flink/FlinkPipelineComposerITCase.java;flink-cdc-composer/src/test/java/org/apache/flink/cdc/composer/flink/FlinkPipelineTransformITCase.java;flink-cdc-connect/flink-cdc-pipeline-connectors/flink-cdc-pipeline-connector-values/src/main/java/org/apache/flink/cdc/connectors/values/ValuesDatabase.java;flink-cdc-e2e-tests/flink-cdc-pipeline-e2e-tests/src/test/java/org/apache/flink/cdc/pipeline/tests/TransformE2eITCase.java;flink-cdc-runtime/src/main/java/org/apache/flink/cdc/runtime/functions/SystemFunctionUtils.java;flink-cdc-runtime/src/main/java/org/apache/flink/cdc/runtime/parser/JaninoCompiler.java;flink-cdc-runtime/src/main/java/org/apache/flink/cdc/runtime/parser/metadata/TransformSqlOperatorTable.java;flink-cdc-runtime/src/test/java/org/apache/flink/cdc/runtime/operators/transform/TransformDataOperatorTest.java;flink-cdc-runtime/src/test/java/org/apache/flink/cdc/runtime/parser/JaninoCompilerTest.java;flink-cdc-runtime/src/test/java/org/apache/flink/cdc/runtime/parser/TransformParserTest.java,34,9391,899,9397,14,7587,623,7587,15,1365,208,1371,98,77,14,15,5,439,68,439
FLINK-35774,,,,,Flink CDC,3.1.1,3.2.0,Flink,1.18.1,,,逻辑故障（待复现）,结构变化,2024/7/6 03:03,2024/8/8 13:01,81d916fc73fa2a3800202bc6eebe9d8274e4a258,,,,,,,,,,,,,,,,,,,,,,,,,,,
FLINK-35783,,,,,Flink CDC,3.1.1,,Flink,1.19.1,,,,,,,,,,,,,,,,,,,,,,,,,,,,,,,,,,
FLINK-35802,MySQL,,,,Flink CDC,3.1.0,3.3.0,Flink,1.18.1,,,逻辑故障（待复现）,数据丢失/死锁,2024/7/10 05:50,2025/1/16 11:43,afd4a74c0a3dc4f6353a37e875023a7f849a634e,2024-07-10T06:34:00Z,2025-01-20T18:17:57Z,2025-01-16T11:43:25Z,2025-01-16T11:43:25Z,afd4a74c0a3dc4f6353a37e875023a7f849a634e,mysql-cdc-connector;reviewed;Stale;approved,flink-cdc-connect/flink-cdc-source-connectors/flink-connector-mysql-cdc/src/main/java/org/apache/flink/cdc/connectors/mysql/debezium/reader/BinlogSplitReader.java;flink-cdc-connect/flink-cdc-source-connectors/flink-connector-mysql-cdc/src/main/java/org/apache/flink/cdc/connectors/mysql/debezium/reader/SnapshotSplitReader.java;flink-cdc-connect/flink-cdc-source-connectors/flink-connector-mysql-cdc/src/main/java/org/apache/flink/cdc/connectors/mysql/debezium/task/context/StatefulTaskContext.java;flink-cdc-connect/flink-cdc-source-connectors/flink-connector-mysql-cdc/src/main/java/org/apache/flink/cdc/connectors/mysql/source/reader/MySqlSplitReader.java,14,1805,251,1805,7,1345,208,1345,6,456,42,456,109,71,7,6,1,4,1,4
FLINK-35807,MySQL,5.7,StarRocks,,Flink CDC,3.1.1,,Flink,1.18.1,,,,,,,,,,,,,,,,,,,,,,,,,,,,,,,,,,
FLINK-35813,,,,,Flink CDC,3.1.1,3.2.0,Flink,1.18.1,,,崩溃故障,,2024/7/11 08:29,2024/8/6 09:49,44dafe33bd8c3cea15414b30eef4927e32bc8f37,2024-07-11T08:39:05Z,2024-08-06T09:49:16Z,2024-08-06T09:49:16Z,2024-08-06T09:49:16Z,44dafe33bd8c3cea15414b30eef4927e32bc8f37,runtime;reviewed;approved,flink-cdc-runtime/src/main/java/org/apache/flink/cdc/runtime/operators/transform/TransformSchemaOperator.java,2,31,6,31,1,27,5,27,0,0,0,0,82,2553,1,0,1,4,1,4
FLINK-35834,,,Doris,,,,,,,,,,,,,,,,,,,,,,,,,,,,,,,,,,,,,,,,
FLINK-35852,MySQL,5.7.43,Doris,2.0.6,Flink CDC,3.1.1,,,,,,逻辑故障（待复现）,数据变更,2024/7/16 06:44,2024/8/8 13:01,81d916fc73fa2a3800202bc6eebe9d8274e4a258,,,,,,,,,,,,,,,,,,,,,,,,,,,
FLINK-35859,,,,,Flink CDC,3.1.1,3.2.0,Flink,1.18.1,,,崩溃故障,,2024/7/17 09:28,2024/8/9 07:38,4bf5a395a5a8f83a5e309e5e985ad7c839b953db,2024-08-08T08:14:43Z,2024-08-09T07:43:12Z,2024-08-09T07:38:58Z,2024-08-09T07:38:58Z,4bf5a395a5a8f83a5e309e5e985ad7c839b953db,mysql-cdc-connector;base;reviewed;approved,flink-cdc-connect/flink-cdc-source-connectors/flink-cdc-base/src/main/java/org/apache/flink/cdc/connectors/base/source/assigner/SnapshotSplitAssigner.java;flink-cdc-connect/flink-cdc-source-connectors/flink-connector-mysql-cdc/src/main/java/org/apache/flink/cdc/connectors/mysql/source/assigners/MySqlSnapshotSplitAssigner.java;flink-cdc-connect/flink-cdc-source-connectors/flink-connector-mysql-cdc/src/test/java/org/apache/flink/cdc/connectors/mysql/source/assigners/MySqlSnapshotSplitAssignerTest.java,6,209,37,209,1,72,13,72,4,96,18,96,122,363,1,4,1,41,6,41
FLINK-35865,SQL Server,,,,Flink CDC,3.1.1,3.2.0,Flink,1.18.1,,,崩溃故障,,2024/7/18 11:29,2024/7/23 02:46,c5f391cf6a032333f398038cf96b11a0354bf3c3,2024-07-18T11:42:12Z,2024-07-23T02:46:18Z,2024-07-23T02:46:18Z,2024-07-23T02:46:18Z,c5f391cf6a032333f398038cf96b11a0354bf3c3,composer;base;oracle-cdc-connector;reviewed;approved,flink-cdc-composer/src/main/java/org/apache/flink/cdc/composer/flink/FlinkEnvironmentUtils.java;flink-cdc-connect/flink-cdc-source-connectors/flink-cdc-base/src/main/java/org/apache/flink/cdc/connectors/base/utils/ObjectUtils.java;flink-cdc-connect/flink-cdc-source-connectors/flink-connector-oracle-cdc/src/main/java/org/apache/flink/cdc/connectors/oracle/source/assigner/splitter/OracleChunkSplitter.java,3,24,4,24,1,15,2,15,0,0,0,0,57,0,1,0,2,9,2,9
FLINK-35866,,,,,,,,,,,,,,,,,,,,,,,,,,,,,,,,,,,,,,,,,,,
FLINK-35875,MySQL,5.7/8.0,Doris,2.0.1,Flink CDC,3.0.1,,Flink,1.16.2,,,崩溃故障,,2024/7/23 06:44,,,,,,,,,,,,,,,,,,,,,,,,,,,,,
FLINK-35876,MySQL,5.7/8.0,Doris,1.18?,Flink CDC,3.1.0,,Flink,1.18.1,,,崩溃故障,,2024/7/23 07:46,,,,,,,,,,,,,,,,,,,,,,,,,,,,,
FLINK-35883,,,,,,,,,,,,,,,,,,,,,,,,,,,,,,,,,,,,,,,,,,,
FLINK-35889,MongoDB,3.6,,,Flink CDC,2.4.2,,Flink,1.14.6,,,逻辑故障（待复现）,数据丢失,2024/7/24 08:35,,,,,,,,,,,,,,,,,,,,,,,,,,,,,
FLINK-35890,PostgreSQL,,,,Flink CDC,3.1.1,,Flink,,,,崩溃故障,,2024/7/24 08:47,,,,,,,,,,,,,,,,,,,,,,,,,,,,,
FLINK-35906,PostgreSQL,14.0/15.0/16.0,,,Flink CDC,3.0.1,,Flink,,,,逻辑故障,数据变更,2024/7/28 12:35,,,,,,,,,,,,,,,,,,,,,,,,,,,,,
FLINK-35912,SQL Server,,,,Flink CDC,3.1.0,,Flink,1.18.1,,,崩溃故障,,2024/7/29 04:05,2024/8/6 09:43,f6d1d4810af34354da262402c3871c7db3d1a414,2024-07-26T04:24:53Z,2024-08-06T09:43:09Z,2024-08-06T09:43:09Z,2024-08-06T09:43:09Z,f6d1d4810af34354da262402c3871c7db3d1a414,base;oracle-cdc-connector;sqlserver-cdc-connector;reviewed;approved,flink-cdc-connect/flink-cdc-source-connectors/flink-cdc-base/src/main/java/org/apache/flink/cdc/connectors/base/source/assigner/splitter/JdbcSourceChunkSplitter.java;flink-cdc-connect/flink-cdc-source-connectors/flink-connector-oracle-cdc/src/main/java/org/apache/flink/cdc/connectors/oracle/source/assigner/splitter/OracleChunkSplitter.java;flink-cdc-connect/flink-cdc-source-connectors/flink-connector-sqlserver-cdc/src/main/java/org/apache/flink/cdc/connectors/sqlserver/source/dialect/SqlServerChunkSplitter.java;flink-cdc-connect/flink-cdc-source-connectors/flink-connector-sqlserver-cdc/src/main/java/org/apache/flink/cdc/connectors/sqlserver/source/utils/SqlServerTypeUtils.java;flink-cdc-connect/flink-cdc-source-connectors/flink-connector-sqlserver-cdc/src/main/java/org/apache/flink/cdc/connectors/sqlserver/source/utils/SqlServerUtils.java;flink-cdc-connect/flink-cdc-source-connectors/flink-connector-sqlserver-cdc/src/test/java/org/apache/flink/cdc/connectors/sqlserver/source/utils/SQLServerUUIDComparatorTest.java,18,2137,292,2137,7,873,138,873,7,831,99,831,70,641,7,7,4,433,55,433
FLINK-35913,,,,,Flink CDC,3.1.0,,Flink,1.18.1,,,潜在故障（告警）,,2024/7/29 04:32,,,,,,,,,,,,,,,,,,,,,,,,,,,,,
FLINK-35917,MySQL,5.7,,,Flink CDC,3.1.1,,Flink,1.15,,,崩溃故障,,2024/7/29 08:20,,,,,,,,,,,,,,,,,,,,,,,,,,,,,
FLINK-35936,MySQL,,,,Flink CDC,3.2.0,,Flink,1.19,,,逻辑故障,结构变化,2024/7/31 02:27,,,,,,,,,,,,,,,,,,,,,,,,,,,,,
FLINK-35938,,,Paimon,,Flink CDC,3.1.0,3.2.0,Flink,1.18.1,,,逻辑故障,数据变更,2024/7/31 11:56,2024/8/12 02:27,3bb1f3ca45e58e4489cc7a03ef928de40895d138,2024-08-01T03:31:47Z,2024-08-12T02:45:56Z,2024-08-12T02:27:20Z,2024-08-12T02:27:19Z,3bb1f3ca45e58e4489cc7a03ef928de40895d138,paimon-pipeline-connector;reviewed;approved,flink-cdc-connect/flink-cdc-pipeline-connectors/flink-cdc-pipeline-connector-paimon/src/main/java/org/apache/flink/cdc/connectors/paimon/sink/v2/PaimonCommitter.java,1,36,6,38,0,0,0,0,0,0,0,0,84,49,0,0,1,36,6,38
FLINK-35951,,,,,Flink CDC,3.0.0,,Flink,1.18.1,,,崩溃故障,,2024/8/1 07:12,,,,,,,,,,,,,,,,,,,,,,,,,,,,,
FLINK-35967,,,,,Flink CDC,3.1.0,,Flink,1.18.1,,,潜在故障,,2024/8/2 10:01,,,,,,,,,,,,,,,,,,,,,,,,,,,,,
FLINK-35971,PostgreSQL,10.23,,,Flink CDC,2.4.1,,Flink,1.14.0,,,逻辑故障（待复现）,数据变更,2024/8/4 04:59,,,,,,,,,,,,,,,,,,,,,,,,,,,,,
FLINK-35980,,,,,Flink CDC,3.2.0,3.2.1/3.3.0,Flink,1.18.1,,,潜在故障,,2024/8/6 01:10,2024/11/7 09:58,d620c5805e264f4e9c3cc540d1ae7005bfb45808,,,,,,,,,,,,,,,,,,,,,,,,,,,
FLINK-35981,,,,,Flink CDC,3.1.1,3.2.0,Flink,1.18.1,,,崩溃故障（待复现）,,2024/8/6 02:25,2024/8/9 16:01,84ef9d5daa78412b3f2f4dc087e8ea2e4be93b7c,2024-08-07T10:31:45Z,2024-08-09T16:01:36Z,2024-08-09T16:01:36Z,2024-08-09T16:01:36Z,84ef9d5daa78412b3f2f4dc087e8ea2e4be93b7c,runtime;reviewed;approved,flink-cdc-runtime/src/main/java/org/apache/flink/cdc/runtime/operators/transform/ProjectionColumnProcessor.java;flink-cdc-runtime/src/main/java/org/apache/flink/cdc/runtime/operators/transform/TransformFilterProcessor.java;flink-cdc-runtime/src/test/java/org/apache/flink/cdc/runtime/operators/transform/PostTransformOperatorTest.java,8,555,97,555,3,226,38,226,2,114,21,114,85,577,3,2,3,215,38,215
FLINK-35983,,,,,Flink CDC,3.1.1,,Flink,1.18.1,,,潜在故障,,2024/8/6 03:24,,,,,,,,,,,,,,,,,,,,,,,,,,,,,
FLINK-35984,,,,,Flink CDC,3.2.0,,Flink,1.18.1,,,潜在故障,,2024/8/6 05:44,2024/8/12 06:34,17d21a957a4e73648788c5abe493bf7be6b63a5b,2024-08-09T14:33:58Z,2024-08-12T06:34:11Z,2024-08-12T06:34:10Z,2024-08-12T06:34:10Z,17d21a957a4e73648788c5abe493bf7be6b63a5b,runtime;reviewed;approved,flink-cdc-runtime/src/main/java/org/apache/flink/cdc/runtime/operators/transform/ProjectionColumnProcessor.java;flink-cdc-runtime/src/main/java/org/apache/flink/cdc/runtime/parser/TransformParser.java;flink-cdc-runtime/src/test/java/org/apache/flink/cdc/runtime/operators/transform/UnifiedTransformOperatorTest.java,9,319,43,319,1,12,2,12,5,206,23,206,95,627,1,5,3,101,18,101
FLINK-35986,,,,,Flink CDC,3.2.0,,Flink,1.18.1,,,崩溃故障,,2024/8/6 06:01,,,,,,,,,,,,,,,,,,,,,,,,,,,,,
FLINK-35991,,,,,Flink CDC,3.1.1,,Flink,1.18.1,,,崩溃故障,,2024/8/7 04:08,2024/8/7 04:08,2885d12f576271452c62947a7b7084e66d9be98e,2024-08-07T04:11:28Z,2024-08-12T10:39:02Z,2024-08-12T10:39:02Z,2024-08-12T10:39:02Z,104209558a30dc12d300bc23009cf59be105671c,runtime;reviewed;approved,flink-cdc-runtime/pom.xml;flink-cdc-runtime/src/main/java/org/apache/flink/cdc/runtime/functions/BuiltInScalarFunction.java;flink-cdc-runtime/src/main/java/org/apache/flink/cdc/runtime/parser/TransformParser.java;flink-cdc-runtime/src/main/java/org/apache/flink/cdc/runtime/parser/metadata/TransformSqlOperatorTable.java;flink-cdc-runtime/src/test/java/org/apache/flink/cdc/runtime/operators/schema/SchemaEvolveTest.java;flink-cdc-runtime/src/test/java/org/apache/flink/cdc/runtime/parser/TransformParserTest.java,3,85,15,89,2,32,5,32,0,0,0,0,88,485,2,0,1,53,10,57
FLINK-35995,PostgreSQL,,,,Flink CDC,,,,,,,,,,,,,,,,,,,,,,,,,,,,,,,,,,,,,,
FLINK-36005,PostgreSQL,,,,Flink CDC,3.1.1,,Flink,1.18.1,,,崩溃故障,,2024/8/8 06:39,,,,,,,,,,,,,,,,,,,,,,,,,,,,,
FLINK-36006,,,,,Flink CDC,3.1.1,,Flink,1.18.1,,,,,2024/8/8 07:34,,,,,,,,,,,,,,,,,,,,,,,,,,,,,
FLINK-36040,MySQL,,StarRocks,,Flink CDC,3.1.1,,Flink,1.18.1,,,崩溃故障（待复现）,,2024/8/13 03:17,,,,,,,,,,,,,,,,,,,,,,,,,,,,,
FLINK-36042,MySQL,,StarRocks,,Flink CDC,3.1.1,,Flink,1.18.1,,,逻辑故障（待复现）,结构变化,2024/8/13 03:40,,,,,,,,,,,,,,,,,,,,,,,,,,,,,
FLINK-36044,,,,,Flink CDC,2.4.0,,Flink,1.18.1,,,,,2024/8/13 10:51,,,,,,,,,,,,,,,,,,,,,,,,,,,,,
FLINK-36056,,,ElasticSearch,,Flink CDC,3.1.1,3.2.0,Flink,1.18.1,,,潜在故障,,2024/8/14 07:03,2024/8/14 10:06,ab64eb3b574ebbeb81cf6b6500acbd211eea39ab,,,,,,,,,,,,,,,,,,,,,,,,,,,
FLINK-36081,MySQL,,,,Flink CDC,3.1.1,3.2.0/3.3.0,Flink,1.17,,,逻辑故障（待复现）,结构变化,2024/8/18 02:00,2024/8/21 10:40,77c63385d947f3bb8e726561a7f01cd383941a96,2024-08-18T02:53:32Z,2024-08-21T02:40:18Z,2024-08-21T02:40:17Z,2024-08-21T02:40:17Z,77c63385d947f3bb8e726561a7f01cd383941a96,mysql-cdc-connector;reviewed;approved,flink-cdc-connect/flink-cdc-source-connectors/flink-connector-mysql-cdc/src/main/java/org/apache/flink/cdc/connectors/mysql/source/split/MySqlBinlogSplit.java;flink-cdc-connect/flink-cdc-source-connectors/flink-connector-mysql-cdc/src/test/java/org/apache/flink/cdc/connectors/mysql/source/split/MySqlBinlogSplitTest.java,4,267,21,267,0,0,0,0,3,263,20,263,110,1170,0,3,1,4,1,4
FLINK-36082,MySQL,,Kafka,,Flink CDC,3.2.0-SNAPSHOT,3.2.0,Flink,1.18.1,,,崩溃故障,,2024/8/18 03:46,2024/8/19 21:20,0470fdbbc13a4281083488274e891a74cc8e81a8,2024-08-18T06:19:10Z,2024-08-19T13:20:01Z,2024-08-19T13:20:01Z,2024-08-19T13:20:01Z,0470fdbbc13a4281083488274e891a74cc8e81a8,kafka-pipeline-connector;reviewed;approved,flink-cdc-connect/flink-cdc-pipeline-connectors/flink-cdc-pipeline-connector-kafka/src/main/java/org/apache/flink/cdc/connectors/kafka/sink/KafkaDataSink.java;flink-cdc-connect/flink-cdc-pipeline-connectors/flink-cdc-pipeline-connector-kafka/src/main/java/org/apache/flink/cdc/connectors/kafka/sink/KafkaMetaDataApplier.java,2,92,15,92,1,55,9,55,0,0,0,0,88,25,1,0,1,37,6,37
FLINK-36086,SQL Server,,,,Flink CDC,3.3.0,3.4.0,Flink,1.18.1,,,逻辑故障,数据丢失,2024/8/18 20:55,2025/2/22 10:03,"12890f8bdb768627aa6467afb9a902bb685f946b,1a68e2cc83973a99a79b9a7a9121b9b17d2448d3,e7964b160c1df3861571ba2199ba04d91d887ff2",2025-01-21T09:15:27Z,2025-02-22T07:04:55Z,2025-02-22T07:04:55Z,2025-02-22T07:04:55Z,e7964b160c1df3861571ba2199ba04d91d887ff2,base;sqlserver-cdc-connector;reviewed;approved,flink-cdc-connect/flink-cdc-source-connectors/flink-cdc-base/src/main/java/org/apache/flink/cdc/connectors/base/source/assigner/HybridSplitAssigner.java;flink-cdc-connect/flink-cdc-source-connectors/flink-cdc-base/src/main/java/org/apache/flink/cdc/connectors/base/source/meta/offset/OffsetDeserializerSerializer.java;flink-cdc-connect/flink-cdc-source-connectors/flink-cdc-base/src/main/java/org/apache/flink/cdc/connectors/base/source/meta/split/SourceSplitSerializer.java;flink-cdc-connect/flink-cdc-source-connectors/flink-cdc-base/src/main/java/org/apache/flink/cdc/connectors/base/source/meta/split/StreamSplit.java;flink-cdc-connect/flink-cdc-source-connectors/flink-connector-sqlserver-cdc/pom.xml;flink-cdc-connect/flink-cdc-source-connectors/flink-connector-sqlserver-cdc/src/main/java/io/debezium/connector/sqlserver/SqlServerOffsetContext.java;flink-cdc-connect/flink-cdc-source-connectors/flink-connector-sqlserver-cdc/src/main/java/org/apache/flink/cdc/connectors/sqlserver/source/offset/LsnFactory.java;flink-cdc-connect/flink-cdc-source-connectors/flink-connector-sqlserver-cdc/src/main/java/org/apache/flink/cdc/connectors/sqlserver/source/offset/LsnOffset.java;flink-cdc-connect/flink-cdc-source-connectors/flink-connector-sqlserver-cdc/src/main/java/org/apache/flink/cdc/connectors/sqlserver/source/reader/fetch/SqlServerStreamFetchTask.java;flink-cdc-connect/flink-cdc-source-connectors/flink-connector-sqlserver-cdc/src/test/java/org/apache/flink/cdc/connectors/sqlserver/SqlServerTestBase.java;flink-cdc-connect/flink-cdc-source-connectors/flink-connector-sqlserver-cdc/src/test/java/org/apache/flink/cdc/connectors/sqlserver/source/reader/SqlserverSourceReaderTest.java;flink-cdc-connect/flink-cdc-source-connectors/flink-connector-sqlserver-cdc/src/test/java/org/apache/flink/cdc/connectors/sqlserver/source/reader/fetch/SqlServerScanFetchTaskTest.java,10,4355,722,4368,6,3321,547,3334,2,708,114,708,70,90,6,2,2,326,61,326
FLINK-36088,,,,,Flink CDC,3.2.0-SNAPSHOT,3.2.0,Flink,1.18.1,,,逻辑故障,,2024/8/19 02:09,2024/8/19 16:50,7f08c6caba082915b9684ea384363f1df85dab8d,2024-08-19T02:19:42Z,2024-08-19T16:50:23Z,2024-08-19T16:50:23Z,2024-08-19T16:50:23Z,7f08c6caba082915b9684ea384363f1df85dab8d,paimon-pipeline-connector;reviewed;approved,flink-cdc-connect/flink-cdc-pipeline-connectors/flink-cdc-pipeline-connector-paimon/src/main/java/org/apache/flink/cdc/connectors/paimon/sink/v2/bucket/BucketAssignOperator.java,2,92,14,92,1,56,8,56,0,0,0,0,91,205,1,0,1,36,6,36
FLINK-36105,,,,,Flink CDC,3.2.0-SNAPSHOT,3.2.1/3.3.0,Flink,1.20.0,,,崩溃故障,,2024/8/20 06:08,2024/11/7 10:13,5d58769fe8058242123614cd9729d6660f8f4d81,2024-08-22T03:47:03Z,2024-11-07T10:13:42Z,2024-11-07T10:13:42Z,2024-11-07T10:13:42Z,5d58769fe8058242123614cd9729d6660f8f4d81,build;cli;reviewed;approved,.github/workflows/flink_cdc_migration_test.yml;flink-cdc-cli/src/main/java/org/apache/flink/cdc/cli/CliFrontend.java;flink-cdc-cli/src/main/java/org/apache/flink/cdc/cli/utils/ConfigurationUtils.java,2,18,3,18,1,13,2,13,0,0,0,0,67,405,1,0,1,5,1,5
FLINK-36111,,,Paimon,,Flink CDC,3.2.0-SNAPSHOT,3.3.1,Flink,1.18.1,,,潜在故障,,2024/8/20 09:47,2024/8/20 16:12,aedccb698e318d8bef58a40df1666d2c051ee554,2024-08-20T09:52:05Z,2024-08-20T16:12:55Z,2024-08-20T16:12:55Z,2024-08-20T16:12:55Z,aedccb698e318d8bef58a40df1666d2c051ee554,paimon-pipeline-connector,flink-cdc-connect/flink-cdc-pipeline-connectors/flink-cdc-pipeline-connector-paimon/src/main/java/org/apache/flink/cdc/connectors/paimon/sink/v2/MultiTableCommittableChannelComputer.java,2,82,15,82,1,43,8,43,0,0,0,0,79,238,1,0,1,39,7,39
FLINK-36114,,,,,Flink CDC,3.1.1,3.2.0,Flink,1.18.1,,,潜在故障,,2024/8/21 01:29,2024/8/22 11:19,ee843e2f246c300ecfeaf5cfd529693fadf2625f,2024-08-22T02:13:22Z,2024-08-22T11:19:22Z,2024-08-22T11:19:21Z,2024-08-22T11:19:21Z,ee843e2f246c300ecfeaf5cfd529693fadf2625f,runtime;e2e-tests;mysql-pipeline-connector;reviewed;approved,flink-cdc-connect/flink-cdc-pipeline-connectors/flink-cdc-pipeline-connector-mysql/src/main/java/org/apache/flink/cdc/connectors/mysql/source/reader/MySqlPipelineRecordEmitter.java;flink-cdc-connect/flink-cdc-pipeline-connectors/flink-cdc-pipeline-connector-mysql/src/test/java/org/apache/flink/cdc/connectors/mysql/source/MySqlFullTypesITCase.java;flink-cdc-connect/flink-cdc-pipeline-connectors/flink-cdc-pipeline-connector-mysql/src/test/java/org/apache/flink/cdc/connectors/mysql/source/MySqlPipelineITCase.java;flink-cdc-connect/flink-cdc-pipeline-connectors/flink-cdc-pipeline-connector-mysql/src/test/java/org/apache/flink/cdc/connectors/mysql/testutils/MySqSourceTestUtils.java;flink-cdc-e2e-tests/flink-cdc-pipeline-e2e-tests/src/test/java/org/apache/flink/cdc/pipeline/tests/MySqlToDorisE2eITCase.java;flink-cdc-e2e-tests/flink-cdc-pipeline-e2e-tests/src/test/java/org/apache/flink/cdc/pipeline/tests/MysqlE2eITCase.java;flink-cdc-e2e-tests/flink-cdc-pipeline-e2e-tests/src/test/java/org/apache/flink/cdc/pipeline/tests/RouteE2eITCase.java;flink-cdc-e2e-tests/flink-cdc-pipeline-e2e-tests/src/test/java/org/apache/flink/cdc/pipeline/tests/SchemaEvolveE2eITCase.java;flink-cdc-e2e-tests/flink-cdc-pipeline-e2e-tests/src/test/java/org/apache/flink/cdc/pipeline/tests/TransformE2eITCase.java;flink-cdc-e2e-tests/flink-cdc-pipeline-e2e-tests/src/test/java/org/apache/flink/cdc/pipeline/tests/UdfE2eITCase.java;flink-cdc-e2e-tests/flink-cdc-pipeline-e2e-tests/src/test/java/org/apache/flink/cdc/pipeline/tests/utils/PipelineTestEnvironment.java;flink-cdc-runtime/src/main/java/org/apache/flink/cdc/runtime/operators/schema/SchemaOperator.java;flink-cdc-runtime/src/main/java/org/apache/flink/cdc/runtime/operators/schema/coordinator/SchemaManager.java;flink-cdc-runtime/src/main/java/org/apache/flink/cdc/runtime/operators/schema/coordinator/SchemaRegistry.java;flink-cdc-runtime/src/main/java/org/apache/flink/cdc/runtime/operators/schema/coordinator/SchemaRegistryRequestHandler.java;flink-cdc-runtime/src/main/java/org/apache/flink/cdc/runtime/operators/schema/event/RefreshPendingListsRequest.java;flink-cdc-runtime/src/main/java/org/apache/flink/cdc/runtime/operators/schema/event/RefreshPendingListsResponse.java;flink-cdc-runtime/src/main/java/org/apache/flink/cdc/runtime/operators/schema/event/ReleaseUpstreamRequest.java;flink-cdc-runtime/src/main/java/org/apache/flink/cdc/runtime/operators/schema/event/SchemaChangeProcessingResponse.java;flink-cdc-runtime/src/main/java/org/apache/flink/cdc/runtime/operators/schema/event/SchemaChangeResponse.java;flink-cdc-runtime/src/main/java/org/apache/flink/cdc/runtime/operators/schema/event/SchemaChangeResultResponse.java;flink-cdc-runtime/src/test/java/org/apache/flink/cdc/runtime/testutils/operators/EventOperatorTestHarness.java,12,1352,192,1354,1,135,24,135,9,1078,145,1080,99,931,1,13,2,139,23,139
FLINK-36115,MySQL,,,,Flink CDC,3.2.0-SNAPSHOT,3.3.0,Flink,1.18.1,,,潜在故障（逻辑）,数据丢失,2024/8/21 02:06,2024/8/22 04:39,565032e3af66677cffd8a797de9af7c9f4490f57,2024-08-21T05:50:15Z,2024-08-23T09:50:14Z,2024-08-22T04:39:16Z,2024-08-22T04:39:16Z,565032e3af66677cffd8a797de9af7c9f4490f57,docs;mysql-pipeline-connector;reviewed;approved,docs/content.zh/docs/connectors/pipeline-connectors/mysql.md;docs/content/docs/connectors/pipeline-connectors/mysql.md;flink-cdc-connect/flink-cdc-pipeline-connectors/flink-cdc-pipeline-connector-mysql/src/main/java/org/apache/flink/cdc/connectors/mysql/factory/MySqlDataSourceFactory.java;flink-cdc-connect/flink-cdc-pipeline-connectors/flink-cdc-pipeline-connector-mysql/src/main/java/org/apache/flink/cdc/connectors/mysql/source/MySqlDataSourceOptions.java;flink-cdc-connect/flink-cdc-pipeline-connectors/flink-cdc-pipeline-connector-mysql/src/test/java/org/apache/flink/cdc/connectors/mysql/source/MysqlPipelineNewlyAddedTableITCase.java,6,515,64,517,1,82,16,82,4,429,47,431,94,68,1,4,1,4,1,4
FLINK-36128,,,,,Flink CDC,3.1.1,3.2.0/3.3.0,Flink,1.18.1,,,潜在故障,,2024/8/22 01:39,2024/8/26 09:46,2e938a92f5335515f7eb46077254aee25acd9107,2024-08-25T09:26:30Z,2024-08-26T09:57:38Z,2024-08-26T09:46:38Z,2024-08-26T09:46:38Z,2e938a92f5335515f7eb46077254aee25acd9107,composer;common;runtime;cli;e2e-tests;reviewed;approved,flink-cdc-cli/src/main/java/org/apache/flink/cdc/cli/parser/YamlPipelineDefinitionParser.java;flink-cdc-cli/src/test/java/org/apache/flink/cdc/cli/parser/YamlPipelineDefinitionParserTest.java;flink-cdc-common/src/main/java/org/apache/flink/cdc/common/event/SchemaChangeEventType.java;flink-cdc-common/src/main/java/org/apache/flink/cdc/common/pipeline/PipelineOptions.java;flink-cdc-common/src/main/java/org/apache/flink/cdc/common/utils/ChangeEventUtils.java;flink-cdc-common/src/test/java/org/apache/flink/cdc/common/utils/ChangeEventUtilsTest.java;flink-cdc-composer/src/test/java/org/apache/flink/cdc/composer/flink/FlinkPipelineComposerITCase.java;flink-cdc-composer/src/test/java/org/apache/flink/cdc/composer/flink/FlinkPipelineTransformITCase.java;flink-cdc-composer/src/test/java/org/apache/flink/cdc/composer/flink/FlinkPipelineUdfITCase.java;flink-cdc-e2e-tests/flink-cdc-pipeline-e2e-tests/src/test/java/org/apache/flink/cdc/pipeline/tests/MysqlE2eITCase.java;flink-cdc-e2e-tests/flink-cdc-pipeline-e2e-tests/src/test/java/org/apache/flink/cdc/pipeline/tests/SchemaEvolveE2eITCase.java;flink-cdc-e2e-tests/flink-cdc-pipeline-e2e-tests/src/test/java/org/apache/flink/cdc/pipeline/tests/SchemaEvolvingTransformE2eITCase.java;flink-cdc-e2e-tests/flink-cdc-pipeline-e2e-tests/src/test/java/org/apache/flink/cdc/pipeline/tests/TransformE2eITCase.java;flink-cdc-runtime/src/main/java/org/apache/flink/cdc/runtime/operators/schema/coordinator/SchemaRegistryRequestHandler.java;flink-cdc-runtime/src/main/java/org/apache/flink/cdc/runtime/partitioning/PrePartitionOperator.java,4,207,36,207,0,0,0,0,2,76,11,76,125,422,0,2,2,131,25,131
FLINK-36141,MySQL,,,,Flink CDC,3.1.0,,Flink,1.18.1,,,逻辑故障,数据变更,2024/8/23 03:08,,,,,,,,,,,,,,,,,,,,,,,,,,,,,
FLINK-36148,MySQL,,,,Flink CDC,3.2.0-SNAPSHOT,3.2.0,Flink,1.18.1,,,崩溃故障,,2024/8/24 03:20,2024/8/27 07:29,3c1517f70f728e1ef8a4b6bed942d87d66d874df,2024-08-24T03:33:07Z,2024-08-27T07:29:52Z,2024-08-27T07:29:52Z,2024-08-27T07:29:52Z,3c1517f70f728e1ef8a4b6bed942d87d66d874df,mysql-pipeline-connector;reviewed;approved,flink-cdc-connect/flink-cdc-pipeline-connectors/flink-cdc-pipeline-connector-mysql/src/main/java/org/apache/flink/cdc/connectors/mysql/source/parser/CustomAlterTableParserListener.java;flink-cdc-connect/flink-cdc-pipeline-connectors/flink-cdc-pipeline-connector-mysql/src/test/java/org/apache/flink/cdc/connectors/mysql/source/MySqlPipelineITCase.java;flink-cdc-connect/flink-cdc-pipeline-connectors/flink-cdc-pipeline-connector-mysql/src/test/java/org/apache/flink/cdc/connectors/mysql/source/MysqlPipelineNewlyAddedTableITCase.java,5,243,37,243,1,82,7,82,2,62,12,62,79,89,1,2,2,99,18,99
FLINK-36150,MySQL,,,,Flink CDC,3.1.1,3.2.0,Flink,1.18.1,,,逻辑故障,数据变更,2024/8/25 08:33,2024/8/27 16:33,afe9c3c0adb77594565b24c004daa6385d50d5fc,2024-08-25T09:14:36Z,2024-08-27T16:33:10Z,2024-08-27T16:33:10Z,2024-08-27T16:33:10Z,afe9c3c0adb77594565b24c004daa6385d50d5fc,mysql-cdc-connector;mysql-pipeline-connector;reviewed;approved,flink-cdc-connect/flink-cdc-pipeline-connectors/flink-cdc-pipeline-connector-mysql/src/main/java/org/apache/flink/cdc/connectors/mysql/factory/MySqlDataSourceFactory.java;flink-cdc-connect/flink-cdc-pipeline-connectors/flink-cdc-pipeline-connector-mysql/src/main/java/org/apache/flink/cdc/connectors/mysql/source/reader/MySqlPipelineRecordEmitter.java;flink-cdc-connect/flink-cdc-pipeline-connectors/flink-cdc-pipeline-connector-mysql/src/test/java/org/apache/flink/cdc/connectors/mysql/source/MySqlDataSourceFactoryTest.java;flink-cdc-connect/flink-cdc-pipeline-connectors/flink-cdc-pipeline-connector-mysql/src/test/java/org/apache/flink/cdc/connectors/mysql/source/MysqlPipelineNewlyAddedTableITCase.java;flink-cdc-connect/flink-cdc-source-connectors/flink-connector-mysql-cdc/src/main/java/org/apache/flink/cdc/connectors/mysql/debezium/DebeziumUtils.java;flink-cdc-connect/flink-cdc-source-connectors/flink-connector-mysql-cdc/src/main/java/org/apache/flink/cdc/connectors/mysql/debezium/reader/BinlogSplitReader.java;flink-cdc-connect/flink-cdc-source-connectors/flink-connector-mysql-cdc/src/main/java/org/apache/flink/cdc/connectors/mysql/schema/Selectors.java;flink-cdc-connect/flink-cdc-source-connectors/flink-connector-mysql-cdc/src/main/java/org/apache/flink/cdc/connectors/mysql/source/assigners/MySqlSnapshotSplitAssigner.java;flink-cdc-connect/flink-cdc-source-connectors/flink-connector-mysql-cdc/src/main/java/org/apache/flink/cdc/connectors/mysql/source/config/MySqlSourceConfig.java;flink-cdc-connect/flink-cdc-source-connectors/flink-connector-mysql-cdc/src/main/java/org/apache/flink/cdc/connectors/mysql/source/config/MySqlSourceConfigFactory.java;flink-cdc-connect/flink-cdc-source-connectors/flink-connector-mysql-cdc/src/main/java/org/apache/flink/cdc/connectors/mysql/source/reader/MySqlSourceReader.java;flink-cdc-connect/flink-cdc-source-connectors/flink-connector-mysql-cdc/src/main/java/org/apache/flink/cdc/connectors/mysql/source/utils/TableDiscoveryUtils.java,6,1254,153,1254,1,234,22,234,4,942,116,942,119,180,1,4,1,78,15,78
FLINK-36153,MySQL,,,,Flink CDC,3.3-SNAPSHOT,,Flink,1.18.1,,,崩溃故障,,2024/8/26 01:31,,,,,,,,,,,,,,,,,,,,,,,,,,,,,
FLINK-36183,,,,,Flink CDC,3.3-SNAPSHOT,3.2.0/3.3.0,Flink,1.18.1,,,崩溃故障,,2024/8/30 01:58,2024/8/30 08:03,73977c127b867a6412d176dd21323d7845a0b6fe,2024-08-29T04:14:57Z,2024-08-30T08:03:18Z,2024-08-30T08:03:18Z,2024-08-30T08:03:18Z,73977c127b867a6412d176dd21323d7845a0b6fe,composer;runtime;e2e-tests;reviewed;approved,flink-cdc-composer/src/test/java/org/apache/flink/cdc/composer/flink/FlinkPipelineComposerLenientITCase.java;flink-cdc-e2e-tests/flink-cdc-pipeline-e2e-tests/src/test/java/org/apache/flink/cdc/pipeline/tests/SchemaEvolveE2eITCase.java;flink-cdc-runtime/src/main/java/org/apache/flink/cdc/runtime/operators/schema/coordinator/SchemaRegistryRequestHandler.java,1,43,6,43,0,0,0,0,0,0,0,0,68,1297,0,0,1,43,6,43
FLINK-36184,,,,,Flink CDC,3.3-SNAPSHOT,3.2.0/3.3.0,Flink,1.18.1,,,逻辑故障,数据丢失,2024/8/30 01:59,2024/8/30 03:41,06fc9395693a78318bc3b42b76088e6d3201b79f,2024-08-29T09:15:43Z,2024-08-30T03:41:05Z,2024-08-30T03:41:05Z,2024-08-30T03:41:05Z,06fc9395693a78318bc3b42b76088e6d3201b79f,runtime;e2e-tests;reviewed;approved,flink-cdc-e2e-tests/flink-cdc-pipeline-e2e-tests/src/test/java/org/apache/flink/cdc/pipeline/tests/SchemaEvolveE2eITCase.java;flink-cdc-runtime/src/main/java/org/apache/flink/cdc/runtime/operators/transform/PostTransformOperator.java;flink-cdc-runtime/src/main/java/org/apache/flink/cdc/runtime/operators/transform/PreTransformOperator.java,2,23,3,23,1,18,2,18,0,0,0,0,114,1188,1,0,1,5,1,5
FLINK-36223,SQL Server,2019,,,Flink CDC,3.1.1,,Flink,1.18.1,,,崩溃故障,,2024/9/5 06:31,,,,,,,,,,,,,,,,,,,,,,,,,,,,,
FLINK-36247,MySQL,,,,Flink CDC,3.2.0,3.2.1/3.3.0,Flink,1.18.1,,,潜在故障（待确认）,,2024/9/10 10:08,2024/11/8 05:46,d5f1b9ace82f91bbf16aa8ec56a29b7fb0456c0b,2024-09-10T10:27:26Z,2024-11-08T05:46:51Z,2024-11-08T05:46:51Z,2024-11-08T05:46:51Z,d5f1b9ace82f91bbf16aa8ec56a29b7fb0456c0b,mysql-cdc-connector;reviewed;approved,flink-cdc-connect/flink-cdc-source-connectors/flink-connector-mysql-cdc/src/main/java/org/apache/flink/cdc/connectors/mysql/source/utils/StatementUtils.java,3,77,13,77,1,17,2,17,0,0,0,0,87,123,1,0,2,60,11,60
FLINK-36282,MySQL,,,,Flink CDC,3.2.0,3.3.0,Flink,1.18.1,,,逻辑故障（待确认）,结构变化,2024/9/14 05:48,2025/1/17 02:43,"9ad071c1fa0f5874474dff58f6726ff212460d6f, bbef6213a6759b8049e2f11888ef38aaabe71cf1",2025-01-16T11:54:58Z,2025-01-17T02:43:28Z,2025-01-17T02:43:27Z,2025-01-17T02:43:27Z,bbef6213a6759b8049e2f11888ef38aaabe71cf1,mysql-pipeline-connector;reviewed;approved,flink-cdc-connect/flink-cdc-pipeline-connectors/flink-cdc-pipeline-connector-mysql/src/main/java/org/apache/flink/cdc/connectors/mysql/factory/MySqlDataSourceFactory.java;flink-cdc-connect/flink-cdc-pipeline-connectors/flink-cdc-pipeline-connector-mysql/src/test/java/org/apache/flink/cdc/connectors/mysql/source/MySqlDataSourceFactoryTest.java,3,121,25,121,0,0,0,0,1,43,9,43,120,57,0,1,2,78,16,78
FLINK-36285,,,Doris,,Flink CDC,3.2.0,,Flink,1.18.1,,,崩溃故障,,2024/9/15 09:56,2024/11/14 08:43,8e6c361f961966c25c9c34ffecdfc87cf2b599a3,2024-11-07T01:47:04Z,2024-11-14T08:43:40Z,2024-11-14T08:43:39Z,2024-11-14T08:43:39Z,8e6c361f961966c25c9c34ffecdfc87cf2b599a3,build;doris-pipeline-connector;reviewed;approved,flink-cdc-connect/flink-cdc-pipeline-connectors/flink-cdc-pipeline-connector-doris/pom.xml;flink-cdc-connect/flink-cdc-pipeline-connectors/flink-cdc-pipeline-connector-doris/src/test/java/org/apache/flink/cdc/connectors/doris/sink/DorisMetadataApplierITCase.java;flink-cdc-connect/flink-cdc-pipeline-connectors/flink-cdc-pipeline-connector-doris/src/test/java/org/apache/flink/cdc/connectors/doris/sink/DorisPipelineITCase.java;tools/ci/license_check.rb,2,57,9,59,1,21,3,21,0,0,0,0,84,269,1,0,1,36,6,38
FLINK-36309,,,Paimon,,Flink CDC,3.2.0,,Flink,1.18.0,,,崩溃故障（待确认）,,2024/9/18 06:03,,,,,,,,,,,,,,,,,,,,,,,,,,,,,
FLINK-36326,MySQL,,Doris,,Flink CDC,3.2.0,3.2.1/3.3.0,Flink,1.18.1,,,崩溃故障,,2024/9/19 09:56,2024/10/23 07:35,d5f549f91f1bbdb4adc218e78b1a2e4446a477e1,2024-09-19T11:26:26Z,2024-10-23T07:35:19Z,2024-10-23T07:35:19Z,2024-10-23T07:35:19Z,d5f549f91f1bbdb4adc218e78b1a2e4446a477e1,mysql-cdc-connector;reviewed;approved,flink-cdc-connect/flink-cdc-source-connectors/flink-connector-mysql-cdc/src/main/java/org/apache/flink/cdc/connectors/mysql/source/enumerator/MySqlSourceEnumerator.java;flink-cdc-connect/flink-cdc-source-connectors/flink-connector-mysql-cdc/src/test/java/org/apache/flink/cdc/connectors/mysql/source/NewlyAddedTableITCase.java,3,129,19,129,2,124,18,124,0,0,0,0,59,154,2,0,1,5,1,5
FLINK-36347,MySQL,,,,Flink CDC,3.2.0,,Flink,1.18.1,,,,,2024/9/22 09:01,,,,,,,,,,,,,,,,,,,,,,,,,,,,,
FLINK-36365,MySQL,8.0.27,,,Flink CDC,3.2.0,,Flink,1.15.2,,,崩溃故障,,2024/9/25 06:31,,,,,,,,,,,,,,,,,,,,,,,,,,,,,
FLINK-36375,,,,,Flink CDC,3.2.0,3.2.1/3.3.0,Flink,1.18.1,,,逻辑故障（待确认）,结构变化,2024/9/26 04:45,2024/11/11 09:41,8647fe4986a6f4de82021c1e1646f1bc5886bfb4,2024-09-26T05:16:37Z,2024-11-19T07:39:10Z,2024-11-11T09:41:43Z,2024-11-11T09:41:43Z,8647fe4986a6f4de82021c1e1646f1bc5886bfb4,values-pipeline-connector;composer;runtime;reviewed;approved,flink-cdc-composer/src/test/java/org/apache/flink/cdc/composer/flink/FlinkPipelineComposerLenientITCase.java;flink-cdc-connect/flink-cdc-pipeline-connectors/flink-cdc-pipeline-connector-values/src/main/java/org/apache/flink/cdc/connectors/values/source/ValuesDataSourceHelper.java;flink-cdc-connect/flink-cdc-pipeline-connectors/flink-cdc-pipeline-connector-values/src/main/java/org/apache/flink/cdc/connectors/values/source/ValuesDataSourceOptions.java;flink-cdc-runtime/src/main/java/org/apache/flink/cdc/runtime/operators/schema/coordinator/SchemaRegistryRequestHandler.java;flink-cdc-runtime/src/test/java/org/apache/flink/cdc/runtime/operators/schema/coordinator/SchemaDerivationTest.java;flink-cdc-runtime/src/test/java/org/apache/flink/cdc/runtime/operators/schema/coordinator/SchemaManagerTest.java,12,1194,168,1194,5,391,61,391,4,316,32,316,87,159,5,4,3,487,75,487
FLINK-36397,MySQL,,,,Flink CDC,3.2.0,,,,,,逻辑故障,数据丢失,2024/9/27 07:18,,,,,,,,,,,,,,,,,,,,,,,,,,,,,
FLINK-36407,,,,,Flink CDC,3.2.0,3.2.1/3.3.0,Flink,1.18.1,,,崩溃故障（待确认）,挂起,2024/9/29 22:32,2024/11/10 14:01,e15bf6f04a31fbbf3ebeb4c3cb891f309df29d3c,2024-09-29T22:38:34Z,2024-11-11T06:22:32Z,2024-11-11T06:01:56Z,2024-11-11T06:01:56Z,e15bf6f04a31fbbf3ebeb4c3cb891f309df29d3c,runtime;reviewed;approved,flink-cdc-runtime/src/main/java/org/apache/flink/cdc/runtime/operators/schema/coordinator/SchemaRegistry.java,5,908,45,908,2,893,42,893,0,0,0,0,71,174,2,0,3,15,3,15
FLINK-36408,,,,,Flink CDC,3.2.0,3.2.1/3.3.0,Flink,1.18.1,,,逻辑故障（待确认）,数据变更,2024/9/30 03:27,2024/11/11 07:09,57a1a7df93a69dbbd37fe4e3e5e4146cbe1f9983,2024-09-30T03:31:25Z,2024-11-11T07:09:09Z,2024-11-11T07:09:09Z,2024-11-11T07:09:09Z,57a1a7df93a69dbbd37fe4e3e5e4146cbe1f9983,docs;mysql-pipeline-connector;reviewed;approved,docs/content.zh/docs/connectors/pipeline-connectors/mysql.md;docs/content/docs/connectors/pipeline-connectors/mysql.md;flink-cdc-connect/flink-cdc-pipeline-connectors/flink-cdc-pipeline-connector-mysql/src/main/java/org/apache/flink/cdc/connectors/mysql/utils/MySqlTypeUtils.java;flink-cdc-connect/flink-cdc-pipeline-connectors/flink-cdc-pipeline-connector-mysql/src/test/java/org/apache/flink/cdc/connectors/mysql/source/MySqlFullTypesITCase.java;flink-cdc-connect/flink-cdc-pipeline-connectors/flink-cdc-pipeline-connector-mysql/src/test/java/org/apache/flink/cdc/connectors/mysql/source/MySqlMetadataAccessorITCase.java;flink-cdc-connect/flink-cdc-pipeline-connectors/flink-cdc-pipeline-connector-mysql/src/test/resources/ddl/column_type_test.sql;flink-cdc-connect/flink-cdc-pipeline-connectors/flink-cdc-pipeline-connector-mysql/src/test/resources/ddl/column_type_test_mysql8.sql,6,200,33,200,2,85,12,85,2,106,19,106,84,316,2,2,2,9,2,9
FLINK-36414,MySQL,8.0.27,,,Flink CDC,3.2.0,,Flink,1.20.0,,,崩溃故障（待确认）,,2024/10/1 02:14,,,,,,,,,,,,,,,,,,,,,,,,,,,,,
FLINK-36453,,,,,Flink CDC,3.2.0,,Flink,1.18.1,,,潜在故障,,2024/10/9 10:26,,,,,,,,,,,,,,,,,,,,,,,,,,,,,
FLINK-36461,,,,,Flink CDC,3.2.0,3.2.1/3.3.0,Flink,1.18.1,,,崩溃故障,,2024/10/10 05:47,2024/11/12 11:53,b5ab385b8cbcd8888a63a895ff20d556ccb527ff,2024-10-10T08:21:32Z,2024-11-12T11:53:47Z,2024-11-12T11:53:47Z,2024-11-12T11:53:47Z,b5ab385b8cbcd8888a63a895ff20d556ccb527ff,composer;common;runtime;reviewed;approved,flink-cdc-common/src/main/java/org/apache/flink/cdc/common/utils/SchemaUtils.java;flink-cdc-composer/src/test/java/org/apache/flink/cdc/composer/flink/FlinkPipelineTransformITCase.java;flink-cdc-runtime/src/main/java/org/apache/flink/cdc/runtime/operators/transform/PostTransformOperator.java;flink-cdc-runtime/src/main/java/org/apache/flink/cdc/runtime/operators/transform/PreTransformOperator.java,4,168,26,168,0,0,0,0,2,135,20,135,69,3638,0,2,2,33,6,33
FLINK-36474,,,,,Flink CDC,3.2.0,3.2.1/3.3.0,Flink,1.18.1,,,潜在故障（待确认）,,2024/10/11 02:34,2024/11/6 11:53,84f97ed4c13ec073022968b83532bdbbce3944ae,2024-10-11T12:03:00Z,2024-11-06T11:53:49Z,2024-11-06T11:53:49Z,2024-11-06T11:53:49Z,84f97ed4c13ec073022968b83532bdbbce3944ae,composer;common;runtime;e2e-tests;doris-pipeline-connector;starrocks-pipeline-connector;reviewed;approved,flink-cdc-common/src/main/java/org/apache/flink/cdc/common/utils/SchemaUtils.java;flink-cdc-common/src/test/java/org/apache/flink/cdc/common/utils/SchemaUtilsTest.java;flink-cdc-composer/src/main/java/org/apache/flink/cdc/composer/flink/FlinkPipelineComposer.java;flink-cdc-composer/src/main/java/org/apache/flink/cdc/composer/flink/translator/SchemaOperatorTranslator.java;flink-cdc-composer/src/test/java/org/apache/flink/cdc/composer/flink/FlinkPipelineComposerITCase.java;flink-cdc-connect/flink-cdc-pipeline-connectors/flink-cdc-pipeline-connector-doris/src/test/java/org/apache/flink/cdc/connectors/doris/sink/DorisMetadataApplierITCase.java;flink-cdc-connect/flink-cdc-pipeline-connectors/flink-cdc-pipeline-connector-starrocks/src/test/java/org/apache/flink/cdc/connectors/starrocks/sink/StarRocksMetadataApplierITCase.java;flink-cdc-e2e-tests/flink-cdc-pipeline-e2e-tests/src/test/java/org/apache/flink/cdc/pipeline/tests/SchemaEvolveE2eITCase.java;flink-cdc-e2e-tests/flink-cdc-pipeline-e2e-tests/src/test/java/org/apache/flink/cdc/pipeline/tests/SchemaEvolvingTransformE2eITCase.java;flink-cdc-runtime/src/main/java/org/apache/flink/cdc/runtime/operators/schema/SchemaOperator.java;flink-cdc-runtime/src/main/java/org/apache/flink/cdc/runtime/operators/schema/SchemaOperatorFactory.java;flink-cdc-runtime/src/main/java/org/apache/flink/cdc/runtime/operators/schema/coordinator/SchemaDerivation.java;flink-cdc-runtime/src/test/java/org/apache/flink/cdc/runtime/operators/schema/coordinator/SchemaDerivationTest.java,9,535,90,537,2,118,18,118,4,394,68,394,60,753,2,4,3,23,4,25
FLINK-36509,MySQL,,Paimon,,Flink CDC,3.2.0,3.2.1/3.3.0,Flink,1.18.1,,,崩溃故障,,2024/10/11 03:46,2024/11/12 12:00,ae986ab3f607d788b4b82e2aabceb3e807a54139,2024-10-14T05:48:42Z,2024-11-12T12:08:08Z,2024-11-12T12:00:14Z,2024-11-12T12:00:14Z,ae986ab3f607d788b4b82e2aabceb3e807a54139,paimon-pipeline-connector;reviewed;approved,flink-cdc-connect/flink-cdc-pipeline-connectors/flink-cdc-pipeline-connector-paimon/src/main/java/org/apache/flink/cdc/connectors/paimon/sink/PaimonMetadataApplier.java;flink-cdc-connect/flink-cdc-pipeline-connectors/flink-cdc-pipeline-connector-paimon/src/test/java/org/apache/flink/cdc/connectors/paimon/sink/PaimonMetadataApplierTest.java,2,115,21,115,1,73,15,73,0,0,0,0,80,50,1,0,1,42,6,42
FLINK-36514,,,,,Flink CDC,3.2.0,3.3.0,Flink,1.18.1,,,逻辑故障（待确认）,,2024/10/12 03:25,2024/11/6 11:58,4df3d9272135103304d7413aea20bd3b9aafa2aa,2024-10-12T03:48:39Z,2024-11-06T11:58:11Z,2024-11-06T11:58:11Z,2024-11-06T11:58:10Z,4df3d9272135103304d7413aea20bd3b9aafa2aa,cli;reviewed;approved,flink-cdc-cli/src/main/java/org/apache/flink/cdc/cli/parser/YamlPipelineDefinitionParser.java;flink-cdc-cli/src/test/java/org/apache/flink/cdc/cli/parser/YamlPipelineDefinitionParserTest.java,2,7,2,7,0,0,0,0,0,0,0,0,73,1022,0,0,2,7,2,7
FLINK-36517,,,Paimon,,Flink CDC,3.2.0,3.2.1/3.3.0,Flink,1.18.0,,,逻辑故障,数据变更,2024/10/12 07:47,2024/11/11 11:57,ff77a490bd88d86952d47607f44a07163f5d8ced,2024-10-12T07:52:58Z,2025-01-09T12:28:28Z,2024-11-11T11:57:23Z,2024-11-11T11:57:23Z,ff77a490bd88d86952d47607f44a07163f5d8ced,paimon-pipeline-connector;reviewed;approved,flink-cdc-connect/flink-cdc-pipeline-connectors/flink-cdc-pipeline-connector-paimon/src/main/java/org/apache/flink/cdc/connectors/paimon/sink/v2/PaimonCommitter.java;flink-cdc-connect/flink-cdc-pipeline-connectors/flink-cdc-pipeline-connector-paimon/src/test/java/org/apache/flink/cdc/connectors/paimon/sink/v2/PaimonSinkITCase.java,14,1449,212,1449,7,664,104,664,4,615,77,615,103,181,7,4,3,170,31,170
FLINK-36520,MySQL,8.4,,,Flink CDC,3.2.0,,Flink,1.19.1,,,崩溃故障,,2024/10/12 14:21,,,,,,,,,,,,,,,,,,,,,,,,,,,,,
FLINK-36558,MySQL,8.0.17/8.0.18,,,Flink CDC,3.2.1,3.3.0,Flink,1.18.1,,,潜在故障,,2024/10/17 01:32,2024/12/17 06:37,dfbaf617e28f2a42d961a40f925bf2723e5b6f40,2024-10-17T02:09:32Z,2024-12-17T06:37:13Z,2024-12-17T06:37:13Z,2024-12-17T06:37:13Z,dfbaf617e28f2a42d961a40f925bf2723e5b6f40,mysql-cdc-connector;reviewed;Stale;approved,flink-cdc-connect/flink-cdc-source-connectors/flink-connector-mysql-cdc/src/main/java/com/github/shyiko/mysql/binlog/event/deserialization/ColumnType.java;flink-cdc-connect/flink-cdc-source-connectors/flink-connector-mysql-cdc/src/main/java/com/github/shyiko/mysql/binlog/event/deserialization/TableMapEventDataDeserializer.java;flink-cdc-connect/flink-cdc-source-connectors/flink-connector-mysql-cdc/src/test/java/org/apache/flink/cdc/connectors/mysql/table/MySqlJsonArrayAsKeyIndexITCase.java;flink-cdc-connect/flink-cdc-source-connectors/flink-connector-mysql-cdc/src/test/java/org/apache/flink/cdc/connectors/mysql/testutils/MySqlVersion.java;flink-cdc-connect/flink-cdc-source-connectors/flink-connector-mysql-cdc/src/test/resources/ddl/json_array_as_key.sql,3,313,55,313,1,168,31,168,0,0,0,0,82,894,1,0,2,145,24,145
FLINK-36560,MySQL,,Paimon,,Flink CDC,3.2.0,3.2.1/3.3.0,Flink,1.18.1,,,逻辑故障,数据变更,2024/10/17 09:18,2024/11/11 06:46,ecfee702dc91a1e039b1b6f3fc16fa50dfc1331c,2024-10-17T09:31:41Z,2024-11-11T06:46:50Z,2024-11-11T06:46:49Z,2024-11-11T06:46:49Z,ecfee702dc91a1e039b1b6f3fc16fa50dfc1331c,doris-pipeline-connector;starrocks-pipeline-connector;paimon-pipeline-connector;kafka-pipeline-connector;reviewed;approved,flink-cdc-connect/flink-cdc-pipeline-connectors/flink-cdc-pipeline-connector-doris/src/test/java/org/apache/flink/cdc/connectors/doris/sink/DorisPipelineITCase.java;flink-cdc-connect/flink-cdc-pipeline-connectors/flink-cdc-pipeline-connector-kafka/src/main/java/org/apache/flink/cdc/connectors/kafka/json/TableSchemaInfo.java;flink-cdc-connect/flink-cdc-pipeline-connectors/flink-cdc-pipeline-connector-kafka/src/test/java/org/apache/flink/cdc/connectors/kafka/json/TableSchemaInfoTest.java;flink-cdc-connect/flink-cdc-pipeline-connectors/flink-cdc-pipeline-connector-paimon/src/main/java/org/apache/flink/cdc/connectors/paimon/sink/v2/PaimonWriterHelper.java;flink-cdc-connect/flink-cdc-pipeline-connectors/flink-cdc-pipeline-connector-paimon/src/test/java/org/apache/flink/cdc/connectors/paimon/sink/v2/PaimonWriterHelperTest.java;flink-cdc-connect/flink-cdc-pipeline-connectors/flink-cdc-pipeline-connector-starrocks/src/main/java/org/apache/flink/cdc/connectors/starrocks/sink/StarRocksDataSinkFactory.java;flink-cdc-connect/flink-cdc-pipeline-connectors/flink-cdc-pipeline-connector-starrocks/src/test/java/org/apache/flink/cdc/connectors/starrocks/sink/StarRocksPipelineITCase.java,7,1901,135,1901,1,70,10,70,3,1430,82,1430,108,627,1,3,3,401,43,401
FLINK-36572,,,StarRocks,,Flink CDC,3.2.0,3.2.1/3.3.0,Flink,1.18.1,,,潜在故障,数据变更,2024/10/20 02:50,2024/11/11 05:55,be9b52750c7bb4835a7b8631ebdb17666aff6bb1,2024-10-20T02:59:56Z,2024-11-14T05:06:40Z,2024-11-11T05:55:03Z,2024-11-11T05:55:02Z,be9b52750c7bb4835a7b8631ebdb17666aff6bb1,starrocks-pipeline-connector;reviewed;approved,flink-cdc-connect/flink-cdc-pipeline-connectors/flink-cdc-pipeline-connector-starrocks/src/main/java/org/apache/flink/cdc/connectors/starrocks/sink/StarRocksDataSink.java;flink-cdc-connect/flink-cdc-pipeline-connectors/flink-cdc-pipeline-connector-starrocks/src/main/java/org/apache/flink/cdc/connectors/starrocks/sink/StarRocksDataSinkFactory.java;flink-cdc-connect/flink-cdc-pipeline-connectors/flink-cdc-pipeline-connector-starrocks/src/test/java/org/apache/flink/cdc/connectors/starrocks/sink/StarRocksDataSinkFactoryTest.java,8,582,83,582,6,501,71,501,0,0,0,0,98,0,6,0,2,81,12,81
FLINK-36580,MySQL,,,,Flink CDC,3.2.0,,Flink,1.18.1,,,逻辑故障（待复现）,结构变化,2024/10/22 07:42,,,,,,,,,,,,,,,,,,,,,,,,,,,,,
FLINK-36584,,,,,,,,,,,,,,2024/10/22 19:13,,,,,,,,,,,,,,,,,,,,,,,,,,,,,
FLINK-36596,,,,,Flink CDC,3.2.0,3.2.1/3.3.0,Flink,1.18.1,,,逻辑故障,结构变化,2024/10/24 07:22,2024/11/14 04:04,51c679a91408476bd64aeb8fa481298554ce9e19,2024-10-24T09:12:21Z,2024-11-14T04:04:55Z,2024-11-14T04:04:55Z,2024-11-14T04:04:55Z,51c679a91408476bd64aeb8fa481298554ce9e19,composer;runtime;reviewed;approved,flink-cdc-composer/src/test/java/org/apache/flink/cdc/composer/flink/FlinkPipelineTransformITCase.java;flink-cdc-runtime/src/main/java/org/apache/flink/cdc/runtime/parser/TransformParser.java,2,7,2,7,0,0,0,0,0,0,0,0,75,648,0,0,2,7,2,7
FLINK-36597,,,,,,,,,,,,,,2024/10/24 08:12,,,,,,,,,,,,,,,,,,,,,,,,,,,,,
FLINK-36614,MySQL,,,,Flink CDC,3.1.1,,Flink,1.18.1,,,,,2024/10/28 12:22,,,,,,,,,,,,,,,,,,,,,,,,,,,,,
FLINK-36619,MySQL,,,,Flink CDC,3.2.0,,Flink,1.18.1,,,逻辑故障,结构变化,2024/10/29 04:01,,,,,,,,,,,,,,,,,,,,,,,,,,,,,
FLINK-36632,MySQL,,Paimon,,Flink CDC,3.2.0,,Flink,1.19.0,,,逻辑故障（待复现）,数据丢失,2024/10/30 11:04,,,,,,,,,,,,,,,,,,,,,,,,,,,,,
FLINK-36636,,,,,Flink CDC,3.2.0,3.3.0,Flink,1.18.1,,,崩溃故障,,2024/10/31 08:12,2025/1/14 13:43,551bdf395daf33588f5df86dd8450d23a844128e,2024-10-31T12:58:15Z,2025-01-14T13:43:22Z,2025-01-14T13:43:22Z,2025-01-14T13:43:22Z,551bdf395daf33588f5df86dd8450d23a844128e,docs;runtime;reviewed;approved,docs/content.zh/docs/core-concept/transform.md;docs/content/docs/core-concept/transform.md;flink-cdc-runtime/src/main/java/org/apache/flink/cdc/runtime/functions/SystemFunctionUtils.java;flink-cdc-runtime/src/main/java/org/apache/flink/cdc/runtime/parser/JaninoCompiler.java;flink-cdc-runtime/src/test/java/org/apache/flink/cdc/runtime/operators/transform/PostTransformOperatorTest.java;flink-cdc-runtime/src/test/java/org/apache/flink/cdc/runtime/parser/TransformParserTest.java,23,2260,327,2264,9,743,117,747,10,1266,172,1266,79,1104,9,10,4,251,38,251
FLINK-36649,Oracle,,,,Flink CDC,3.2.0,3.2.1/3.3.0,Flink,1.18.1,,,崩溃故障,,2024/11/1 08:14,2024/11/8 06:57,7f6d9115ae5fec8a7d09d6a7ab4a2ec180e0b646,2024-11-01T08:26:52Z,2024-11-08T06:57:07Z,2024-11-08T06:57:06Z,2024-11-08T06:57:06Z,7f6d9115ae5fec8a7d09d6a7ab4a2ec180e0b646,oracle-cdc-connector;reviewed;approved,flink-cdc-connect/flink-cdc-source-connectors/flink-connector-oracle-cdc/src/main/java/io/debezium/connector/oracle/logminer/LogMinerStreamingChangeEventSource.java,4,655,97,657,3,650,96,652,0,0,0,0,79,4404,3,0,1,5,1,5
FLINK-36656,MySQL,,,,Flink CDC,3.2.0,3.2.1/3.3.0,Flink,1.18.1,,,逻辑故障（待复现）,结构变化,2024/11/4 09:21,2024/11/19 15:36,01a1e5fba55038529a1eaf7758f85d3972d8e0ea,2024-11-04T10:02:04Z,2024-11-20T07:53:31Z,2024-11-20T07:36:10Z,2024-11-20T07:36:10Z,01a1e5fba55038529a1eaf7758f85d3972d8e0ea,mysql-cdc-connector;reviewed;approved,flink-cdc-connect/flink-cdc-source-connectors/flink-connector-mysql-cdc/src/main/java/org/apache/flink/cdc/connectors/mysql/table/MySqlDeserializationConverterFactory.java;flink-cdc-connect/flink-cdc-source-connectors/flink-connector-mysql-cdc/src/test/java/org/apache/flink/cdc/connectors/mysql/table/MySqlConnectorITCase.java;flink-cdc-connect/flink-cdc-source-connectors/flink-connector-mysql-cdc/src/test/java/org/apache/flink/cdc/connectors/mysql/table/MySqlConnectorShardingTableITCase.java,2,76,13,76,0,0,0,0,1,71,12,71,103,166,0,1,1,5,1,5
FLINK-36676,SQL Server,,,,Flink CDC,3.2.0,,Flink,1.17,,,逻辑故障,数据丢失,2024/11/8 08:53,,,,,,,,,,,,,,,,,,,,,,,,,,,,,
FLINK-36681,MySQL,,,,Flink CDC,3.2.0,3.2.1/3.3.0,Flink,1.18.1,,,潜在故障,,2024/11/9 01:23,2024/11/12 11:35,ba74c7c45ff69ccb0052e9ae17972de4a4257ba0,2024-11-09T01:31:10Z,2024-11-14T05:03:39Z,2024-11-12T11:35:09Z,2024-11-12T11:35:09Z,ba74c7c45ff69ccb0052e9ae17972de4a4257ba0,docs;reviewed;approved,docs/content.zh/docs/connectors/flink-sources/mysql-cdc.md;docs/content/docs/connectors/flink-sources/mysql-cdc.md,4,204,29,204,3,202,28,202,0,0,0,0,106,0,3,0,1,2,1,2
FLINK-36682,,,,,Flink CDC,3.2.1,3.4.0,Flink,1.18.1,,,崩溃故障,,2024/11/9 02:37,2025/3/5 14:31,2c699860aa88c33a971b8c855904bfbe679f3a69,,,,,,,,,,,,,,,,,,,,,,,,,,,
FLINK-36690,,,,,Flink CDC,3.2.0,,Flink,1.18.1,,,崩溃故障,,2024/11/12 03:21,,,,,,,,,,,,,,,,,,,,,,,,,,,,,
FLINK-36697,,,Doris,,Flink CDC,3.2.0,,Flink,1.18.1,,,崩溃故障,,2024/11/13 01:36,,,,,,,,,,,,,,,,,,,,,,,,,,,,,
FLINK-36699,,,,,Flink CDC,3.2.0,3.3.0,Flink,1.18.1,,,逻辑故障（待确认）,数据丢失,2024/11/13 03:01,2024/11/13 07:07,d9ceee050bb1b6cf6bd8e2d285e22602a424d1c1,2024-11-11T08:52:44Z,2024-11-13T07:07:41Z,2024-11-13T07:07:41Z,2024-11-13T07:07:41Z,d9ceee050bb1b6cf6bd8e2d285e22602a424d1c1,common;reviewed;approved,flink-cdc-common/src/main/java/org/apache/flink/cdc/common/types/utils/DataTypeUtils.java;flink-cdc-common/src/test/java/org/apache/flink/cdc/common/types/utils/DataTypeUtilsTest.java,1,5,1,5,0,0,0,0,0,0,0,0,86,94,0,0,1,5,1,5
FLINK-36701,,,,,Flink CDC,3.2.0,3.3.0,Flink,1.18.1,,,崩溃故障,,2024/11/13 08:29,2025/1/9 06:46,630e0d70c24b7443970e7e37332bb2d10aa6823e,2024-12-13T11:48:10Z,2025-01-09T06:46:09Z,2025-01-09T06:46:09Z,2025-01-09T06:46:09Z,630e0d70c24b7443970e7e37332bb2d10aa6823e,common;runtime;e2e-tests;paimon-pipeline-connector;reviewed;approved,flink-cdc-common/src/main/java/org/apache/flink/cdc/common/event/FlushEvent.java;flink-cdc-connect/flink-cdc-pipeline-connectors/flink-cdc-pipeline-connector-paimon/src/main/java/org/apache/flink/cdc/connectors/paimon/sink/v2/bucket/BucketAssignOperator.java;flink-cdc-connect/flink-cdc-pipeline-connectors/flink-cdc-pipeline-connector-paimon/src/main/java/org/apache/flink/cdc/connectors/paimon/sink/v2/bucket/BucketWrapperEventSerializer.java;flink-cdc-connect/flink-cdc-pipeline-connectors/flink-cdc-pipeline-connector-paimon/src/main/java/org/apache/flink/cdc/connectors/paimon/sink/v2/bucket/BucketWrapperFlushEvent.java;flink-cdc-e2e-tests/flink-cdc-source-e2e-tests/src/test/java/org/apache/flink/cdc/connectors/tests/OceanBaseE2eITCase.java;flink-cdc-runtime/src/main/java/org/apache/flink/cdc/runtime/operators/schema/distributed/SchemaOperator.java;flink-cdc-runtime/src/main/java/org/apache/flink/cdc/runtime/operators/schema/regular/SchemaOperator.java;flink-cdc-runtime/src/main/java/org/apache/flink/cdc/runtime/operators/sink/DataSinkFunctionOperator.java;flink-cdc-runtime/src/main/java/org/apache/flink/cdc/runtime/operators/sink/DataSinkWriterOperator.java;flink-cdc-runtime/src/main/java/org/apache/flink/cdc/runtime/serializer/event/EventSerializer.java;flink-cdc-runtime/src/test/java/org/apache/flink/cdc/runtime/operators/schema/distributed/SchemaEvolveTest.java;flink-cdc-runtime/src/test/java/org/apache/flink/cdc/runtime/operators/schema/regular/SchemaEvolveTest.java;flink-cdc-runtime/src/test/java/org/apache/flink/cdc/runtime/operators/sink/DataSinkOperatorAdapter.java;flink-cdc-runtime/src/test/java/org/apache/flink/cdc/runtime/operators/sink/DataSinkOperatorWithSchemaEvolveTest.java;flink-cdc-runtime/src/test/java/org/apache/flink/cdc/runtime/partitioning/PrePartitionOperatorTest.java;flink-cdc-runtime/src/test/java/org/apache/flink/cdc/runtime/serializer/event/EventSerializerTest.java;flink-cdc-runtime/src/test/java/org/apache/flink/cdc/runtime/serializer/event/PartitioningEventSerializerTest.java;flink-cdc-runtime/src/test/java/org/apache/flink/cdc/runtime/testutils/operators/RegularEventOperatorTestHarness.java,23,5189,634,5189,7,3252,329,3252,12,1623,254,1623,136,909,7,12,4,314,51,314
FLINK-36713,PostgreSQL,,,,Flink CDC,3.2.0,3.3.1,Flink,1.18.1,,,崩溃故障,,2024/11/14 01:49,,,,,,,,,,,,,,,,,,,,,,,,,,,,,
FLINK-36741,,,,,Flink CDC,3.2.0,3.3.0,Flink,1.18.1,,,逻辑故障（待复现）,数据变更,2024/11/18 10:29,2025/1/15 03:01,79e868b86483b66e83edc22f060e57c3a68bae9b,2024-11-18T15:12:36Z,2025-01-15T03:01:40Z,2025-01-15T03:01:40Z,2025-01-15T03:01:40Z,79e868b86483b66e83edc22f060e57c3a68bae9b,values-pipeline-connector;composer;runtime;reviewed;approved,flink-cdc-composer/src/test/java/org/apache/flink/cdc/composer/flink/FlinkPipelineTransformITCase.java;flink-cdc-composer/src/test/java/org/apache/flink/cdc/composer/flink/FlinkPipelineUdfITCase.java;flink-cdc-connect/flink-cdc-pipeline-connectors/flink-cdc-pipeline-connector-values/src/main/java/org/apache/flink/cdc/connectors/values/sink/ValuesDataSinkHelper.java;flink-cdc-pipeline-udf-examples/src/main/java/org/apache/flink/cdc/udf/examples/java/precision/BinaryTypeReturningClass.java;flink-cdc-pipeline-udf-examples/src/main/java/org/apache/flink/cdc/udf/examples/java/precision/CharTypeReturningClass.java;flink-cdc-pipeline-udf-examples/src/main/java/org/apache/flink/cdc/udf/examples/java/precision/DecimalTypeNonNullReturningClass.java;flink-cdc-pipeline-udf-examples/src/main/java/org/apache/flink/cdc/udf/examples/java/precision/DecimalTypeReturningClass.java;flink-cdc-pipeline-udf-examples/src/main/java/org/apache/flink/cdc/udf/examples/java/precision/LocalZonedTimestampTypeReturningClass.java;flink-cdc-pipeline-udf-examples/src/main/java/org/apache/flink/cdc/udf/examples/java/precision/TimestampTypeReturningClass.java;flink-cdc-pipeline-udf-examples/src/main/java/org/apache/flink/cdc/udf/examples/java/precision/VarBinaryTypeReturningClass.java;flink-cdc-pipeline-udf-examples/src/main/java/org/apache/flink/cdc/udf/examples/java/precision/VarCharTypeReturningClass.java;flink-cdc-pipeline-udf-examples/src/main/scala/org/apache/flink/cdc/udf/examples/scala/precision/BinaryTypeReturningClass.scala;flink-cdc-pipeline-udf-examples/src/main/scala/org/apache/flink/cdc/udf/examples/scala/precision/CharTypeReturningClass.scala;flink-cdc-pipeline-udf-examples/src/main/scala/org/apache/flink/cdc/udf/examples/scala/precision/DecimalTypeNonNullReturningClass.scala;flink-cdc-pipeline-udf-examples/src/main/scala/org/apache/flink/cdc/udf/examples/scala/precision/DecimalTypeReturningClass.scala;flink-cdc-pipeline-udf-examples/src/main/scala/org/apache/flink/cdc/udf/examples/scala/precision/LocalZonedTimestampTypeReturningClass.scala;flink-cdc-pipeline-udf-examples/src/main/scala/org/apache/flink/cdc/udf/examples/scala/precision/TimestampTypeReturningClass.scala;flink-cdc-pipeline-udf-examples/src/main/scala/org/apache/flink/cdc/udf/examples/scala/precision/VarBinaryTypeReturningClass.scala;flink-cdc-pipeline-udf-examples/src/main/scala/org/apache/flink/cdc/udf/examples/scala/precision/VarCharTypeReturningClass.scala;flink-cdc-runtime/src/main/java/org/apache/flink/cdc/runtime/functions/SystemFunctionUtils.java;flink-cdc-runtime/src/main/java/org/apache/flink/cdc/runtime/parser/JaninoCompiler.java;flink-cdc-runtime/src/main/java/org/apache/flink/cdc/runtime/parser/TransformParser.java;flink-cdc-runtime/src/main/java/org/apache/flink/cdc/runtime/parser/metadata/TransformTable.java;flink-cdc-runtime/src/main/java/org/apache/flink/cdc/runtime/typeutils/DataTypeConverter.java;flink-cdc-runtime/src/test/java/org/apache/flink/cdc/runtime/parser/TransformParserTest.java,16,1550,215,1550,7,1109,145,1109,6,285,47,285,131,2084,7,6,3,156,23,156
FLINK-36742,Oracle,,,,Flink CDC,3.2.0,3.4.0,Flink,1.18.1,,,潜在故障（待确认）,,2024/11/18 12:49,2025/4/24 08:57,c2230d53a5732367d3776dda8b6b7c8a34f090a3,2024-11-18T12:51:08Z,2025-04-24T08:57:31Z,2025-04-24T08:57:30Z,2025-04-24T08:57:30Z,c2230d53a5732367d3776dda8b6b7c8a34f090a3,base;oracle-cdc-connector;reviewed;Stale;approved,flink-cdc-connect/flink-cdc-source-connectors/flink-cdc-base/src/main/java/org/apache/flink/cdc/connectors/base/source/reader/IncrementalSourceReader.java;flink-cdc-connect/flink-cdc-source-connectors/flink-connector-oracle-cdc/pom.xml;flink-cdc-connect/flink-cdc-source-connectors/flink-connector-oracle-cdc/src/test/java/org/apache/flink/cdc/connectors/oracle/source/reader/OracleSourceReaderTest.java,8,533,84,533,7,500,78,500,0,0,0,0,104,79,7,0,1,33,6,33
FLINK-36763,,,,,Flink CDC,3.2.0,3.4.0,Flink,1.18.1,,,潜在故障（核心）,,2024/11/21 06:33,2024/12/23 10:44,84244672399e21585217589e205d881e05562cf8,2024-12-13T10:13:52Z,2024-12-24T06:11:44Z,2024-12-24T06:11:44Z,2024-12-24T06:11:44Z,84244672399e21585217589e205d881e05562cf8,values-pipeline-connector;composer;common;runtime;build;e2e-tests;mysql-pipeline-connector;doris-pipeline-connector;starrocks-pipeline-connector;migration-tests;paimon-pipeline-connector;reviewed;approved;elasticsearch-pipeline-connector,.github/workflows/flink_cdc_base.yml;.github/workflows/flink_cdc_ci.yml;.github/workflows/flink_cdc_ci_nightly.yml;flink-cdc-common/src/main/java/org/apache/flink/cdc/common/event/AddColumnEvent.java;flink-cdc-common/src/main/java/org/apache/flink/cdc/common/event/AlterColumnTypeEvent.java;flink-cdc-common/src/main/java/org/apache/flink/cdc/common/event/CreateTableEvent.java;flink-cdc-common/src/main/java/org/apache/flink/cdc/common/event/DataChangeEvent.java;flink-cdc-common/src/main/java/org/apache/flink/cdc/common/event/DropColumnEvent.java;flink-cdc-common/src/main/java/org/apache/flink/cdc/common/event/DropTableEvent.java;flink-cdc-common/src/main/java/org/apache/flink/cdc/common/event/FlushEvent.java;flink-cdc-common/src/main/java/org/apache/flink/cdc/common/event/RenameColumnEvent.java;flink-cdc-common/src/main/java/org/apache/flink/cdc/common/event/SchemaChangeEvent.java;flink-cdc-common/src/main/java/org/apache/flink/cdc/common/event/TableId.java;flink-cdc-common/src/main/java/org/apache/flink/cdc/common/event/TruncateTableEvent.java;flink-cdc-common/src/main/java/org/apache/flink/cdc/common/route/RouteRule.java;flink-cdc-common/src/main/java/org/apache/flink/cdc/common/schema/Schema.java;flink-cdc-common/src/main/java/org/apache/flink/cdc/common/source/DataSource.java;flink-cdc-common/src/main/java/org/apache/flink/cdc/common/utils/SchemaMergingUtils.java;flink-cdc-common/src/main/java/org/apache/flink/cdc/common/utils/SchemaUtils.java;flink-cdc-common/src/test/java/org/apache/flink/cdc/common/utils/SchemaMergingUtilsTest.java;flink-cdc-composer/src/main/java/org/apache/flink/cdc/composer/flink/FlinkPipelineComposer.java;flink-cdc-composer/src/main/java/org/apache/flink/cdc/composer/flink/translator/DataSourceTranslator.java;flink-cdc-composer/src/main/java/org/apache/flink/cdc/composer/flink/translator/PartitioningTranslator.java;flink-cdc-composer/src/main/java/org/apache/flink/cdc/composer/flink/translator/SchemaOperatorTranslator.java;flink-cdc-composer/src/main/java/org/apache/flink/cdc/composer/flink/translator/TransformTranslator.java;flink-cdc-composer/src/test/java/org/apache/flink/cdc/composer/flink/FlinkParallelizedPipelineITCase.java;flink-cdc-composer/src/test/java/org/apache/flink/cdc/composer/flink/FlinkPipelineComposerITCase.java;flink-cdc-composer/src/test/java/org/apache/flink/cdc/composer/flink/FlinkPipelineComposerLenientITCase.java;flink-cdc-composer/src/test/java/org/apache/flink/cdc/composer/testsource/factory/DistributedDataSourceFactory.java;flink-cdc-composer/src/test/java/org/apache/flink/cdc/composer/testsource/source/DistributedDataSource.java;flink-cdc-composer/src/test/java/org/apache/flink/cdc/composer/testsource/source/DistributedSourceFunction.java;flink-cdc-composer/src/test/java/org/apache/flink/cdc/composer/testsource/source/DistributedSourceOptions.java;flink-cdc-composer/src/test/resources/META-INF/services/org.apache.flink.cdc.common.factories.Factory;flink-cdc-composer/src/test/resources/ref-output/distributed-ignore.txt;flink-cdc-composer/src/test/resources/ref-output/distributed.txt;flink-cdc-composer/src/test/resources/ref-output/regular.txt;flink-cdc-connect/flink-cdc-pipeline-connectors/flink-cdc-pipeline-connector-doris/src/test/java/org/apache/flink/cdc/connectors/doris/sink/DorisMetadataApplierITCase.java;flink-cdc-connect/flink-cdc-pipeline-connectors/flink-cdc-pipeline-connector-elasticsearch/pom.xml;flink-cdc-connect/flink-cdc-pipeline-connectors/flink-cdc-pipeline-connector-mysql/pom.xml;flink-cdc-connect/flink-cdc-pipeline-connectors/flink-cdc-pipeline-connector-mysql/src/main/java/org/apache/flink/cdc/connectors/mysql/source/MySqlDataSource.java;flink-cdc-connect/flink-cdc-pipeline-connectors/flink-cdc-pipeline-connector-mysql/src/test/java/org/apache/flink/cdc/connectors/mysql/source/MySqlParallelizedPipelineITCase.java;flink-cdc-connect/flink-cdc-pipeline-connectors/flink-cdc-pipeline-connector-mysql/src/test/java/org/apache/flink/cdc/connectors/mysql/testutils/MySqSourceTestUtils.java;flink-cdc-connect/flink-cdc-pipeline-connectors/flink-cdc-pipeline-connector-paimon/src/main/java/org/apache/flink/cdc/connectors/paimon/sink/v2/bucket/BucketAssignOperator.java;flink-cdc-connect/flink-cdc-pipeline-connectors/flink-cdc-pipeline-connector-paimon/src/main/java/org/apache/flink/cdc/connectors/paimon/sink/v2/bucket/BucketWrapperEventSerializer.java;flink-cdc-connect/flink-cdc-pipeline-connectors/flink-cdc-pipeline-connector-paimon/src/main/java/org/apache/flink/cdc/connectors/paimon/sink/v2/bucket/BucketWrapperFlushEvent.java;flink-cdc-connect/flink-cdc-pipeline-connectors/flink-cdc-pipeline-connector-starrocks/src/test/java/org/apache/flink/cdc/connectors/starrocks/sink/StarRocksMetadataApplierITCase.java;flink-cdc-connect/flink-cdc-pipeline-connectors/flink-cdc-pipeline-connector-values/src/main/java/org/apache/flink/cdc/connectors/values/sink/ValuesDataSinkHelper.java;flink-cdc-e2e-tests/flink-cdc-pipeline-e2e-tests/src/test/java/org/apache/flink/cdc/pipeline/tests/MysqlE2eITCase.java;flink-cdc-e2e-tests/flink-cdc-pipeline-e2e-tests/src/test/java/org/apache/flink/cdc/pipeline/tests/RouteE2eITCase.java;flink-cdc-e2e-tests/flink-cdc-pipeline-e2e-tests/src/test/java/org/apache/flink/cdc/pipeline/tests/SchemaEvolveE2eITCase.java;flink-cdc-e2e-tests/flink-cdc-pipeline-e2e-tests/src/test/java/org/apache/flink/cdc/pipeline/tests/SchemaEvolvingTransformE2eITCase.java;flink-cdc-e2e-tests/flink-cdc-pipeline-e2e-tests/src/test/java/org/apache/flink/cdc/pipeline/tests/TransformE2eITCase.java;flink-cdc-e2e-tests/flink-cdc-pipeline-e2e-tests/src/test/java/org/apache/flink/cdc/pipeline/tests/utils/PipelineTestEnvironment.java;flink-cdc-migration-tests/flink-cdc-migration-testcases/pom.xml;flink-cdc-migration-tests/flink-cdc-migration-testcases/src/test/java/org/apache/flink/cdc/migration/tests/MigrationTestBase.java;flink-cdc-migration-tests/flink-cdc-migration-testcases/src/test/java/org/apache/flink/cdc/migration/tests/SchemaManagerMigrationTest.java;flink-cdc-migration-tests/flink-cdc-migration-testcases/src/test/java/org/apache/flink/cdc/migration/tests/SchemaRegistryMigrationTest.java;flink-cdc-migration-tests/flink-cdc-migration-testcases/src/test/java/org/apache/flink/cdc/migration/tests/TableChangeInfoMigrationTest.java;flink-cdc-migration-tests/flink-cdc-release-3.0.0/pom.xml;flink-cdc-migration-tests/flink-cdc-release-3.0.0/src/main/java/com/ververica/cdc/migration/tests/MigrationMockBase.java;flink-cdc-migration-tests/flink-cdc-release-3.0.0/src/main/java/com/ververica/cdc/migration/tests/SchemaManagerMigrationMock.java;flink-cdc-migration-tests/flink-cdc-release-3.0.0/src/main/java/com/ververica/cdc/migration/tests/SchemaRegistryMigrationMock.java;flink-cdc-migration-tests/flink-cdc-release-3.0.1/pom.xml;flink-cdc-migration-tests/flink-cdc-release-3.0.1/src/main/java/com/ververica/cdc/migration/tests/MigrationMockBase.java;flink-cdc-migration-tests/flink-cdc-release-3.0.1/src/main/java/com/ververica/cdc/migration/tests/SchemaManagerMigrationMock.java;flink-cdc-migration-tests/flink-cdc-release-3.0.1/src/main/java/com/ververica/cdc/migration/tests/SchemaRegistryMigrationMock.java;flink-cdc-migration-tests/flink-cdc-release-3.1.0/src/main/java/org/apache/flink/cdc/migration/tests/SchemaRegistryMigrationMock.java;flink-cdc-migration-tests/flink-cdc-release-3.1.1/src/main/java/org/apache/flink/cdc/migration/tests/SchemaRegistryMigrationMock.java;flink-cdc-migration-tests/flink-cdc-release-3.2.0/pom.xml;flink-cdc-migration-tests/flink-cdc-release-3.2.0/src/main/java/org/apache/flink/cdc/migration/tests/MigrationMockBase.java;flink-cdc-migration-tests/flink-cdc-release-3.2.0/src/main/java/org/apache/flink/cdc/migration/tests/SchemaManagerMigrationMock.java;flink-cdc-migration-tests/flink-cdc-release-3.2.0/src/main/java/org/apache/flink/cdc/migration/tests/SchemaRegistryMigrationMock.java;flink-cdc-migration-tests/flink-cdc-release-3.2.0/src/main/java/org/apache/flink/cdc/migration/tests/TableChangeInfoMigrationMock.java;flink-cdc-migration-tests/flink-cdc-release-3.2.1/pom.xml;flink-cdc-migration-tests/flink-cdc-release-3.2.1/src/main/java/org/apache/flink/cdc/migration/tests/MigrationMockBase.java;flink-cdc-migration-tests/flink-cdc-release-3.2.1/src/main/java/org/apache/flink/cdc/migration/tests/SchemaManagerMigrationMock.java;flink-cdc-migration-tests/flink-cdc-release-3.2.1/src/main/java/org/apache/flink/cdc/migration/tests/SchemaRegistryMigrationMock.java;flink-cdc-migration-tests/flink-cdc-release-3.2.1/src/main/java/org/apache/flink/cdc/migration/tests/TableChangeInfoMigrationMock.java;flink-cdc-migration-tests/flink-cdc-release-snapshot/src/main/java/org/apache/flink/cdc/migration/tests/SchemaManagerMigrationMock.java;flink-cdc-migration-tests/flink-cdc-release-snapshot/src/main/java/org/apache/flink/cdc/migration/tests/SchemaRegistryMigrationMock.java;flink-cdc-migration-tests/pom.xml;flink-cdc-runtime/src/main/java/org/apache/flink/cdc/runtime/operators/schema/SchemaOperator.java;flink-cdc-runtime/src/main/java/org/apache/flink/cdc/runtime/operators/schema/common/CoordinationResponseUtils.java;flink-cdc-runtime/src/main/java/org/apache/flink/cdc/runtime/operators/schema/common/CoordinatorExecutorThreadFactory.java;flink-cdc-runtime/src/main/java/org/apache/flink/cdc/runtime/operators/schema/common/SchemaDerivator.java;flink-cdc-runtime/src/main/java/org/apache/flink/cdc/runtime/operators/schema/common/SchemaManager.java;flink-cdc-runtime/src/main/java/org/apache/flink/cdc/runtime/operators/schema/common/SchemaRegistry.java;flink-cdc-runtime/src/main/java/org/apache/flink/cdc/runtime/operators/schema/common/TableIdRouter.java;flink-cdc-runtime/src/main/java/org/apache/flink/cdc/runtime/operators/schema/common/event/FlushSuccessEvent.java;flink-cdc-runtime/src/main/java/org/apache/flink/cdc/runtime/operators/schema/common/event/GetEvolvedSchemaRequest.java;flink-cdc-runtime/src/main/java/org/apache/flink/cdc/runtime/operators/schema/common/event/GetEvolvedSchemaResponse.java;flink-cdc-runtime/src/main/java/org/apache/flink/cdc/runtime/operators/schema/common/event/GetOriginalSchemaRequest.java;flink-cdc-runtime/src/main/java/org/apache/flink/cdc/runtime/operators/schema/common/event/GetOriginalSchemaResponse.java;flink-cdc-runtime/src/main/java/org/apache/flink/cdc/runtime/operators/schema/common/event/SinkWriterRegisterEvent.java;flink-cdc-runtime/src/main/java/org/apache/flink/cdc/runtime/operators/schema/common/metrics/SchemaOperatorMetrics.java;flink-cdc-runtime/src/main/java/org/apache/flink/cdc/runtime/operators/schema/coordinator/SchemaDerivation.java;flink-cdc-runtime/src/main/java/org/apache/flink/cdc/runtime/operators/schema/coordinator/SchemaRegistry.java;flink-cdc-runtime/src/main/java/org/apache/flink/cdc/runtime/operators/schema/coordinator/SchemaRegistryRequestHandler.java;flink-cdc-runtime/src/main/java/org/apache/flink/cdc/runtime/operators/schema/distributed/SchemaCoordinator.java;flink-cdc-runtime/src/main/java/org/apache/flink/cdc/runtime/operators/schema/distributed/SchemaCoordinatorProvider.java;flink-cdc-runtime/src/main/java/org/apache/flink/cdc/runtime/operators/schema/distributed/SchemaOperator.java;flink-cdc-runtime/src/main/java/org/apache/flink/cdc/runtime/operators/schema/distributed/SchemaOperatorFactory.java;flink-cdc-runtime/src/main/java/org/apache/flink/cdc/runtime/operators/schema/distributed/event/SchemaChangeRequest.java;flink-cdc-runtime/src/main/java/org/apache/flink/cdc/runtime/operators/schema/distributed/event/SchemaChangeResponse.java;flink-cdc-runtime/src/main/java/org/apache/flink/cdc/runtime/operators/schema/event/SchemaChangeProcessingResponse.java;flink-cdc-runtime/src/main/java/org/apache/flink/cdc/runtime/operators/schema/event/SchemaChangeResultRequest.java;flink-cdc-runtime/src/main/java/org/apache/flink/cdc/runtime/operators/schema/event/SchemaChangeResultResponse.java;flink-cdc-runtime/src/main/java/org/apache/flink/cdc/runtime/operators/schema/regular/SchemaCoordinator.java;flink-cdc-runtime/src/main/java/org/apache/flink/cdc/runtime/operators/schema/regular/SchemaCoordinatorProvider.java;flink-cdc-runtime/src/main/java/org/apache/flink/cdc/runtime/operators/schema/regular/SchemaOperator.java;flink-cdc-runtime/src/main/java/org/apache/flink/cdc/runtime/operators/schema/regular/SchemaOperatorFactory.java;flink-cdc-runtime/src/main/java/org/apache/flink/cdc/runtime/operators/schema/regular/event/SchemaChangeRequest.java;flink-cdc-runtime/src/main/java/org/apache/flink/cdc/runtime/operators/schema/regular/event/SchemaChangeResponse.java;flink-cdc-runtime/src/main/java/org/apache/flink/cdc/runtime/operators/sink/DataSinkFunctionOperator.java;flink-cdc-runtime/src/main/java/org/apache/flink/cdc/runtime/operators/sink/DataSinkWriterOperator.java;flink-cdc-runtime/src/main/java/org/apache/flink/cdc/runtime/operators/sink/SchemaEvolutionClient.java;flink-cdc-runtime/src/main/java/org/apache/flink/cdc/runtime/operators/transform/PostTransformOperator.java;flink-cdc-runtime/src/main/java/org/apache/flink/cdc/runtime/operators/transform/PreTransformOperator.java;flink-cdc-runtime/src/main/java/org/apache/flink/cdc/runtime/partitioning/DistributedPrePartitionOperator.java;flink-cdc-runtime/src/main/java/org/apache/flink/cdc/runtime/partitioning/PartitioningEvent.java;flink-cdc-runtime/src/main/java/org/apache/flink/cdc/runtime/partitioning/RegularPrePartitionOperator.java;flink-cdc-runtime/src/main/java/org/apache/flink/cdc/runtime/serializer/event/EventSerializer.java;flink-cdc-runtime/src/main/java/org/apache/flink/cdc/runtime/serializer/event/PartitioningEventSerializer.java;flink-cdc-runtime/src/main/java/org/apache/flink/cdc/runtime/serializer/event/SchemaChangeEventSerializer.java;flink-cdc-runtime/src/test/java/org/apache/flink/cdc/runtime/operators/schema/common/SchemaDerivatorTest.java;flink-cdc-runtime/src/test/java/org/apache/flink/cdc/runtime/operators/schema/common/SchemaManagerTest.java;flink-cdc-runtime/src/test/java/org/apache/flink/cdc/runtime/operators/schema/common/SchemaTestBase.java;flink-cdc-runtime/src/test/java/org/apache/flink/cdc/runtime/operators/schema/common/TableIdRouterTest.java;flink-cdc-runtime/src/test/java/org/apache/flink/cdc/runtime/operators/schema/coordinator/SchemaDerivationTest.java;flink-cdc-runtime/src/test/java/org/apache/flink/cdc/runtime/operators/schema/distributed/SchemaEvolveTest.java;flink-cdc-runtime/src/test/java/org/apache/flink/cdc/runtime/operators/schema/regular/SchemaEvolveTest.java;flink-cdc-runtime/src/test/java/org/apache/flink/cdc/runtime/operators/schema/regular/SchemaOperatorTest.java;flink-cdc-runtime/src/test/java/org/apache/flink/cdc/runtime/operators/transform/PostTransformOperatorTest.java;flink-cdc-runtime/src/test/java/org/apache/flink/cdc/runtime/operators/transform/PreTransformOperatorTest.java;flink-cdc-runtime/src/test/java/org/apache/flink/cdc/runtime/operators/transform/TransformOperatorWithSchemaEvolveTest.java;flink-cdc-runtime/src/test/java/org/apache/flink/cdc/runtime/operators/transform/UnifiedTransformOperatorTest.java;flink-cdc-runtime/src/test/java/org/apache/flink/cdc/runtime/partitioning/PrePartitionOperatorTest.java;flink-cdc-runtime/src/test/java/org/apache/flink/cdc/runtime/serializer/event/EventSerializerTest.java;flink-cdc-runtime/src/test/java/org/apache/flink/cdc/runtime/serializer/event/PartitioningEventSerializerTest.java;flink-cdc-runtime/src/test/java/org/apache/flink/cdc/runtime/testutils/operators/DistributedEventOperatorTestHarness.java;flink-cdc-runtime/src/test/java/org/apache/flink/cdc/runtime/testutils/operators/RegularEventOperatorTestHarness.java;flink-cdc-runtime/src/test/java/org/apache/flink/cdc/runtime/testutils/schema/TestingSchemaRegistryGateway.java;tools/mig-test/datastream/compile_jobs.rb;tools/mig-test/datastream/datastream-2.4.2/pom.xml;tools/mig-test/datastream/datastream-2.4.2/src/main/java/DataStreamJob.java;tools/mig-test/datastream/datastream-3.0.0/pom.xml;tools/mig-test/datastream/datastream-3.0.0/src/main/java/DataStreamJob.java;tools/mig-test/datastream/datastream-3.0.1/.gitignore;tools/mig-test/datastream/datastream-3.0.1/pom.xml;tools/mig-test/datastream/datastream-3.0.1/src/main/java/DataStreamJob.java;tools/mig-test/datastream/datastream-3.1.0/.gitignore;tools/mig-test/datastream/datastream-3.1.1/.gitignore;tools/mig-test/datastream/datastream-3.2.0/.gitignore;tools/mig-test/datastream/datastream-3.2.0/pom.xml;tools/mig-test/datastream/datastream-3.2.0/src/main/java/DataStreamJob.java;tools/mig-test/datastream/datastream-3.2.1/.gitignore;tools/mig-test/datastream/datastream-3.2.1/pom.xml;tools/mig-test/datastream/datastream-3.2.1/src/main/java/DataStreamJob.java;tools/mig-test/datastream/run_migration_test.rb;tools/mig-test/prepare_libs.rb;tools/mig-test/run_migration_test.rb,25,6090,814,6094,5,3902,511,3902,17,2127,292,2131,113,2382,5,20,3,61,11,61
FLINK-36771,MongoDB,,,,Flink CDC,3.2.0,3.3.0,Flink,1.18.1,,,崩溃故障（待确认）,,2024/11/22 04:20,2024/12/13 07:13,0037c4379e989f346c7b0ddeb2e6d28a95903fa7,2024-11-22T05:51:37Z,2024-12-13T07:12:11Z,2024-12-13T07:12:10Z,2024-12-13T07:12:10Z,0037c4379e989f346c7b0ddeb2e6d28a95903fa7,mysql-cdc-connector;base;oracle-cdc-connector;reviewed;approved,flink-cdc-connect/flink-cdc-source-connectors/flink-cdc-base/src/main/java/org/apache/flink/cdc/connectors/base/source/enumerator/IncrementalSourceEnumerator.java;flink-cdc-connect/flink-cdc-source-connectors/flink-connector-mysql-cdc/src/main/java/org/apache/flink/cdc/connectors/mysql/source/enumerator/MySqlSourceEnumerator.java;flink-cdc-connect/flink-cdc-source-connectors/flink-connector-oracle-cdc/src/test/java/org/apache/flink/cdc/connectors/oracle/source/NewlyAddedTableITCase.java,2,35,4,35,2,35,4,35,0,0,0,0,112,64,2,0,0,0,0,0
FLINK-36772,,,,,Flink CDC,3.2.0,3.3.0,Flink,1.18.1,,,潜在故障,,2024/11/22 04:35,2024/11/22 08:03,1d4e36696966a5d25680cc8cbbbbe169d4ba72a7,2024-11-22T05:42:39Z,2024-11-22T08:02:25Z,2024-11-22T08:02:24Z,2024-11-22T08:02:24Z,1d4e36696966a5d25680cc8cbbbbe169d4ba72a7,mysql-cdc-connector;base;reviewed;approved,flink-cdc-connect/flink-cdc-source-connectors/flink-cdc-base/src/main/java/org/apache/flink/cdc/connectors/base/source/assigner/SnapshotSplitAssigner.java;flink-cdc-connect/flink-cdc-source-connectors/flink-connector-mysql-cdc/src/main/java/org/apache/flink/cdc/connectors/mysql/source/assigners/MySqlSnapshotSplitAssigner.java,3,223,28,223,2,155,19,155,0,0,0,0,94,64,2,0,1,68,9,68
FLINK-36775,Oracle,,,,Flink CDC,3.0.0,,Flink,1.18.1,,,潜在故障,,2024/11/22 08:37,,,,,,,,,,,,,,,,,,,,,,,,,,,,,
FLINK-36776,Oracle,,,,Flink CDC,3.0.0,,Flink,1.18.1,,,逻辑故障,数据丢失,2024/11/22 09:10,,,,,,,,,,,,,,,,,,,,,,,,,,,,,
FLINK-36777,Oracle,,,,Flink CDC,3.0.0,,Flink,1.18.1,,,崩溃故障,,2024/11/22 10:02,,,,,,,,,,,,,,,,,,,,,,,,,,,,,
FLINK-36778,Oracle,,,,Flink CDC,3.0.0,,Flink,1.18.1,,,逻辑故障,数据丢失,2024/11/22 10:42,,,,,,,,,,,,,,,,,,,,,,,,,,,,,
FLINK-36790,,,Paimon,,Flink CDC,3.2.1,3.3.0,Flink,1.18.1,,,崩溃故障,,2024/11/26 01:32,2025/1/6 14:31,dca94bdd71bf9872d403e70b5325932e94b4d555,2024-11-26T01:37:12Z,2025-01-06T14:31:14Z,2025-01-06T14:31:13Z,2025-01-06T14:31:13Z,dca94bdd71bf9872d403e70b5325932e94b4d555,paimon-pipeline-connector;reviewed;approved,flink-cdc-connect/flink-cdc-pipeline-connectors/flink-cdc-pipeline-connector-paimon/src/main/java/org/apache/flink/cdc/connectors/paimon/sink/v2/PaimonWriter.java;flink-cdc-connect/flink-cdc-pipeline-connectors/flink-cdc-pipeline-connector-paimon/src/test/java/org/apache/flink/cdc/connectors/paimon/sink/v2/PaimonSinkITCase.java,9,1256,184,1260,8,1241,181,1245,0,0,0,0,70,87,8,0,1,15,3,15
FLINK-36793,Oracle,,,,Flink CDC,3.2.1,3.4.0,Flink,1.18.1,,,崩溃故障,,2024/11/26 07:08,2025/4/22 12:35,2729ad02d7a44f5b1d3af414a17324d358d5d3f1,2025-01-08T02:35:36Z,2025-04-22T12:35:37Z,2025-04-22T12:35:36Z,2025-04-22T12:35:36Z,2729ad02d7a44f5b1d3af414a17324d358d5d3f1,base;oracle-cdc-connector;sqlserver-cdc-connector;reviewed;approved,flink-cdc-connect/flink-cdc-source-connectors/flink-cdc-base/src/main/java/org/apache/flink/cdc/connectors/base/source/assigner/splitter/JdbcSourceChunkSplitter.java;flink-cdc-connect/flink-cdc-source-connectors/flink-connector-oracle-cdc/src/main/java/org/apache/flink/cdc/connectors/oracle/source/assigner/splitter/OracleChunkSplitter.java;flink-cdc-connect/flink-cdc-source-connectors/flink-connector-oracle-cdc/src/test/java/org/apache/flink/cdc/connectors/oracle/source/assigner/splitter/OracleChunkSplitterTest.java;flink-cdc-connect/flink-cdc-source-connectors/flink-connector-sqlserver-cdc/src/main/java/org/apache/flink/cdc/connectors/sqlserver/source/dialect/SqlServerChunkSplitter.java,4,425,70,425,2,301,51,301,2,124,19,124,158,574,2,2,0,0,0,0
FLINK-36804,MySQL,,,,Flink CDC,3.2.0,,Flink,1.18.1,,,崩溃故障,,2024/11/27 05:53,,,,,,,,,,,,,,,,,,,,,,,,,,,,,
FLINK-36833,,,,,Flink CDC,,,,,,,,,,,,,,,,,,,,,,,,,,,,,,,,,,,,,,
FLINK-36834,,,,,Flink CDC,,,,,,,,,,,,,,,,,,,,,,,,,,,,,,,,,,,,,,
FLINK-36846,,,,,Flink CDC,3.2.1,,Flink,1.18.1,,,,,,,,,,,,,,,,,,,,,,,,,,,,,,,,,,
FLINK-36852,MySQL,,Paimon,,Flink CDC,3.2.1,,Flink,1.18.1,,,崩溃故障,,2024/12/5 06:58,,,,,,,,,,,,,,,,,,,,,,,,,,,,,
FLINK-36854,,,,,Flink CDC,3.2.1,3.3.0,Flink,1.18.1,,,潜在问题,,2024/12/5 10:47,2024/12/17 06:46,39b560e3771d953824cee006625903458f7d9be9,2024-12-05T11:47:27Z,2024-12-17T06:46:27Z,2024-12-17T06:46:26Z,2024-12-17T06:46:26Z,39b560e3771d953824cee006625903458f7d9be9,composer;runtime;e2e-tests;reviewed;approved,flink-cdc-composer/src/test/java/org/apache/flink/cdc/composer/flink/FlinkPipelineComposerITCase.java;flink-cdc-composer/src/test/java/org/apache/flink/cdc/composer/flink/FlinkPipelineComposerLenientITCase.java;flink-cdc-composer/src/test/java/org/apache/flink/cdc/composer/flink/FlinkPipelineTransformITCase.java;flink-cdc-e2e-tests/flink-cdc-pipeline-e2e-tests/src/test/java/org/apache/flink/cdc/pipeline/tests/TransformE2eITCase.java;flink-cdc-runtime/src/main/java/org/apache/flink/cdc/runtime/operators/transform/PostTransformOperator.java;flink-cdc-runtime/src/main/java/org/apache/flink/cdc/runtime/operators/transform/ProjectionColumn.java;flink-cdc-runtime/src/main/java/org/apache/flink/cdc/runtime/parser/TransformParser.java;flink-cdc-runtime/src/test/java/org/apache/flink/cdc/runtime/operators/transform/PostTransformOperatorTest.java;flink-cdc-runtime/src/test/java/org/apache/flink/cdc/runtime/operators/transform/UnifiedTransformOperatorTest.java;flink-cdc-runtime/src/test/java/org/apache/flink/cdc/runtime/parser/TransformParserTest.java,4,320,56,320,3,270,49,270,0,0,0,0,82,1252,3,0,1,50,7,50
FLINK-36858,MySQL,,Kafka,,Flink CDC,3.2.1,3.3.0,Flink,1.2,,,崩溃故障,,2024/12/6 07:27,2025/1/13 11:22,a130718c96abbb4273b87411417a26d2487a86ac,2024-12-09T08:42:08Z,2025-01-13T11:22:18Z,2025-01-13T11:22:18Z,2025-01-13T11:22:18Z,a130718c96abbb4273b87411417a26d2487a86ac,e2e-tests;kafka-pipeline-connector;reviewed;approved,flink-cdc-connect/flink-cdc-pipeline-connectors/flink-cdc-pipeline-connector-kafka/pom.xml;flink-cdc-connect/flink-cdc-pipeline-connectors/flink-cdc-pipeline-connector-kafka/src/main/java/org/apache/flink/cdc/connectors/kafka/json/ChangeLogJsonFormatFactory.java;flink-cdc-connect/flink-cdc-pipeline-connectors/flink-cdc-pipeline-connector-kafka/src/main/java/org/apache/flink/cdc/connectors/kafka/json/canal/CanalJsonSerializationSchema.java;flink-cdc-connect/flink-cdc-pipeline-connectors/flink-cdc-pipeline-connector-kafka/src/main/java/org/apache/flink/cdc/connectors/kafka/json/debezium/DebeziumJsonSerializationSchema.java;flink-cdc-connect/flink-cdc-pipeline-connectors/flink-cdc-pipeline-connector-kafka/src/main/java/org/apache/flink/cdc/connectors/kafka/serialization/JsonSerializationSchema.java;flink-cdc-connect/flink-cdc-pipeline-connectors/flink-cdc-pipeline-connector-kafka/src/main/java/org/apache/flink/cdc/connectors/kafka/sink/KeySerializationFactory.java;flink-cdc-connect/flink-cdc-pipeline-connectors/flink-cdc-pipeline-connector-kafka/src/main/java/org/apache/flink/cdc/connectors/kafka/utils/JsonRowDataSerializationSchemaUtils.java;flink-cdc-e2e-tests/flink-cdc-pipeline-e2e-tests/pom.xml;flink-cdc-e2e-tests/flink-cdc-pipeline-e2e-tests/src/test/java/org/apache/flink/cdc/pipeline/tests/MysqlToKafkaE2eITCase.java;flink-cdc-e2e-tests/flink-cdc-pipeline-e2e-tests/src/test/resources/expectedEvents/mysqlToKafka/canal-json.txt;flink-cdc-e2e-tests/flink-cdc-pipeline-e2e-tests/src/test/resources/expectedEvents/mysqlToKafka/debezium-json.txt,12,944,160,944,4,280,45,280,6,604,106,604,105,1609,4,6,2,60,9,60
FLINK-36864,,,,,Flink CDC,3.2.1,3.3.0,Flink,1.18.1,,,崩溃故障（待确认）,,2024/12/9 03:52,2024/12/19 04:02,2ad80066bcd7b72a92428793474e9d9efced047e,2024-12-09T09:52:32Z,2024-12-19T04:02:08Z,2024-12-19T04:02:08Z,2024-12-19T04:02:08Z,2ad80066bcd7b72a92428793474e9d9efced047e,composer;runtime;reviewed;approved,flink-cdc-composer/src/test/java/org/apache/flink/cdc/composer/flink/FlinkPipelineTransformITCase.java;flink-cdc-runtime/src/main/java/org/apache/flink/cdc/runtime/parser/JaninoCompiler.java;flink-cdc-runtime/src/test/java/org/apache/flink/cdc/runtime/parser/JaninoCompilerTest.java;flink-cdc-runtime/src/test/java/org/apache/flink/cdc/runtime/parser/TransformParserTest.java,2,60,11,60,1,46,8,46,0,0,0,0,77,434,1,0,1,14,3,14
FLINK-36866,,,,,Flink CDC,3.2.1,3.3.1,Flink,1.18.1,,,崩溃故障（待确认）,,2024/12/9 08:18,2024/12/17 16:00,b0a7d920b904f2d5d5aab83d9751b893ac36fda4,2024-12-09T12:49:36Z,2024-12-17T16:00:22Z,2024-12-17T16:00:21Z,2024-12-17T16:00:21Z,b0a7d920b904f2d5d5aab83d9751b893ac36fda4,composer;runtime;reviewed;approved,flink-cdc-composer/src/test/java/org/apache/flink/cdc/composer/flink/FlinkPipelineTransformITCase.java;flink-cdc-runtime/src/main/java/org/apache/flink/cdc/runtime/functions/SystemFunctionUtils.java;flink-cdc-runtime/src/test/java/org/apache/flink/cdc/runtime/operators/transform/PostTransformOperatorTest.java,11,803,128,803,1,69,12,69,9,707,112,707,60,109,1,9,1,27,4,27
FLINK-36877,,,Kafka,,Flink CDC,3.1.0,3.3.0,,,,,逻辑故障,数据变更,2024/12/10 09:00,2025/1/9 04:04,28985db062dbeccf5b71f4165bbd580ac3fd0749,2024-12-10T12:25:12Z,2025-01-09T04:04:57Z,2025-01-09T04:04:57Z,2025-01-09T04:04:57Z,28985db062dbeccf5b71f4165bbd580ac3fd0749,kafka-pipeline-connector;reviewed;approved,flink-cdc-connect/flink-cdc-pipeline-connectors/flink-cdc-pipeline-connector-kafka/src/main/java/org/apache/flink/cdc/connectors/kafka/json/canal/CanalJsonSerializationSchema.java;flink-cdc-connect/flink-cdc-pipeline-connectors/flink-cdc-pipeline-connector-kafka/src/test/java/org/apache/flink/cdc/connectors/kafka/json/canal/CanalJsonSerializationSchemaTest.java;flink-cdc-connect/flink-cdc-pipeline-connectors/flink-cdc-pipeline-connector-kafka/src/test/java/org/apache/flink/cdc/connectors/kafka/sink/KafkaDataSinkITCase.java,3,132,26,132,2,128,25,128,0,0,0,0,118,558,2,0,1,4,1,4
FLINK-36891,MySQL,,,,Flink CDC,3.2.1,3.3.0,,,,,崩溃故障,,2024/12/11 19:39,2024/12/13 11:42,b50d1728e083c2364ae104c9050a4599d1301ab9,2024-12-11T20:01:46Z,2024-12-14T03:43:12Z,2024-12-14T03:42:41Z,2024-12-14T03:42:41Z,b50d1728e083c2364ae104c9050a4599d1301ab9,mysql-cdc-connector;base;reviewed;approved,flink-cdc-connect/flink-cdc-source-connectors/flink-cdc-base/src/main/java/org/apache/flink/cdc/connectors/base/source/assigner/state/PendingSplitsStateSerializer.java;flink-cdc-connect/flink-cdc-source-connectors/flink-cdc-base/src/test/java/org/apache/flink/cdc/connectors/base/source/assigner/state/PendingSplitsStateSerializerTest.java;flink-cdc-connect/flink-cdc-source-connectors/flink-connector-mysql-cdc/src/main/java/org/apache/flink/cdc/connectors/mysql/source/assigners/state/PendingSplitsStateSerializer.java;flink-cdc-connect/flink-cdc-source-connectors/flink-connector-mysql-cdc/src/test/java/org/apache/flink/cdc/connectors/mysql/source/assigners/state/PendingSplitsStateSerializerTest.java,5,684,86,684,0,0,0,0,3,605,73,605,90,149,0,3,2,79,13,79
FLINK-36894,Oracle,,,,Flink CDC,3.0.0,,,,,,逻辑故障,数据丢失,2024/12/12 07:20,,,,,,,,,,,,,,,,,,,,,,,,,,,,,
FLINK-36895,,,,,Flink CDC,3.1.0,3.3.0,,,,,崩溃故障,,2024/12/12 07:25,2024/12/17 05:47,0b0bb02023dab743845168405623f75b2cf80834,2024-12-12T07:35:11Z,2024-12-17T05:47:29Z,2024-12-17T05:47:28Z,2024-12-17T05:47:28Z,0b0bb02023dab743845168405623f75b2cf80834,base;reviewed;approved,flink-cdc-connect/flink-cdc-source-connectors/flink-cdc-base/src/main/java/org/apache/flink/cdc/connectors/base/source/assigner/splitter/JdbcSourceChunkSplitter.java,1,4,1,4,0,0,0,0,0,0,0,0,111,596,0,0,1,4,1,4
FLINK-36945,MySQL,,,,Flink CDC,3.1.0,3.4.0,,,,,逻辑故障,结构变化,2024/12/20 10:32,2025/2/11 12:35,39608ed663bd81f121ae5f830f6803677c25db0e,2025-01-22T06:48:54Z,2025-02-12T01:29:39Z,2025-02-11T12:35:28Z,2025-02-11T12:35:28Z,39608ed663bd81f121ae5f830f6803677c25db0e,mysql-cdc-connector;reviewed;approved,flink-cdc-connect/flink-cdc-source-connectors/flink-connector-mysql-cdc/src/main/java/org/apache/flink/cdc/connectors/mysql/debezium/dispatcher/EventDispatcherImpl.java;flink-cdc-connect/flink-cdc-source-connectors/flink-connector-mysql-cdc/src/test/java/org/apache/flink/cdc/connectors/mysql/source/MySqlMultipleTablesRenamingITCase.java,23,21209,1396,21229,7,16063,902,16076,14,4930,461,4937,84,822,7,14,2,216,33,216
FLINK-36956,,,,,Flink CDC,3.2.1,3.3.0,,,,,逻辑故障,结构变化,2024/12/24 04:20,2025/1/9 04:06,486ee6f805b316b53f89dfa2de83a89892f57b02,2024-12-25T03:52:21Z,2025-01-09T04:06:34Z,2025-01-09T04:06:34Z,2025-01-09T04:06:34Z,486ee6f805b316b53f89dfa2de83a89892f57b02,docs;composer;runtime;reviewed,docs/content.zh/docs/core-concept/transform.md;docs/content/docs/core-concept/transform.md;flink-cdc-composer/src/test/java/org/apache/flink/cdc/composer/flink/FlinkPipelineComposerITCase.java;flink-cdc-composer/src/test/java/org/apache/flink/cdc/composer/flink/FlinkPipelineComposerLenientITCase.java;flink-cdc-composer/src/test/java/org/apache/flink/cdc/composer/flink/FlinkPipelineTransformITCase.java;flink-cdc-composer/src/test/java/org/apache/flink/cdc/composer/flink/FlinkPipelineUdfITCase.java;flink-cdc-runtime/src/main/java/org/apache/flink/cdc/runtime/operators/transform/PostTransformOperator.java;flink-cdc-runtime/src/main/java/org/apache/flink/cdc/runtime/operators/transform/TransformProjectionProcessor.java;flink-cdc-runtime/src/test/java/org/apache/flink/cdc/runtime/operators/transform/PostTransformOperatorTest.java;flink-cdc-runtime/src/test/java/org/apache/flink/cdc/runtime/operators/transform/TransformOperatorWithSchemaEvolveTest.java;flink-cdc-runtime/src/test/java/org/apache/flink/cdc/runtime/operators/transform/UnifiedTransformOperatorTest.java,4,51,7,51,2,44,5,44,0,0,0,0,64,97,2,0,2,7,2,7
FLINK-36958,,,Kafka,,Flink CDC,3.2.0,,,,,,逻辑故障,结构变化,2024/12/24 12:10,,,,,,,,,,,,,,,,,,,,,,,,,,,,,
FLINK-36964,,,Paimon,,Flink CDC,3.2.0/3.2.1,3.3.0,,,,,逻辑故障,结构变化,2024/12/26 06:20,2025/1/13 08:43,75b8a0cdf30207ac9ff9781be55735cc7e6588d9,2024-12-26T10:45:18Z,2025-01-13T08:43:32Z,2025-01-13T08:43:32Z,2025-01-13T08:43:32Z,75b8a0cdf30207ac9ff9781be55735cc7e6588d9,e2e-tests;paimon-pipeline-connector;reviewed;approved,flink-cdc-connect/flink-cdc-pipeline-connectors/flink-cdc-pipeline-connector-paimon/pom.xml;flink-cdc-connect/flink-cdc-pipeline-connectors/flink-cdc-pipeline-connector-paimon/src/main/java/org/apache/flink/cdc/connectors/paimon/sink/PaimonDataSinkFactory.java;flink-cdc-connect/flink-cdc-pipeline-connectors/flink-cdc-pipeline-connector-paimon/src/main/java/org/apache/flink/cdc/connectors/paimon/sink/v2/PaimonEventSink.java;flink-cdc-connect/flink-cdc-pipeline-connectors/flink-cdc-pipeline-connector-paimon/src/main/java/org/apache/flink/cdc/connectors/paimon/sink/v2/PaimonRecordEventSerializer.java;flink-cdc-connect/flink-cdc-pipeline-connectors/flink-cdc-pipeline-connector-paimon/src/main/java/org/apache/flink/cdc/connectors/paimon/sink/v2/PaimonSink.java;flink-cdc-connect/flink-cdc-pipeline-connectors/flink-cdc-pipeline-connector-paimon/src/main/java/org/apache/flink/cdc/connectors/paimon/sink/v2/PreCommitOperator.java;flink-cdc-connect/flink-cdc-pipeline-connectors/flink-cdc-pipeline-connector-paimon/src/main/java/org/apache/flink/cdc/connectors/paimon/sink/v2/bucket/BucketAssignOperator.java;flink-cdc-connect/flink-cdc-pipeline-connectors/flink-cdc-pipeline-connector-paimon/src/main/java/org/apache/flink/cdc/connectors/paimon/sink/v2/bucket/BucketWrapperEventSerializer.java;flink-cdc-connect/flink-cdc-pipeline-connectors/flink-cdc-pipeline-connector-paimon/src/main/java/org/apache/flink/cdc/connectors/paimon/sink/v2/bucket/BucketWrapperFlushEvent.java;flink-cdc-connect/flink-cdc-pipeline-connectors/flink-cdc-pipeline-connector-paimon/src/main/java/org/apache/flink/cdc/connectors/paimon/sink/v2/bucket/FlushEventAlignmentOperator.java;flink-cdc-e2e-tests/flink-cdc-pipeline-e2e-tests/pom.xml;flink-cdc-e2e-tests/flink-cdc-pipeline-e2e-tests/src/test/java/org/apache/flink/cdc/pipeline/tests/MySqlToPaimonE2eITCase.java;flink-cdc-e2e-tests/flink-cdc-pipeline-e2e-tests/src/test/java/org/apache/flink/cdc/pipeline/tests/utils/PipelineTestEnvironment.java;flink-cdc-e2e-tests/flink-cdc-pipeline-e2e-tests/src/test/resources/ddl/paimon_inventory.sql;flink-cdc-e2e-tests/flink-cdc-pipeline-e2e-tests/src/test/resources/docker/peek-paimon.sql,20,3405,444,3405,6,1948,248,1948,11,1188,155,1188,70,114,6,11,3,269,41,269
FLINK-36981,,,,,Flink CDC,3.2.1,3.3.0,,,,,崩溃故障,,2024/12/30 08:36,2025/1/9 04:13,49dc957ac6e3f8bde4b6f91603a2e7735e5977ec,2024-12-30T17:35:00Z,2025-01-09T04:13:25Z,2025-01-09T04:13:24Z,2025-01-09T04:13:24Z,49dc957ac6e3f8bde4b6f91603a2e7735e5977ec,composer;runtime;reviewed,flink-cdc-composer/src/test/java/org/apache/flink/cdc/composer/flink/FlinkPipelineComposerITCase.java;flink-cdc-runtime/src/main/java/org/apache/flink/cdc/runtime/operators/transform/PostTransformOperator.java;flink-cdc-runtime/src/main/java/org/apache/flink/cdc/runtime/operators/transform/TransformProjection.java;flink-cdc-runtime/src/main/java/org/apache/flink/cdc/runtime/operators/transform/TransformProjectionProcessor.java,7,1231,155,1231,2,630,65,630,3,359,54,359,75,2225,2,3,2,242,36,242
FLINK-36990,MySQL,,,,Flink CDC,3.3.0,,,,,,崩溃故障,,2025/1/2 07:31,,,,,,,,,,,,,,,,,,,,,,,,,,,,,
FLINK-36996,MySQL,,Doris,2.1,Flink CDC,3.2.1,,Flink,1.18.0,,,逻辑故障,数据变更,2025/1/2 15:49,,,,,,,,,,,,,,,,,,,,,,,,,,,,,
FLINK-36999,Oracle,,,,Flink CDC,,3.4.0,,,,,崩溃故障,,2025/1/3 09:05,2025/5/15 12:49,f3f51b576b4c59bec89770c89945636940019947,2025-01-03T10:07:41Z,2025-05-15T12:49:40Z,2025-05-15T12:49:40Z,2025-05-15T12:49:40Z,f3f51b576b4c59bec89770c89945636940019947,oracle-cdc-connector;reviewed;approved;debezium,flink-cdc-connect/flink-cdc-source-connectors/flink-connector-debezium/src/main/java/org/apache/flink/cdc/debezium/event/DebeziumSchemaDataTypeInference.java;flink-cdc-connect/flink-cdc-source-connectors/flink-connector-oracle-cdc/src/test/java/org/apache/flink/cdc/connectors/oracle/table/OracleConnectorITCase.java,6,4982,158,4986,1,4679,127,4681,3,233,21,235,171,134,1,3,2,70,10,70
FLINK-37000,,,,,Flink CDC,3.2.1,3.4.0,,,,,逻辑故障,数据变更,2025/1/3 09:36,2025/4/8 08:19,4baee8c6369d3cfb58ff06ae3eb2042a61e8809b,2025-01-03T13:36:03Z,2025-04-08T08:19:58Z,2025-04-08T08:19:58Z,2025-04-08T08:19:58Z,4baee8c6369d3cfb58ff06ae3eb2042a61e8809b,mysql-cdc-connector;mysql-pipeline-connector;reviewed;approved,flink-cdc-connect/flink-cdc-pipeline-connectors/flink-cdc-pipeline-connector-mysql/src/test/java/org/apache/flink/cdc/connectors/mysql/source/MySqlAncientDateAndTimeITCase.java;flink-cdc-connect/flink-cdc-pipeline-connectors/flink-cdc-pipeline-connector-mysql/src/test/resources/ddl/ancient_date_and_time.sql;flink-cdc-connect/flink-cdc-pipeline-connectors/flink-cdc-pipeline-connector-mysql/src/test/resources/docker/server-allow-ancient-date-time/my.cnf;flink-cdc-connect/flink-cdc-source-connectors/flink-connector-debezium/src/main/java/org/apache/flink/cdc/debezium/event/DebeziumEventDeserializationSchema.java;flink-cdc-connect/flink-cdc-source-connectors/flink-connector-debezium/src/main/java/org/apache/flink/cdc/debezium/table/RowDataDebeziumDeserializeSchema.java;flink-cdc-connect/flink-cdc-source-connectors/flink-connector-mysql-cdc/src/test/java/org/apache/flink/cdc/connectors/mysql/source/MySqlAncientDateAndTimeITCase.java;flink-cdc-connect/flink-cdc-source-connectors/flink-connector-mysql-cdc/src/test/java/org/apache/flink/cdc/connectors/mysql/table/MySqlAncientDateAndTimeITCase.java;flink-cdc-connect/flink-cdc-source-connectors/flink-connector-mysql-cdc/src/test/resources/ddl/ancient_date_and_time.sql;flink-cdc-connect/flink-cdc-source-connectors/flink-connector-mysql-cdc/src/test/resources/docker/server-allow-ancient-date-time/my.cnf,0,0,0,0,0,0,0,0,0,0,0,0,76,935,0,0,0,0,0,0
FLINK-37012,,,,,Flink CDC,3.2.0/3.2.1,3.3.0,,,,,崩溃故障,,2025/1/6 09:27,2025/1/13 07:23,f7f3901fa38a0e1074609545703d19e99601aa5a,2025-01-06T10:00:58Z,2025-01-13T07:23:58Z,2025-01-13T07:23:58Z,2025-01-13T07:23:58Z,f7f3901fa38a0e1074609545703d19e99601aa5a,runtime;reviewed;approved,flink-cdc-runtime/src/main/java/org/apache/flink/cdc/runtime/operators/transform/ProjectionColumnProcessor.java;flink-cdc-runtime/src/test/java/org/apache/flink/cdc/runtime/operators/transform/PostTransformOperatorTest.java,6,634,94,634,3,361,52,361,0,0,0,0,95,1091,3,0,3,273,42,273
FLINK-37080,PostgreSQL,,,,Flink CDC,,,,,,,挂起故障,,2025/1/9 06:43,,,,,,,,,,,,,,,,,,,,,,,,,,,,,
FLINK-37110,,,,,Flink CDC,,,,,,,挂起故障,,2025/1/14 01:20,,,,,,,,,,,,,,,,,,,,,,,,,,,,,
FLINK-37114,PostgreSQL,,,,Flink CDC,3.2.1,,,,,,挂起故障,,2025/1/14 06:11,,,,,,,,,,,,,,,,,,,,,,,,,,,,,
FLINK-37132,,,,,Flink CDC,3.2.0/3.2.1,,,,,,崩溃故障,,2025/1/15 06:11,,,,,,,,,,,,,,,,,,,,,,,,,,,,,
FLINK-37191,,,,,Flink CDC,3.3.0,3.4.0,,,,,挂起故障,,2025/1/21 11:38,2025/2/11 12:24,cd1fb6f980ee776216c444eb99acea90b61b8169,2025-02-04T13:43:17Z,2025-04-23T02:32:07Z,2025-02-11T12:24:13Z,2025-02-11T12:24:13Z,cd1fb6f980ee776216c444eb99acea90b61b8169,mysql-cdc-connector;reviewed;approved,flink-cdc-connect/flink-cdc-source-connectors/flink-connector-mysql-cdc/src/main/java/org/apache/flink/cdc/connectors/mysql/debezium/reader/BinlogSplitReader.java;flink-cdc-connect/flink-cdc-source-connectors/flink-connector-mysql-cdc/src/main/java/org/apache/flink/cdc/connectors/mysql/debezium/task/MySqlSnapshotSplitReadTask.java;flink-cdc-connect/flink-cdc-source-connectors/flink-connector-mysql-cdc/src/main/java/org/apache/flink/cdc/connectors/mysql/source/offset/BinlogOffset.java,12,5893,579,5897,7,4065,425,4069,2,436,61,436,101,389,7,2,3,1392,93,1392
FLINK-37195,,,,,Flink CDC,3.3.0,,,,,,崩溃故障,,2025/1/22 04:12,2025/1/11 12:24,d77cf7fa759d64f257f67c4a9b713893cec84f5c,,,,,,,,,,,,,,,,,,,,,,,,,,,
FLINK-37217,MySQL,,,,Flink CDC,,3.5.0+,,,,,崩溃故障,,2025/1/24 02:54,2025/10/11 02:32,e0e09313b3afa81b1bfaeb47a8a1ace1365cb330,2025-01-24T03:07:16Z,2025-10-11T02:32:08Z,2025-10-11T02:32:07Z,2025-10-11T02:32:07Z,e0e09313b3afa81b1bfaeb47a8a1ace1365cb330,mysql-cdc-connector;reviewed,flink-cdc-connect/flink-cdc-source-connectors/flink-connector-mysql-cdc/src/main/java/org/apache/flink/cdc/connectors/mysql/debezium/task/context/MySqlErrorHandler.java,7,681,107,681,6,676,106,676,0,0,0,0,100,19,6,0,1,5,1,5
FLINK-37254,OceanBase,5.7.25-OceanBase_CE-v4.1.0.2,,,Flink CDC,3.1.0,,Flink,1.18.1,,,崩溃故障,,2025/2/5 03:13,,,,,,,,,,,,,,,,,,,,,,,,,,,,,
FLINK-37262,MySQL,,,,Flink CDC,3.3.0,3.4.0,,,,,潜在故障（配置出错）,,2025/2/6 05:52,2025/2/11 12:19,0a4c256433c60b8a43ccc412d38f35904d0b5448,2025-02-06T06:11:59Z,2025-02-11T12:19:10Z,2025-02-11T12:19:09Z,2025-02-11T12:19:09Z,0a4c256433c60b8a43ccc412d38f35904d0b5448,mysql-cdc-connector;mysql-pipeline-connector;reviewed;approved,flink-cdc-connect/flink-cdc-pipeline-connectors/flink-cdc-pipeline-connector-mysql/src/main/java/org/apache/flink/cdc/connectors/mysql/factory/MySqlDataSourceFactory.java;flink-cdc-connect/flink-cdc-pipeline-connectors/flink-cdc-pipeline-connector-mysql/src/test/java/org/apache/flink/cdc/connectors/mysql/source/MySqlDataSourceFactoryTest.java;flink-cdc-connect/flink-cdc-source-connectors/flink-connector-mysql-cdc/src/main/java/org/apache/flink/cdc/connectors/mysql/table/MySqlTableSource.java;flink-cdc-connect/flink-cdc-source-connectors/flink-connector-mysql-cdc/src/test/java/org/apache/flink/cdc/connectors/mysql/table/MySqlTableSourceFactoryTest.java,0,0,0,0,0,0,0,0,0,0,0,0,100,91,0,0,0,0,0,0
FLINK-37292,,,,,Flink CDC,3.3.0,,Flink,1.20.0,,,崩溃故障,,2025/2/10 09:11,,,,,,,,,,,,,,,,,,,,,,,,,,,,,
FLINK-37293,OceanBase,,,,Flink CDC,,,,,,,逻辑故障,数据变更,2025/2/10 09:42,,,,,,,,,,,,,,,,,,,,,,,,,,,,,
FLINK-37313,MySQL,8.0.33,,,Flink CDC,3.3.0,,,,,,挂起故障,,2025/2/13 04:02,,,,,,,,,,,,,,,,,,,,,,,,,,,,,
FLINK-37326,MySQL,8.0.33,,,Flink CDC,3.3.0,3.4.0,,,,,崩溃故障,,2025/2/14 10:26,,,,,,,,,,,,,,,,,,,,,,,,,,,,,
FLINK-37334,MySQL,,Value,,Flink CDC,3.3.0,,,,,,逻辑故障（待确认）,数据变更,2025/2/17 08:04,2025/2/19 23:34,,,,,,,,,,,,,,,,,,,,,,,,,,,,
FLINK-37345,MySQL,,Paimon,,Flink CDC,3.0.0,,,,,,崩溃故障,,2025/2/18 10:20,,,,,,,,,,,,,,,,,,,,,,,,,,,,,
FLINK-37348,MySQL,,Paimon,,Flink CDC,3.3.0,3.4.0,,,,,崩溃故障,,2025/2/19 06:38,2025/3/5 03:53,8019fd3fc07f3b3d4288347302b65b32860410f5,2025-02-19T06:45:41Z,2025-03-05T03:53:38Z,2025-03-05T03:53:38Z,2025-03-05T03:53:38Z,8019fd3fc07f3b3d4288347302b65b32860410f5,e2e-tests;paimon-pipeline-connector;reviewed;approved,flink-cdc-connect/flink-cdc-pipeline-connectors/flink-cdc-pipeline-connector-paimon/src/main/java/org/apache/flink/cdc/connectors/paimon/sink/PaimonMetadataApplier.java;flink-cdc-connect/flink-cdc-pipeline-connectors/flink-cdc-pipeline-connector-paimon/src/test/java/org/apache/flink/cdc/connectors/paimon/sink/PaimonMetadataApplierTest.java;flink-cdc-e2e-tests/flink-cdc-pipeline-e2e-tests/src/test/java/org/apache/flink/cdc/pipeline/tests/MysqlE2eITCase.java,8,954,119,954,1,63,9,63,6,869,107,869,94,3642,1,6,1,22,3,22
FLINK-37355,MySQL,,Print,,Flink CDC,3.3.0,,,,,,崩溃故障,,2025/2/20 01:46,,,,,,,,,,,,,,,,,,,,,,,,,,,,,
FLINK-37362,PolarDB-X,,,,Flink CDC,3.4.0,3.4.0,,,,,挂起故障,,2025/2/20 13:20,2025/3/7 04:12,7389aafb26a885d39f9c4ff84aff30e4d6dc6d60,2025-03-06T13:14:54Z,2025-03-07T04:13:03Z,2025-03-07T04:12:57Z,2025-03-07T04:12:57Z,7389aafb26a885d39f9c4ff84aff30e4d6dc6d60,mysql-cdc-connector;reviewed;approved,flink-cdc-connect/flink-cdc-source-connectors/flink-connector-mysql-cdc/src/test/java/org/apache/flink/cdc/connectors/polardbx/PolardbxCharsetITCase.java;flink-cdc-connect/flink-cdc-source-connectors/flink-connector-mysql-cdc/src/test/java/org/apache/flink/cdc/connectors/polardbx/PolardbxSourceITCase.java;flink-cdc-connect/flink-cdc-source-connectors/flink-connector-mysql-cdc/src/test/java/org/apache/flink/cdc/connectors/polardbx/PolardbxSourceTestBase.java,4,3566,174,3566,2,3377,142,3377,1,121,22,121,80,80,2,1,1,68,10,68
FLINK-37368,MySQL,,,,Flink CDC,3.3.0,,,,,,崩溃故障,,2025/2/21 08:56,,,,,,,,,,,,,,,,,,,,,,,,,,,,,
FLINK-37369,OceanBase,5.7.25-OceanBase_CE-v4.1.0.2,,,Flink CDC,3.1.0,,,,,,崩溃故障,,2025/2/21 09:55,,,,,,,,,,,,,,,,,,,,,,,,,,,,,
FLINK-37371,PostgreSQL,,,,Flink CDC,3.2.0,3.4.0,,,,,崩溃故障,,2025/2/22 08:11,2025/3/27 12:11,da40727d29c8e3d3c637a52d102b3ed636ebf13a,2025-02-22T08:21:20Z,2025-03-27T14:36:28Z,2025-03-27T12:11:46Z,2025-03-27T12:11:46Z,da40727d29c8e3d3c637a52d102b3ed636ebf13a,postgres-cdc-connector;reviewed;approved,flink-cdc-connect/flink-cdc-source-connectors/flink-connector-postgres-cdc/src/main/java/org/apache/flink/cdc/connectors/postgres/source/utils/PostgresQueryUtils.java;flink-cdc-connect/flink-cdc-source-connectors/flink-connector-postgres-cdc/src/test/java/org/apache/flink/cdc/connectors/postgres/source/PostgresDialectTest.java;flink-cdc-connect/flink-cdc-source-connectors/flink-connector-postgres-cdc/src/test/java/org/apache/flink/cdc/connectors/postgres/source/PostgresSourceITCase.java;flink-cdc-connect/flink-cdc-source-connectors/flink-connector-postgres-cdc/src/test/java/org/apache/flink/cdc/connectors/postgres/source/fetch/PostgresScanFetchTaskTest.java;flink-cdc-connect/flink-cdc-source-connectors/flink-connector-postgres-cdc/src/test/java/org/apache/flink/cdc/connectors/postgres/source/reader/PostgresSourceReaderTest.java;flink-cdc-connect/flink-cdc-source-connectors/flink-connector-postgres-cdc/src/test/java/org/apache/flink/cdc/connectors/postgres/testutils/TestTable.java;flink-cdc-connect/flink-cdc-source-connectors/flink-connector-postgres-cdc/src/test/java/org/apache/flink/cdc/connectors/postgres/testutils/TestTableId.java;flink-cdc-connect/flink-cdc-source-connectors/flink-connector-postgres-cdc/src/test/resources/ddl/customer.sql,6,2189,351,2189,3,424,75,424,2,1692,266,1692,95,1641,3,2,1,73,10,73
FLINK-37388,MySQL,,,,Flink CDC,3.0.0,,,,,,崩溃故障,,2025/2/26 09:15,,,,,,,,,,,,,,,,,,,,,,,,,,,,,
FLINK-37395,MySQL,,,,Flink CDC,3.0.0,3.5.0,,,,,崩溃故障,,2025/2/27 05:00,2025/8/13 03:13,b937fdcf6ad7ebdefa2a2a3ee23b55a1ddbfa5da,,,,,,,,,,,,,,,,,,,,,,,,,,,
FLINK-37409,MySQL,,,,Flink CDC,3.3.0,3.4.0,,,,,崩溃故障,,2025/3/3 07:08,2025/3/5 11:40,9101092e1b0ebf55affad5688b51a86795a1304e,2025-03-03T07:26:26Z,2025-03-12T07:19:43Z,2025-03-05T11:40:00Z,2025-03-05T11:40:00Z,9101092e1b0ebf55affad5688b51a86795a1304e,mysql-cdc-connector;reviewed;approved,flink-cdc-connect/flink-cdc-source-connectors/flink-connector-mysql-cdc/src/main/java/org/apache/flink/cdc/connectors/mysql/debezium/reader/BinlogSplitReader.java,2,18,3,20,0,0,0,0,0,0,0,0,91,77,0,0,2,18,3,20
FLINK-37433,,,Doris,,Flink CDC,3.2.0/3.3.0,,,,,,挂起故障,,2025/3/7 02:44,,,,,,,,,,,,,,,,,,,,,,,,,,,,,
FLINK-37449,PostgreSQL,,,,Flink CDC,3.1.0//3.1.1/3.2.0/3.2.1/3.3.0,3.4.0,,,,,数据堆积,,2025/3/11 03:26,2025/3/12 13:25,b283da6d9a2247c90f864a60e42abfba42e2183a,2025-03-11T06:45:34Z,2025-03-12T13:25:09Z,2025-03-12T13:25:08Z,2025-03-12T13:25:08Z,b283da6d9a2247c90f864a60e42abfba42e2183a,postgres-cdc-connector;reviewed;approved,flink-cdc-connect/flink-cdc-source-connectors/flink-connector-postgres-cdc/src/main/java/org/apache/flink/cdc/connectors/postgres/source/enumerator/PostgresSourceEnumerator.java;flink-cdc-connect/flink-cdc-source-connectors/flink-connector-postgres-cdc/src/main/java/org/apache/flink/cdc/connectors/postgres/source/reader/PostgresSourceReader.java;flink-cdc-connect/flink-cdc-source-connectors/flink-connector-postgres-cdc/src/test/java/org/apache/flink/cdc/connectors/postgres/source/PostgresSourceITCase.java,3,108,15,108,2,37,4,37,0,0,0,0,83,11,2,0,1,71,11,71
FLINK-37453,,,,,Flink CDC,3.4.0,3.4.0,Flink,1.20.1,,,测试错误（待确认）,,2025/3/11 08:32,2025/4/25 09:12,e35180d8f4d6e127f6d0012a5d790f083393b71f,2025-03-21T11:54:44Z,2025-04-25T09:12:51Z,2025-04-25T09:12:50Z,2025-04-25T09:12:50Z,e35180d8f4d6e127f6d0012a5d790f083393b71f,build;e2e-tests;migration-tests;reviewed;approved,.github/workflows/flink_cdc_ci.yml;.github/workflows/flink_cdc_ci_nightly.yml;.github/workflows/flink_cdc_migration_test_base.yml;flink-cdc-e2e-tests/flink-cdc-pipeline-e2e-tests/src/test/java/org/apache/flink/cdc/pipeline/tests/MaxComputeE2eITCase.java;flink-cdc-e2e-tests/flink-cdc-pipeline-e2e-tests/src/test/java/org/apache/flink/cdc/pipeline/tests/MySqlToDorisE2eITCase.java;flink-cdc-e2e-tests/flink-cdc-pipeline-e2e-tests/src/test/java/org/apache/flink/cdc/pipeline/tests/MySqlToIcebergE2eITCase.java;flink-cdc-e2e-tests/flink-cdc-pipeline-e2e-tests/src/test/java/org/apache/flink/cdc/pipeline/tests/MySqlToPaimonE2eITCase.java;flink-cdc-e2e-tests/flink-cdc-pipeline-e2e-tests/src/test/java/org/apache/flink/cdc/pipeline/tests/MysqlE2eITCase.java;flink-cdc-e2e-tests/flink-cdc-pipeline-e2e-tests/src/test/java/org/apache/flink/cdc/pipeline/tests/MysqlToKafkaE2eITCase.java;flink-cdc-e2e-tests/flink-cdc-pipeline-e2e-tests/src/test/java/org/apache/flink/cdc/pipeline/tests/OceanBaseE2eITCase.java;flink-cdc-e2e-tests/flink-cdc-pipeline-e2e-tests/src/test/java/org/apache/flink/cdc/pipeline/tests/RouteE2eITCase.java;flink-cdc-e2e-tests/flink-cdc-pipeline-e2e-tests/src/test/java/org/apache/flink/cdc/pipeline/tests/SchemaEvolveE2eITCase.java;flink-cdc-e2e-tests/flink-cdc-pipeline-e2e-tests/src/test/java/org/apache/flink/cdc/pipeline/tests/SchemaEvolvingTransformE2eITCase.java;flink-cdc-e2e-tests/flink-cdc-pipeline-e2e-tests/src/test/java/org/apache/flink/cdc/pipeline/tests/TransformE2eITCase.java;flink-cdc-e2e-tests/flink-cdc-pipeline-e2e-tests/src/test/java/org/apache/flink/cdc/pipeline/tests/UdfE2eITCase.java;flink-cdc-e2e-tests/flink-cdc-pipeline-e2e-tests/src/test/java/org/apache/flink/cdc/pipeline/tests/migration/YamlJobMigrationITCase.java;flink-cdc-e2e-tests/flink-cdc-pipeline-e2e-tests/src/test/java/org/apache/flink/cdc/pipeline/tests/utils/PipelineTestEnvironment.java;flink-cdc-e2e-tests/flink-cdc-pipeline-e2e-tests/src/test/java/org/apache/flink/cdc/pipeline/tests/utils/TarballFetcher.java;flink-cdc-migration-tests/flink-cdc-migration-testcases/pom.xml;flink-cdc-migration-tests/flink-cdc-migration-testcases/src/test/java/org/apache/flink/cdc/migration/tests/MigrationTestBase.java;flink-cdc-migration-tests/flink-cdc-migration-testcases/src/test/java/org/apache/flink/cdc/migration/tests/SchemaManagerMigrationTest.java;flink-cdc-migration-tests/flink-cdc-migration-testcases/src/test/java/org/apache/flink/cdc/migration/tests/SchemaRegistryMigrationTest.java;flink-cdc-migration-tests/flink-cdc-migration-testcases/src/test/java/org/apache/flink/cdc/migration/tests/TableChangeInfoMigrationTest.java;flink-cdc-migration-tests/flink-cdc-migration-testcases/src/test/resources/log4j2-test.properties;flink-cdc-migration-tests/flink-cdc-release-3.2.0/pom.xml;flink-cdc-migration-tests/flink-cdc-release-3.2.0/src/main/java/org/apache/flink/cdc/migration/tests/MigrationMockBase.java;flink-cdc-migration-tests/flink-cdc-release-3.2.0/src/main/java/org/apache/flink/cdc/migration/tests/SchemaManagerMigrationMock.java;flink-cdc-migration-tests/flink-cdc-release-3.2.0/src/main/java/org/apache/flink/cdc/migration/tests/SchemaRegistryMigrationMock.java;flink-cdc-migration-tests/flink-cdc-release-3.2.0/src/main/java/org/apache/flink/cdc/migration/tests/TableChangeInfoMigrationMock.java;flink-cdc-migration-tests/flink-cdc-release-3.2.1/pom.xml;flink-cdc-migration-tests/flink-cdc-release-3.2.1/src/main/java/org/apache/flink/cdc/migration/tests/MigrationMockBase.java;flink-cdc-migration-tests/flink-cdc-release-3.2.1/src/main/java/org/apache/flink/cdc/migration/tests/SchemaManagerMigrationMock.java;flink-cdc-migration-tests/flink-cdc-release-3.2.1/src/main/java/org/apache/flink/cdc/migration/tests/SchemaRegistryMigrationMock.java;flink-cdc-migration-tests/flink-cdc-release-3.2.1/src/main/java/org/apache/flink/cdc/migration/tests/TableChangeInfoMigrationMock.java;flink-cdc-migration-tests/flink-cdc-release-snapshot/pom.xml;flink-cdc-migration-tests/flink-cdc-release-snapshot/src/main/java/org/apache/flink/cdc/migration/tests/MigrationMockBase.java;flink-cdc-migration-tests/flink-cdc-release-snapshot/src/main/java/org/apache/flink/cdc/migration/tests/SchemaManagerMigrationMock.java;flink-cdc-migration-tests/flink-cdc-release-snapshot/src/main/java/org/apache/flink/cdc/migration/tests/SchemaRegistryMigrationMock.java;flink-cdc-migration-tests/flink-cdc-release-snapshot/src/main/java/org/apache/flink/cdc/migration/tests/TableChangeInfoMigrationMock.java;flink-cdc-migration-tests/pom.xml,2,346,58,346,1,250,41,250,0,0,0,0,61,820,1,0,1,96,17,96
FLINK-37454,,,,,Flink CDC,3.4.0,,,,,,挂起故障,,2025/3/11 08:36,,,,,,,,,,,,,,,,,,,,,,,,,,,,,
FLINK-37503,,,,,Flink CDC,3.3.0,,,,,,崩溃故障,,2025/3/18 13:10,,,,,,,,,,,,,,,,,,,,,,,,,,,,,
FLINK-37507,MySQL,,,,Flink CDC,3.3.0,3.4.0,,,,,逻辑故障,数据变更,2025/3/19 03:33,2025/4/21 09:24,72345f0ec73c9cc3013d2804c9020244167bcb3b,2025-03-19T04:11:15Z,2025-04-21T09:24:40Z,2025-04-21T09:24:40Z,2025-04-21T09:24:40Z,72345f0ec73c9cc3013d2804c9020244167bcb3b,mysql-cdc-connector;mysql-pipeline-connector;reviewed;approved,flink-cdc-connect/flink-cdc-pipeline-connectors/flink-cdc-pipeline-connector-mysql/src/main/java/org/apache/flink/cdc/connectors/mysql/factory/MySqlDataSourceFactory.java;flink-cdc-connect/flink-cdc-pipeline-connectors/flink-cdc-pipeline-connector-mysql/src/test/java/org/apache/flink/cdc/connectors/mysql/source/MySqlTablePatternMatchingTest.java;flink-cdc-connect/flink-cdc-source-connectors/flink-connector-mysql-cdc/src/test/java/org/apache/flink/cdc/connectors/mysql/source/MySqlSourceTestBase.java,8,238,39,238,2,78,13,78,4,153,24,153,120,358,2,4,2,7,2,7
FLINK-37537,MySQL,,,,Flink CDC,3.3.0,,,,,,崩溃故障,,2025/3/24 01:40,,,,,,,,,,,,,,,,,,,,,,,,,,,,,
FLINK-37538,MySQL,,,,Flink CDC,3.3.0,,,,,,逻辑故障,结构变化,2025/3/24 01:52,,,,,,,,,,,,,,,,,,,,,,,,,,,,,
FLINK-37578,,,,,Flink CDC,3.4.0,3.4.0,,,,,崩溃故障,,2025/3/28 08:14,2025/4/21 08:42,47433993575d222808eb9cabe17b63c79270ae3d,2025-03-28T08:34:35Z,2025-04-21T08:42:48Z,2025-04-21T08:42:48Z,2025-04-21T08:42:47Z,47433993575d222808eb9cabe17b63c79270ae3d,runtime;reviewed;approved,flink-cdc-runtime/src/main/java/org/apache/flink/cdc/runtime/operators/schema/distributed/SchemaCoordinator.java;flink-cdc-runtime/src/main/java/org/apache/flink/cdc/runtime/operators/schema/distributed/SchemaOperator.java;flink-cdc-runtime/src/main/java/org/apache/flink/cdc/runtime/operators/schema/distributed/event/SchemaChangeRequest.java;flink-cdc-runtime/src/main/java/org/apache/flink/cdc/runtime/operators/schema/distributed/event/SchemaChangeResponse.java,3,319,55,321,2,276,49,278,0,0,0,0,85,513,2,0,1,43,6,43
FLINK-37585,MySQL,,,,Flink CDC,3.2.1,,,,,,逻辑故障（待复现）,数据丢失,2025/3/30 04:16,,,,,,,,,,,,,,,,,,,,,,,,,,,,,
FLINK-37619,MySQL,,Paimon,,Flink CDC,3.2.1,,,,,,崩溃故障,,2025/4/7 03:08,,,,,,,,,,,,,,,,,,,,,,,,,,,,,
FLINK-37634,MySQL,,,,Flink CDC,,3.5.0,,,,,崩溃故障,,2025/6/10 06:42,2025/6/10 06:41,1c0c5af4ece158f9f3743fab4b0cfcf274314dc7,2025-04-18T10:03:21Z,2025-06-10T06:41:32Z,2025-06-10T06:41:32Z,2025-06-10T06:41:32Z,1c0c5af4ece158f9f3743fab4b0cfcf274314dc7,mysql-pipeline-connector;reviewed;approved;3.5,flink-cdc-connect/flink-cdc-pipeline-connectors/flink-cdc-pipeline-connector-mysql/src/main/java/org/apache/flink/cdc/connectors/mysql/source/MySqlDataSource.java;flink-cdc-connect/flink-cdc-pipeline-connectors/flink-cdc-pipeline-connector-mysql/src/main/java/org/apache/flink/cdc/connectors/mysql/source/MySqlEventDeserializer.java;flink-cdc-connect/flink-cdc-pipeline-connectors/flink-cdc-pipeline-connector-mysql/src/main/java/org/apache/flink/cdc/connectors/mysql/source/parser/CustomAlterTableParserListener.java;flink-cdc-connect/flink-cdc-pipeline-connectors/flink-cdc-pipeline-connector-mysql/src/main/java/org/apache/flink/cdc/connectors/mysql/source/parser/CustomMySqlAntlrDdlParser.java;flink-cdc-connect/flink-cdc-pipeline-connectors/flink-cdc-pipeline-connector-mysql/src/main/java/org/apache/flink/cdc/connectors/mysql/source/parser/CustomMySqlAntlrDdlParserListener.java;flink-cdc-connect/flink-cdc-pipeline-connectors/flink-cdc-pipeline-connector-mysql/src/main/java/org/apache/flink/cdc/connectors/mysql/utils/MySqlSchemaUtils.java;flink-cdc-connect/flink-cdc-pipeline-connectors/flink-cdc-pipeline-connector-mysql/src/test/java/org/apache/flink/cdc/connectors/mysql/source/MySqlTableIdCaseInsensitveITCase.java;flink-cdc-connect/flink-cdc-pipeline-connectors/flink-cdc-pipeline-connector-mysql/src/test/resources/docker/tablename-sensitive/my.cnf,5,1960,244,1968,3,1950,242,1958,0,0,0,0,70,244,3,0,2,10,2,10
FLINK-37673,,,,,Flink CDC,3.4.0,,,,,,逻辑故障,结构变化,2025/4/14 16:30,,,,,,,,,,,,,,,,,,,,,,,,,,,,,
FLINK-37678,MySQL,,Doris,,Flink CDC,3.3.0,3.4.0,,,,,挂起故障,,2025/4/15 08:12,2025/4/22 07:00,e7760d444af770ae5f549afd0a05754f07a9683f,,,,,,,,,,,,,,,,,,,,,,,,,,,
FLINK-37706,OceanBase,,,,Flink CDC,3.3.0,3.4.0,,,,,测试错误（待确认）,,2025/4/21 06:19,2025/4/22 01:45,4cf54c61f9f9283ba1138ffc0179f53f6b67ce3f,2025-04-21T11:47:49Z,2025-04-22T01:45:58Z,2025-04-22T01:45:58Z,2025-04-22T01:45:58Z,4cf54c61f9f9283ba1138ffc0179f53f6b67ce3f,oceanbase-cdc-connector;reviewed;approved,flink-cdc-connect/flink-cdc-source-connectors/flink-connector-oceanbase-cdc/src/test/java/org/apache/flink/cdc/connectors/oceanbase/OceanBaseTestUtils.java,0,0,0,0,0,0,0,0,0,0,0,0,104,127,0,0,0,0,0,0
FLINK-37710,MySQL,,,,Flink CDC,3.3.0,,,,,,逻辑故障,数据丢失,2025/4/22 01:51,,,,,,,,,,,,,,,,,,,,,,,,,,,,,
FLINK-37712,ParallelMetadataSource,,,,Flink CDC,3.4.0,,,,,,崩溃故障,,2025/4/22 04:03,,,,,,,,,,,,,,,,,,,,,,,,,,,,,
FLINK-37713,,,,,Flink CDC,3.4.0,3.4.0,,,,,逻辑故障,数据变更,2025/4/22 12:12,2025/4/24 06:22,612ff5d352b2171b9e218f3e0d0c0b31921a3429,2025-04-22T12:18:25Z,2025-04-24T06:22:22Z,2025-04-24T06:22:21Z,2025-04-24T06:22:21Z,612ff5d352b2171b9e218f3e0d0c0b31921a3429,runtime;reviewed;approved,flink-cdc-runtime/src/main/java/org/apache/flink/cdc/runtime/operators/schema/common/SchemaRegistry.java,1,70,11,70,0,0,0,0,0,0,0,0,92,159,0,0,1,70,11,70
FLINK-37717,,,,,Flink CDC,3.3.0,,,,,,逻辑故障（待确认）,数据丢失,2025/4/24 11:49,,,,,,,,,,,,,,,,,,,,,,,,,,,,,
FLINK-37739,,,,,Flink CDC,3.3.0,,,,,,潜在故障（配置出错）,,2025/4/28 02:16,,,,,,,,,,,,,,,,,,,,,,,,,,,,,
FLINK-37741,,,,,Flink CDC,3.4.0,3.4.0/3.5.0,,,,,性能故障（待确认）,,2025/4/28 07:34,2025/4/29 02:25,250ab43e185ee39b23c4fb6376b84ea9e6741f58,2025-04-28T07:44:53Z,2025-04-29T02:25:39Z,2025-04-29T02:25:39Z,2025-04-29T02:25:39Z,250ab43e185ee39b23c4fb6376b84ea9e6741f58,common;reviewed;approved,flink-cdc-common/src/main/java/org/apache/flink/cdc/common/schema/Schema.java,6,1651,268,1654,4,1447,235,1450,1,199,32,199,60,1273,4,1,1,5,1,5
FLINK-37774,SQL Server,,,,Flink CDC,3.3.0,3.5.0,,,,,崩溃故障,,2025/5/10 01:52,,,2025-05-10T01:56:27Z,2025-09-02T22:59:53Z,2025-05-26T04:10:27Z,2025-05-26T04:10:27Z,6b8c5f3cf480ec0f5de1635c80c8e3f2634cdb1b,mysql-cdc-connector;base;sqlserver-cdc-connector;reviewed;approved,flink-cdc-connect/flink-cdc-source-connectors/flink-cdc-base/src/main/java/org/apache/flink/cdc/connectors/base/source/assigner/state/PendingSplitsStateSerializer.java;flink-cdc-connect/flink-cdc-source-connectors/flink-cdc-base/src/test/java/org/apache/flink/cdc/connectors/base/source/assigner/state/PendingSplitsStateSerializerTest.java;flink-cdc-connect/flink-cdc-source-connectors/flink-connector-mysql-cdc/src/main/java/org/apache/flink/cdc/connectors/mysql/source/assigners/state/PendingSplitsStateSerializer.java;flink-cdc-connect/flink-cdc-source-connectors/flink-connector-mysql-cdc/src/main/java/org/apache/flink/cdc/connectors/mysql/source/split/MySqlSplitSerializer.java;flink-cdc-connect/flink-cdc-source-connectors/flink-connector-mysql-cdc/src/test/java/org/apache/flink/cdc/connectors/mysql/source/assigners/state/PendingSplitsStateSerializerTest.java;flink-cdc-connect/flink-cdc-source-connectors/flink-connector-sqlserver-cdc/src/main/java/org/apache/flink/cdc/connectors/sqlserver/source/utils/SqlServerConnectionUtils.java;flink-cdc-connect/flink-cdc-source-connectors/flink-connector-sqlserver-cdc/src/main/java/org/apache/flink/cdc/connectors/sqlserver/source/utils/SqlServerUtils.java,10,5804,535,5804,1,28,5,28,8,5771,529,5771,104,404,1,8,1,5,1,5
FLINK-37824,,,,,Flink CDC,3.4.0,3.5.0,,,,,逻辑故障,结构变化,2025/5/21 10:56,2025/5/23 12:09,a91f8b7b273bdbb08c451c833ecd5838f8615a70,,,,,,,,,,,,,,,,,,,,,,,,,,,
FLINK-37835,MySQL,,,,Flink CDC,3.4.0,3.5.0,,,,,崩溃故障,,2025/5/23 01:11,2025/8/13 03:13,b937fdcf6ad7ebdefa2a2a3ee23b55a1ddbfa5da,2025-08-12T07:13:15Z,2025-08-13T03:13:42Z,2025-08-13T03:13:42Z,2025-08-13T03:13:42Z,b937fdcf6ad7ebdefa2a2a3ee23b55a1ddbfa5da,mysql-cdc-connector;reviewed;approved;3.5,flink-cdc-connect/flink-cdc-source-connectors/flink-connector-mysql-cdc/src/main/java/org/apache/flink/cdc/connectors/mysql/source/offset/BinlogOffset.java;flink-cdc-connect/flink-cdc-source-connectors/flink-connector-mysql-cdc/src/test/java/org/apache/flink/cdc/connectors/mysql/debezium/reader/BinlogSplitReaderTest.java,1,5,1,5,0,0,0,0,0,0,0,0,65,431,0,0,1,5,1,5
FLINK-37839,,,,,Flink CDC,3.4.0,3.5.0,,,,,打包故障,,2025/5/24 02:02,2025/5/26 06:07,29bee723be4f63d5cc86c80789c022b9a290da69,2025-05-24T02:14:11Z,2025-05-26T06:07:25Z,2025-05-26T06:07:24Z,2025-05-26T06:07:24Z,29bee723be4f63d5cc86c80789c022b9a290da69,build;reviewed;approved,tools/releasing/create_source_release.sh,2,131,22,131,1,88,15,88,0,0,0,0,65,302,1,0,1,43,7,43
FLINK-37848,MySQL,,,,Flink CDC,3.4.0,,,,,,逻辑故障,数据丢失,2025/5/26 03:10,,,,,,,,,,,,,,,,,,,,,,,,,,,,,
FLINK-37852,SQL Server,,,,Flink CDC,3.4.0,,,,,,逻辑故障,结构变化,2025/5/26 17:54,,,,,,,,,,,,,,,,,,,,,,,,,,,,,
FLINK-37860,,,Paimon,,Flink CDC,3.4.0,3.5.0,,,,,崩溃故障,,2025/5/28 11:17,2025/6/9 07:13,2fcf6f216aa74da4e0309d261e95f3462c2d1cc5,2025-05-28T11:19:31Z,2025-06-09T07:13:58Z,2025-06-09T07:13:58Z,2025-06-09T07:13:58Z,2fcf6f216aa74da4e0309d261e95f3462c2d1cc5,paimon-pipeline-connector;reviewed;approved,flink-cdc-connect/flink-cdc-pipeline-connectors/flink-cdc-pipeline-connector-paimon/src/main/java/org/apache/flink/cdc/connectors/paimon/sink/v2/PreCommitOperator.java;flink-cdc-connect/flink-cdc-pipeline-connectors/flink-cdc-pipeline-connector-paimon/src/test/java/org/apache/flink/cdc/connectors/paimon/sink/v2/PaimonSinkITCase.java,4,377,54,377,2,83,13,83,1,289,40,289,108,1709,2,1,1,5,1,5
FLINK-37879,,,,,Flink CDC,3.4.0,,,,,,语法故障（待确认）,,2025/5/30 13:03,,,,,,,,,,,,,,,,,,,,,,,,,,,,,
FLINK-37888,MySQL,,,,Flink CDC,3.4.0,,,,,,逻辑故障,结构变化,2025/6/3 13:58,,,,,,,,,,,,,,,,,,,,,,,,,,,,,
FLINK-37891,SQL Server,,,,Flink CDC,3.4.0,3.5.0,,,,,文档错误（待确认）,,2025/6/3 23:00,2025/6/9 14:40,1454b36a3c6c6972842a9b193a4651b8c3f8d735,2025-06-03T23:04:48Z,2025-06-10T13:07:13Z,2025-06-10T05:40:50Z,2025-06-10T05:40:50Z,1454b36a3c6c6972842a9b193a4651b8c3f8d735,docs;sqlserver-cdc-connector;reviewed;approved,docs/content.zh/docs/connectors/flink-sources/sqlserver-cdc.md;docs/content/docs/connectors/flink-sources/sqlserver-cdc.md;flink-cdc-connect/flink-cdc-source-connectors/flink-connector-sqlserver-cdc/src/main/java/org/apache/flink/cdc/connectors/sqlserver/table/SqlServerTableFactory.java,1,26,4,26,0,0,0,0,0,0,0,0,65,382,0,0,1,26,4,26
FLINK-37905,MySQL,,,,Flink CDC,3.4.0,3.5.0,,,,,崩溃故障,,2025/6/5 08:22,2025/8/8 07:36,224a07510be35c5d0dcfc9aa0a8dcbd88b0e7733,2025-06-05T13:32:37Z,2025-08-08T07:36:56Z,2025-08-08T07:36:56Z,2025-08-08T07:36:56Z,224a07510be35c5d0dcfc9aa0a8dcbd88b0e7733,composer;runtime;e2e-tests;reviewed;approved,flink-cdc-composer/src/test/java/org/apache/flink/cdc/composer/flink/FlinkPipelineTransformITCase.java;flink-cdc-e2e-tests/flink-cdc-pipeline-e2e-tests/src/test/java/org/apache/flink/cdc/pipeline/tests/TransformE2eITCase.java;flink-cdc-runtime/src/main/java/org/apache/flink/cdc/runtime/parser/JaninoCompiler.java;flink-cdc-runtime/src/main/resources/saffron.properties;flink-cdc-runtime/src/test/java/org/apache/flink/cdc/runtime/parser/TransformParserTest.java,2,102,9,102,0,0,0,0,1,97,8,97,66,255,0,1,1,5,1,5
FLINK-37909,MongoDB,,,,Flink CDC,3.4.0,3.5.0,Flink,1.20.0,,,崩溃故障,,2025/6/6 03:54,2025/6/7 12:37,9c84d64d646e02183aa49cba26a0dd7cf6bb3158,2025-06-06T04:31:49Z,2025-06-07T15:21:05Z,2025-06-07T15:07:14Z,2025-06-07T15:07:14Z,9c84d64d646e02183aa49cba26a0dd7cf6bb3158,mongodb-cdc-connector;reviewed;approved,flink-cdc-connect/flink-cdc-source-connectors/flink-connector-mongodb-cdc/src/main/java/org/apache/flink/cdc/connectors/mongodb/source/reader/fetch/MongoDBStreamFetchTask.java,6,1495,231,1495,5,1405,217,1405,0,0,0,0,93,327,5,0,1,90,14,90
FLINK-37943,MongoDB,,,,Flink CDC,2.4.2,,,,,,崩溃故障,,2025/6/11 08:07,,,,,,,,,,,,,,,,,,,,,,,,,,,,,
FLINK-37975,MySQL,,,,Flink CDC,3.4.0,,,,,,逻辑故障,结构变化,2025/6/19 13:53,,,,,,,,,,,,,,,,,,,,,,,,,,,,,
FLINK-38021,MySQL,,,,Flink CDC,3.4.0,,Flink,1.20.0,,,逻辑故障,结构变化,2025/6/27 04:30,,,,,,,,,,,,,,,,,,,,,,,,,,,,,
FLINK-38026,Oracle,,,,Flink CDC,3.4.0,,,,,,逻辑故障,结构变化,2025/6/27 15:54,,,,,,,,,,,,,,,,,,,,,,,,,,,,,
FLINK-38061,MySQL,5.7,,,Flink CDC,3.4.0,,Flink,1.20.1,,,崩溃故障,,2025/7/8 07:54,,,,,,,,,,,,,,,,,,,,,,,,,,,,,
FLINK-38065,PostgreSQL,,,,Flink CDC,3.4.0,3.5.0,,,,,崩溃故障,,2025/7/8 20:11,2025/7/9 10:54,8437bc922f1dc7298ae0881302bda90999b63c97,2025-07-08T20:13:53Z,2025-07-09T12:49:44Z,2025-07-09T10:54:08Z,2025-07-09T10:54:08Z,8437bc922f1dc7298ae0881302bda90999b63c97,postgres-cdc-connector;reviewed;approved,flink-cdc-connect/flink-cdc-source-connectors/flink-connector-postgres-cdc/src/main/java/org/apache/flink/cdc/connectors/postgres/source/offset/PostgresOffset.java,1,33,6,33,0,0,0,0,0,0,0,0,59,122,0,0,1,33,6,33
FLINK-38134,,,,,,,3.5.0,,,,,逻辑故障（待确认）,数据丢失,2025/7/23 07:15,2025/7/31 11:17,5eaf9eb86b81a1fe80a06abe7c39a85cadc9b35e,2025-07-25T04:23:27Z,2025-07-31T11:17:50Z,2025-07-31T11:17:49Z,2025-07-31T11:17:49Z,5eaf9eb86b81a1fe80a06abe7c39a85cadc9b35e,docs;common;e2e-tests;reviewed;approved,docs/content.zh/docs/connectors/flink-sources/mysql-cdc.md;docs/content/docs/connectors/flink-sources/mysql-cdc.md;flink-cdc-common/src/main/java/org/apache/flink/cdc/common/utils/SchemaMergingUtils.java;flink-cdc-common/src/test/java/org/apache/flink/cdc/common/utils/SchemaMergingUtilsTest.java;flink-cdc-e2e-tests/flink-cdc-pipeline-e2e-tests/pom.xml,5,233,45,233,3,224,43,224,0,0,0,0,70,170,3,0,2,9,2,9
FLINK-38141,,,Iceberg,,Flink CDC,3.4.0,3.5.0,,,,,逻辑故障,数据变更,2025/7/25 07:01,2025/8/4 12:00,f58158ae398956763efb55f766178ee916062cde,2025-07-31T03:26:13Z,2025-08-04T12:00:03Z,2025-08-04T12:00:03Z,2025-08-04T12:00:03Z,f58158ae398956763efb55f766178ee916062cde,reviewed;approved,flink-cdc-connect/flink-cdc-pipeline-connectors/flink-cdc-pipeline-connector-iceberg/src/main/java/org/apache/flink/cdc/connectors/iceberg/sink/utils/IcebergTypeUtils.java;flink-cdc-connect/flink-cdc-pipeline-connectors/flink-cdc-pipeline-connector-iceberg/src/test/java/org/apache/flink/cdc/connectors/iceberg/sink/IcebergMetadataApplierTest.java;flink-cdc-connect/flink-cdc-pipeline-connectors/flink-cdc-pipeline-connector-iceberg/src/test/java/org/apache/flink/cdc/connectors/iceberg/sink/v2/IcebergWriterTest.java,1,15,3,15,0,0,0,0,0,0,0,0,86,298,0,0,1,15,3,15
FLINK-38152,MySQL,,,,Flink CDC,3.4.0,,,,,,参数故障,,2025/7/29 11:20,,,,,,,,,,,,,,,,,,,,,,,,,,,,,
FLINK-38183,MySQL,,,,Flink CDC,3.0.0,,,,,,逻辑故障,数据丢失,2025/8/3 03:20,,,,,,,,,,,,,,,,,,,,,,,,,,,,,
FLINK-38188,PostgreSQL,,,,Flink CDC,3.4.0,3.5.0,,,,,潜在故障（配置出错）,,2025/8/5 05:50,2025/8/13 05:02,6788ff5bf33585905714e00d1e5a4600ee509709,2025-08-05T05:56:50Z,2025-08-13T06:11:36Z,2025-08-13T05:02:15Z,2025-08-13T05:02:15Z,6788ff5bf33585905714e00d1e5a4600ee509709,reviewed;approved;3.5,flink-cdc-connect/flink-cdc-pipeline-connectors/flink-cdc-pipeline-connector-postgres/src/main/java/org/apache/flink/cdc/connectors/postgres/factory/PostgresDataSourceFactory.java;flink-cdc-connect/flink-cdc-pipeline-connectors/flink-cdc-pipeline-connector-postgres/src/test/java/org/apache/flink/cdc/connectors/postgres/factory/PostgresDataSourceFactoryTest.java;flink-cdc-e2e-tests/flink-cdc-pipeline-e2e-tests/src/test/java/org/apache/flink/cdc/pipeline/tests/PostgresE2eITCase.java,18,1934,269,1938,9,779,131,781,6,1094,129,1096,108,1297,9,6,3,61,9,61
FLINK-38196,PostgreSQL,,,,Flink CDC,3.4.0,,,,,,崩溃故障,,2025/8/6 05:16,,,,,,,,,,,,,,,,,,,,,,,,,,,,,
FLINK-38197,MySQL,,,,Flink CDC,3.4.0,,,,,,逻辑故障（待复现）,结构变化,2025/8/6 06:25,,,,,,,,,,,,,,,,,,,,,,,,,,,,,
FLINK-38204,MySQL,,MaxCompute,,Flink CDC,3.4.0,,,,,,崩溃故障,,2025/8/7 02:03,2025/8/14 04:51,16fa17e064758ef8d1de3c8a94fea7c618d4b0e1,2025-08-14T03:26:57Z,2025-08-14T04:51:57Z,2025-08-14T04:51:57Z,2025-08-14T04:51:57Z,16fa17e064758ef8d1de3c8a94fea7c618d4b0e1,reviewed;approved;maxcompute-pipeline-connector,flink-cdc-connect/flink-cdc-pipeline-connectors/flink-cdc-pipeline-connector-maxcompute/src/main/java/org/apache/flink/cdc/connectors/maxcompute/coordinator/SessionManageOperator.java,1,5,1,5,0,0,0,0,0,0,0,0,103,99,0,0,1,5,1,5
FLINK-38218,MySQL,,,,Flink CDC,3.2.1,,,,,,逻辑故障,数据丢失,2025/8/8 18:03,,,,,,,,,,,,,,,,,,,,,,,,,,,,,
FLINK-38221,PostgreSQL,,,,Flink CDC,3.4.0,3.5.0,,,,,逻辑故障,数据丢失,2025/8/11 05:43,2025/9/16 06:46,67a5ca1cd166d0f55f7d42b9433ed7181646a192,,,,,,,,,,,,,,,,,,,,,,,,,,,
FLINK-38235,MySQL,,,,Flink CDC,3.3.0,,,,,,逻辑故障,功能缺失,2025/8/12 20:29,,,,,,,,,,,,,,,,,,,,,,,,,,,,,
FLINK-38237,MongoDB,,,,Flink CDC,3.4.0,,Flink,1.2,,,逻辑故障,数据变更,2025/8/13 06:46,,,,,,,,,,,,,,,,,,,,,,,,,,,,,
FLINK-38238,MySQL,,,,Flink CDC,3.1.0,3.5.0,,,,,崩溃故障,,2025/8/13 07:44,2025/8/15 09:47,f9b9f0cec5edc40be2eec2f5c5958c0cdc10ff2d,,,,,,,,,,,,,,,,,,,,,,,,,,,
FLINK-38247,MySQL,,,,Flink CDC,3.1.0,,,,,,死锁故障,,2025/8/14 16:39,,,,,,,,,,,,,,,,,,,,,,,,,,,,,
FLINK-38270,MySQL,8.0.28,,,Flink CDC,3.2.0,,,,,,逻辑故障,数据丢失,2025/8/20 00:18,,,,,,,,,,,,,,,,,,,,,,,,,,,,,
FLINK-38276,,,,,,,,,,,,逻辑故障,结构变化,2025/8/22 03:52,,,,,,,,,,,,,,,,,,,,,,,,,,,,,
FLINK-38279,MySQL,,,,Flink CDC,3.4.0,,,,,,崩溃故障,,2025/8/23 03:01,,,,,,,,,,,,,,,,,,,,,,,,,,,,,
FLINK-38310,,,,,Flink CDC,3.4.0,3.5.0,,,,,潜在故障（逻辑缺陷）,,2025/9/2 19:17,2025/9/16 06:10,ea384c8d798f78da676aba37e0913f6ca9d89e39,2025-09-02T19:49:11Z,2025-09-16T06:15:58Z,2025-09-16T06:10:52Z,2025-09-16T06:10:52Z,ea384c8d798f78da676aba37e0913f6ca9d89e39,mysql-cdc-connector;base;reviewed;approved,flink-cdc-connect/flink-cdc-source-connectors/flink-cdc-base/pom.xml;flink-cdc-connect/flink-cdc-source-connectors/flink-cdc-base/src/main/java/org/apache/flink/cdc/connectors/base/source/meta/split/FinishedSnapshotSplitInfo.java;flink-cdc-connect/flink-cdc-source-connectors/flink-cdc-base/src/test/java/org/apache/flink/cdc/connectors/base/source/meta/split/FinishedSnapshotSplitInfoTest.java;flink-cdc-connect/flink-cdc-source-connectors/flink-connector-mysql-cdc/src/main/java/org/apache/flink/cdc/connectors/mysql/source/split/FinishedSnapshotSplitInfo.java;flink-cdc-connect/flink-cdc-source-connectors/flink-connector-mysql-cdc/src/test/java/org/apache/flink/cdc/connectors/mysql/source/split/FinishedSnapshotSplitInfoTest.java,1,185,24,185,1,185,24,185,0,0,0,0,73,216,1,0,0,0,0,0
FLINK-38334,MySQL,,,,Flink CDC,3.2.0,,,,,,挂起故障,,2025/9/9 22:36,,,,,,,,,,,,,,,,,,,,,,,,,,,,,
FLINK-38354,,,Paimon,1.0.1,Flink CDC,3.4.0,,Flink,1.20.2,,,崩溃故障,,2025/9/15 03:22,,,,,,,,,,,,,,,,,,,,,,,,,,,,,
FLINK-38393,,,,,Flink CDC,3.4.0,3.5.0,,,,,潜在故障（校验过严）,,2025/9/19 11:26,2025/9/22 03:53,ae26861109b4afdacec6273285e848a0d32c2290,2025-09-19T11:41:18Z,2025-09-22T03:53:39Z,2025-09-22T03:53:39Z,2025-09-22T03:53:39Z,ae26861109b4afdacec6273285e848a0d32c2290,composer;runtime;reviewed;approved,flink-cdc-composer/src/test/java/org/apache/flink/cdc/composer/flink/FlinkPipelineTransformITCase.java;flink-cdc-runtime/src/main/java/org/apache/flink/cdc/runtime/operators/transform/PostTransformOperator.java,3,99,17,99,2,94,16,94,0,0,0,0,86,951,2,0,1,5,1,5
FLINK-38440,MySQL,,Iceberg,,Flink CDC,3.0.0,3.5.0+,,,,,逻辑故障,数据变更,2025/9/26 03:40,2025/9/28 03:56,682d791538972148c2d9f24f96fc2bd9b1a77666,2025-09-26T06:07:47Z,2025-10-10T06:25:22Z,2025-09-28T03:56:48Z,2025-09-28T03:56:47Z,682d791538972148c2d9f24f96fc2bd9b1a77666,reviewed;approved;iceberg-pipeline-connector,flink-cdc-connect/flink-cdc-pipeline-connectors/flink-cdc-pipeline-connector-iceberg/src/main/java/org/apache/flink/cdc/connectors/iceberg/sink/utils/IcebergTypeUtils.java;flink-cdc-connect/flink-cdc-pipeline-connectors/flink-cdc-pipeline-connector-iceberg/src/test/java/org/apache/flink/cdc/connectors/iceberg/sink/v2/IcebergWriterTest.java,1,17,3,17,0,0,0,0,0,0,0,0,90,327,0,0,1,17,3,17
FLINK-38450,,,Iceberg,,Flink CDC,3.0.0,,,,,,逻辑故障,数据变更,2025/9/28 06:45,,,,,,,,,,,,,,,,,,,,,,,,,,,,,
FLINK-38452,MongoDB,,,,Flink CDC,3.5.0,3.5.0+,,,,,崩溃故障,,2025/9/29 08:18,2025/9/30 05:03,35592201cc3989723dffb7fcc54786b4214e4988,2025-09-29T09:11:14Z,2025-09-30T05:03:18Z,2025-09-30T05:03:18Z,2025-09-30T05:03:18Z,35592201cc3989723dffb7fcc54786b4214e4988,mongodb-cdc-connector;reviewed;approved,flink-cdc-connect/flink-cdc-source-connectors/flink-connector-mongodb-cdc/src/main/java/org/apache/flink/cdc/connectors/mongodb/source/dialect/MongoDBDialect.java;flink-cdc-connect/flink-cdc-source-connectors/flink-connector-mongodb-cdc/src/main/java/org/apache/flink/cdc/connectors/mongodb/source/utils/MongoUtils.java;flink-cdc-connect/flink-cdc-source-connectors/flink-connector-mongodb-cdc/src/test/java/org/apache/flink/cdc/connectors/mongodb/table/MongoDBRegexFilterITCase.java,1,5,1,5,0,0,0,0,0,0,0,0,84,471,0,0,1,5,1,5
FLINK-38455,MySQL,5.x,Elasticsearch,8.x,Flink CDC,3.5.0,,Flink,1.20.2,,,潜在故障（缺少必要）,,2025/9/30 03:57,,,,,,,,,,,,,,,,,,,,,,,,,,,,,
FLINK-38467,MySQL,8.0.31,Doris,2.1.3-rc09,Flink CDC,3.1.0,,Flink,1.19.0,,,崩溃故障,,2025/10/1 04:08,,,,,,,,,,,,,,,,,,,,,,,,,,,,,
FLINK-38478,,,Paimon,,Flink CDC,3.1.0,,,,,,逻辑故障,"	数据丢失",2025/10/5 11:12,2025/10/31 06:26,6a18cd7f7fe5de9c1a79587f9f0af923f3146fd3,2025-10-06T01:47:38Z,2025-10-31T06:26:56Z,2025-10-31T06:26:56Z,2025-10-31T06:26:56Z,6a18cd7f7fe5de9c1a79587f9f0af923f3146fd3,docs;e2e-tests;paimon-pipeline-connector;reviewed;approved,docs/content.zh/docs/connectors/pipeline-connectors/paimon.md;docs/content/docs/connectors/pipeline-connectors/paimon.md;flink-cdc-connect/flink-cdc-pipeline-connectors/flink-cdc-pipeline-connector-paimon/src/main/java/org/apache/flink/cdc/connectors/paimon/sink/PaimonDataSinkOptions.java;flink-cdc-connect/flink-cdc-pipeline-connectors/flink-cdc-pipeline-connector-paimon/src/main/java/org/apache/flink/cdc/connectors/paimon/sink/v2/PaimonSink.java;flink-cdc-connect/flink-cdc-pipeline-connectors/flink-cdc-pipeline-connector-paimon/src/main/java/org/apache/flink/cdc/connectors/paimon/sink/v2/PaimonWriter.java;flink-cdc-connect/flink-cdc-pipeline-connectors/flink-cdc-pipeline-connector-paimon/src/main/java/org/apache/flink/cdc/connectors/paimon/sink/v2/PaimonWriterState.java;flink-cdc-connect/flink-cdc-pipeline-connectors/flink-cdc-pipeline-connector-paimon/src/main/java/org/apache/flink/cdc/connectors/paimon/sink/v2/PaimonWriterStateSerializer.java;flink-cdc-e2e-tests/flink-cdc-pipeline-e2e-tests/src/test/java/org/apache/flink/cdc/pipeline/tests/migration/MySqlToPaimonMigrationITCase.java;flink-cdc-e2e-tests/flink-cdc-pipeline-e2e-tests/src/test/java/org/apache/flink/cdc/pipeline/tests/migration/YamlJobMigrationITCase.java;flink-cdc-e2e-tests/flink-cdc-pipeline-e2e-tests/src/test/java/org/apache/flink/cdc/pipeline/tests/utils/PipelineTestEnvironment.java;flink-cdc-e2e-tests/flink-cdc-pipeline-e2e-tests/src/test/java/org/apache/flink/cdc/pipeline/tests/utils/TarballFetcher.java,6,360,60,360,1,19,3,19,3,202,34,202,94,71,1,3,2,139,23,139
FLINK-38491,,,Iceberg,,Flink CDC,3.0.0,,,,,,崩溃故障,,2025/10/9 07:54,,,,,,,,,,,,,,,,,,,,,,,,,,,,,
FLINK-38522,MySQL,8.0+,,,Flink CDC,3.4.0,,,,,,崩溃故障,,2025/10/14 12:50,,,,,,,,,,,,,,,,,,,,,,,,,,,,,
FLINK-38531,MySQL,,,,Flink CDC,3.1.1,,,,,,逻辑故障,数据丢失,2025/10/19 06:52,,,,,,,,,,,,,,,,,,,,,,,,,,,,,
FLINK-38540,,,,,Flink CDC,3.5.0,3.5.0+,,,,,潜在故障（偶然触发）,,2025/10/21 11:52,2025/10/22 07:49,57726d29b1bbbf3d19bf8841eb7a08c433d611a6,2025-10-21T11:57:54Z,2025-10-22T07:49:03Z,2025-10-22T07:49:03Z,2025-10-22T07:49:03Z,57726d29b1bbbf3d19bf8841eb7a08c433d611a6,runtime;reviewed;approved,flink-cdc-runtime/src/main/java/org/apache/flink/cdc/runtime/operators/transform/TransformExpressionCompiler.java;flink-cdc-runtime/src/main/java/org/apache/flink/cdc/runtime/operators/transform/TransformExpressionKey.java,1,5,1,5,0,0,0,0,0,0,0,0,69,4285,0,0,1,5,1,5
FLINK-38550,MongoDB,,,,Flink CDC,3.5.0,,,,,,崩溃故障,,2025/10/23 03:59,,,2025-10-23T04:06:27Z,2025-10-28T08:55:52Z,2025-10-28T08:55:52Z,2025-10-28T08:55:51Z,4698b7a6397fafbf3e54d81ce7c29ad1f62d7d16,mongodb-cdc-connector;reviewed;approved,flink-cdc-connect/flink-cdc-source-connectors/flink-connector-mongodb-cdc/src/main/java/org/apache/flink/cdc/connectors/mongodb/source/utils/MongoUtils.java,2,229,33,229,1,182,25,182,0,0,0,0,19,89,1,0,1,47,8,47
FLINK-38555,MySQL,,,,Flink CDC,3.5.0,,,,,,性能故障（待确认）,,2025/10/24 02:15,,,,,,,,,,,,,,,,,,,,,,,,,,,,,
FLINK-38593,SQL Server,,,,Flink CDC,3.5.0,3.5.0+,,,,,崩溃故障,,2025/10/30 08:44,2025/10/30 11:21,920fab95cef7fc19f1c209c4bdf55975f2603a61,2025-10-30T08:48:01Z,2025-10-30T11:21:10Z,2025-10-30T11:21:04Z,2025-10-30T11:21:04Z,920fab95cef7fc19f1c209c4bdf55975f2603a61,sqlserver-cdc-connector;e2e-tests;reviewed;approved,flink-cdc-connect/flink-cdc-source-connectors/flink-connector-sqlserver-cdc/src/test/resources/ddl/column_type_test.sql;flink-cdc-connect/flink-cdc-source-connectors/flink-connector-sqlserver-cdc/src/test/resources/ddl/customer.sql;flink-cdc-connect/flink-cdc-source-connectors/flink-connector-sqlserver-cdc/src/test/resources/ddl/inventory.sql;flink-cdc-connect/flink-cdc-source-connectors/flink-connector-sqlserver-cdc/src/test/resources/ddl/pk.sql;flink-cdc-connect/flink-cdc-source-connectors/flink-connector-sqlserver-cdc/src/test/resources/ddl/product.sql;flink-cdc-e2e-tests/flink-cdc-source-e2e-tests/src/test/resources/ddl/sqlserver_inventory.sql,1,5,1,5,0,0,0,0,0,0,0,0,113,82,0,0,1,5,1,5
FLINK-38596,MySQL,,MaxCompute,,Flink CDC,3.3.0,,,,,,逻辑故障,数据变更,2025/10/30 20:00,,,,,,,,,,,,,,,,,,,,,,,,,,,,,
FLINK-38601,MongoDB,,,,Flink CDC,3.0.0,,,,,,挂起故障,,2025/10/31 07:15,,,,,,,,,,,,,,,,,,,,,,,,,,,,,
FLINK-38618,MySQL/SQL Server,,,,Flink CDC,3.1.0,3.5.0+,,,,,逻辑故障,数据丢失,2025/11/4 02:51,,,,,,,,,,,,,,,,,,,,,,,,,,,,,
FLINK-38620,,,,,Flink CDC,3.0.0,,,,,,崩溃故障,,2025/11/4 08:35,2025/11/6 12:10,6542026d0d8e9c07e939c20c76c02b78eb70d9f4,2025-11-04T08:43:55Z,2025-11-06T12:10:52Z,2025-11-06T12:10:52Z,2025-11-06T12:10:52Z,6542026d0d8e9c07e939c20c76c02b78eb70d9f4,reviewed;approved;iceberg-pipeline-connector,flink-cdc-connect/flink-cdc-pipeline-connectors/flink-cdc-pipeline-connector-iceberg/src/main/java/org/apache/flink/cdc/connectors/iceberg/sink/v2/IcebergCommitter.java,1,5,1,5,0,0,0,0,0,0,0,0,85,661,0,0,1,5,1,5