Bug编号,Source数据库类型,Source数据库版本,Sink数据库类型,Sink数据库版本,首次报告时间,确认修复时间,修复 commit hash,修复周期,tool_created_at,tool_updated_at,tool_closed_at,tool_merged_at,tool_merge_commit_hash,tool_labels,tool_files_changed,tool_total_files_count,tool_people_involved_count,tool_loc_changed,tool_pr_tries_count,tool_total_comments_count,tool_total_chars,tool_total_words,tool_total_bytes,issue_comments_count,issue_comments_chars,issue_comments_words,issue_comments_bytes,review_comments_count,review_comments_chars,review_comments_words,review_comments_bytes,pr_detail_title_chars,pr_detail_body_chars,pr_detail_comments_count,pr_detail_review_comments_count,review_blocs_count,review_blocs_chars,review_blocs_words,review_blocs_bytes
FLINK-34595,MySQL,,,,2024/3/6 16:31,2024/3/11 02:55,26eb6a99b98d7ad547057e8da4413d9c26b84fc8,4d 10:24:56,,,,,,,,,,,,,,,,,,,,,,,,,,,,,,,
FLINK-34634,MongoDB;MySQL;PostgreSQL,5.7.0,,,2024/3/9 07:30,2024/4/12 02:15,48ca8623bb8fa405adb56dbe505dbad10902db89,33d 18:45:46,2024-03-13T07:26:39Z,2024-04-12T02:15:46Z,2024-04-12T02:15:46Z,2024-04-12T02:15:46Z,48ca8623bb8fa405adb56dbe505dbad10902db89,mongodb-cdc-connector;mysql-cdc-connector;base;postgres-cdc-connector,flink-cdc-connect/flink-cdc-source-connectors/flink-cdc-base/src/main/java/org/apache/flink/cdc/connectors/base/source/assigner/SnapshotSplitAssigner.java;flink-cdc-connect/flink-cdc-source-connectors/flink-cdc-base/src/main/java/org/apache/flink/cdc/connectors/base/source/enumerator/IncrementalSourceEnumerator.java;flink-cdc-connect/flink-cdc-source-connectors/flink-cdc-base/src/main/java/org/apache/flink/cdc/connectors/base/source/meta/events/StreamSplitMetaEvent.java;flink-cdc-connect/flink-cdc-source-connectors/flink-cdc-base/src/main/java/org/apache/flink/cdc/connectors/base/source/meta/events/StreamSplitMetaRequestEvent.java;flink-cdc-connect/flink-cdc-source-connectors/flink-cdc-base/src/main/java/org/apache/flink/cdc/connectors/base/source/meta/split/StreamSplit.java;flink-cdc-connect/flink-cdc-source-connectors/flink-cdc-base/src/main/java/org/apache/flink/cdc/connectors/base/source/reader/IncrementalSourceReader.java;flink-cdc-connect/flink-cdc-source-connectors/flink-connector-mongodb-cdc/src/test/java/org/apache/flink/cdc/connectors/mongodb/source/NewlyAddedTableITCase.java;flink-cdc-connect/flink-cdc-source-connectors/flink-connector-mysql-cdc/src/main/java/org/apache/flink/cdc/connectors/mysql/source/assigners/MySqlSnapshotSplitAssigner.java;flink-cdc-connect/flink-cdc-source-connectors/flink-connector-mysql-cdc/src/main/java/org/apache/flink/cdc/connectors/mysql/source/enumerator/MySqlSourceEnumerator.java;flink-cdc-connect/flink-cdc-source-connectors/flink-connector-mysql-cdc/src/main/java/org/apache/flink/cdc/connectors/mysql/source/events/BinlogSplitMetaEvent.java;flink-cdc-connect/flink-cdc-source-connectors/flink-connector-mysql-cdc/src/main/java/org/apache/flink/cdc/connectors/mysql/source/events/BinlogSplitMetaRequestEvent.java;flink-cdc-connect/flink-cdc-source-connectors/flink-connector-mysql-cdc/src/main/java/org/apache/flink/cdc/connectors/mysql/source/reader/MySqlSourceReader.java;flink-cdc-connect/flink-cdc-source-connectors/flink-connector-mysql-cdc/src/main/java/org/apache/flink/cdc/connectors/mysql/source/split/MySqlBinlogSplit.java;flink-cdc-connect/flink-cdc-source-connectors/flink-connector-mysql-cdc/src/test/java/org/apache/flink/cdc/connectors/mysql/source/NewlyAddedTableITCase.java;flink-cdc-connect/flink-cdc-source-connectors/flink-connector-postgres-cdc/src/test/java/org/apache/flink/cdc/connectors/postgres/source/NewlyAddedTableITCase.java,15,3,246,1,14.0,1825.0,281.0,1825.0,5.0,1682.0,253.0,1682.0,8.0,99.0,20.0,99.0,173.0,3128.0,5.0,8.0,1.0,44.0,8.0,44.0
FLINK-34690,MySQL,,StarRocks,,2024/3/15 04:08,2024/4/11 02:57,abb98ee257527079a013462de0893bb9e2276693,26d 22:49:49,2024-03-15T07:16:10Z,2024-04-11T02:57:49Z,2024-04-11T02:57:49Z,2024-04-11T02:57:49Z,abb98ee257527079a013462de0893bb9e2276693,starrocks-pipeline-connector,flink-cdc-connect/flink-cdc-pipeline-connectors/flink-cdc-pipeline-connector-starrocks/src/main/java/org/apache/flink/cdc/connectors/starrocks/sink/StarRocksUtils.java;flink-cdc-connect/flink-cdc-pipeline-connectors/flink-cdc-pipeline-connector-starrocks/src/test/java/org/apache/flink/cdc/connectors/starrocks/sink/CdcDataTypeTransformerTest.java,2,4,61,1,26.0,2155.0,304.0,2197.0,4.0,369.0,58.0,369.0,18.0,1661.0,231.0,1693.0,70.0,625.0,4.0,18.0,4.0,125.0,15.0,135.0
FLINK-34715,MySQL,,,,2024/3/18 08:03,2024/3/18 10:11,14b81dc6ec804bd516005a177aea00be75df3cc2,0d 02:08:52,2024-03-18T08:07:02Z,2024-03-18T10:11:52Z,2024-03-18T10:11:52Z,2024-03-18T10:11:52Z,14b81dc6ec804bd516005a177aea00be75df3cc2,mysql-cdc-connector,flink-cdc-connect/flink-cdc-source-connectors/flink-connector-mysql-cdc/src/test/java/org/apache/flink/cdc/connectors/mysql/debezium/reader/BinlogSplitReaderTest.java,1,2,4,1,1.0,16.0,3.0,16.0,0.0,0.0,0.0,0.0,0.0,0.0,0.0,0.0,80.0,519.0,0.0,0.0,1.0,16.0,3.0,16.0
FLINK-34801,SQL Server,2014,,,2023/8/1 13:43,2023/10/16 05:15,6f9a06448604c016bcf007b10776d6378279f530,75d 15:31:51,,,,,,,,,,,,,,,,,,,,,,,,,,,,,,,
FLINK-34849,MySQL,,StarRocks,3.1.6,2023/12/21 16:49,2024/4/24 07:57,c1e1aa48d93933c11ce9629d6f98041338f4d7a0,124d 15:07:57,,,,,,,,,,,,,,,,,,,,,,,,,,,,,,,
FLINK-34856,MySQL,,,,2024/1/3 11:24,2024/4/24 07:57,c1e1aa48d93933c11ce9629d6f98041338f4d7a0,111d 20:32:21,,,,,,,,,,,,,,,,,,,,,,,,,,,,,,,
FLINK-34860,MySQL,5.7.0,,,2024/1/10 10:28,2024/6/5 11:30,53c2fb977263853c03b345e087cb927e83049021,147d 01:01:46,,,,,,,,,,,,,,,,,,,,,,,,,,,,,,,
FLINK-34883,DB2;Oracle;PostgreSQL;SQL Server,,,,2024/3/6 16:55,2024/7/16 15:22,94a0415475e7040cc6a61e9bd8aca9c3ccea80ad,131d 22:27:07,2024-04-29T09:06:20Z,2024-07-16T15:22:10Z,2024-07-16T15:22:10Z,2024-07-16T15:22:10Z,94a0415475e7040cc6a61e9bd8aca9c3ccea80ad,base;oracle-cdc-connector;postgres-cdc-connector;sqlserver-cdc-connector;e2e-tests;db2-cdc-connector,flink-cdc-connect/flink-cdc-source-connectors/flink-cdc-base/src/main/java/org/apache/flink/cdc/connectors/base/source/assigner/splitter/JdbcSourceChunkSplitter.java;flink-cdc-connect/flink-cdc-source-connectors/flink-cdc-base/src/test/java/org/apache/flink/cdc/connectors/base/experimental/MySqlChunkSplitter.java;flink-cdc-connect/flink-cdc-source-connectors/flink-connector-db2-cdc/src/main/java/org/apache/flink/cdc/connectors/db2/source/dialect/Db2ChunkSplitter.java;flink-cdc-connect/flink-cdc-source-connectors/flink-connector-oracle-cdc/src/main/java/org/apache/flink/cdc/connectors/oracle/source/assigner/splitter/OracleChunkSplitter.java;flink-cdc-connect/flink-cdc-source-connectors/flink-connector-postgres-cdc/pom.xml;flink-cdc-connect/flink-cdc-source-connectors/flink-connector-postgres-cdc/src/main/java/org/apache/flink/cdc/connectors/postgres/source/PostgresChunkSplitter.java;flink-cdc-connect/flink-cdc-source-connectors/flink-connector-postgres-cdc/src/main/java/org/apache/flink/cdc/connectors/postgres/source/fetch/PostgresScanFetchTask.java;flink-cdc-connect/flink-cdc-source-connectors/flink-connector-postgres-cdc/src/main/java/org/apache/flink/cdc/connectors/postgres/source/utils/PostgresQueryUtils.java;flink-cdc-connect/flink-cdc-source-connectors/flink-connector-postgres-cdc/src/main/java/org/apache/flink/cdc/connectors/postgres/source/utils/PostgresTypeUtils.java;flink-cdc-connect/flink-cdc-source-connectors/flink-connector-sqlserver-cdc/src/main/java/org/apache/flink/cdc/connectors/sqlserver/source/dialect/SqlServerChunkSplitter.java;flink-cdc-e2e-tests/flink-cdc-source-e2e-tests/pom.xml,11,3,274,1,14.0,1019.0,144.0,1019.0,5.0,304.0,53.0,304.0,8.0,631.0,79.0,631.0,44.0,817.0,5.0,8.0,1.0,84.0,12.0,84.0
FLINK-34905,MySQL;Runtime,5.7.0/8.0.0,,,2024/3/21 08:56,2024/4/11 05:42,18dd51fe22c26347bc9988d2fb8b6a78c2e922b5,20d 20:46:31,2024-03-14T07:37:07Z,2024-04-11T05:42:31Z,2024-04-11T05:42:31Z,2024-04-11T05:42:31Z,18dd51fe22c26347bc9988d2fb8b6a78c2e922b5,common;runtime;mysql-pipeline-connector,flink-cdc-common/src/main/java/org/apache/flink/cdc/common/types/BinaryType.java;flink-cdc-common/src/main/java/org/apache/flink/cdc/common/types/CharType.java;flink-cdc-connect/flink-cdc-pipeline-connectors/flink-cdc-pipeline-connector-mysql/src/main/java/org/apache/flink/cdc/connectors/mysql/utils/MySqlTypeUtils.java;flink-cdc-connect/flink-cdc-pipeline-connectors/flink-cdc-pipeline-connector-mysql/src/test/java/org/apache/flink/cdc/connectors/mysql/source/MySqlPipelineITCase.java;flink-cdc-runtime/src/main/java/org/apache/flink/cdc/runtime/serializer/schema/DataTypeSerializer.java,5,3,106,1,5.0,934.0,119.0,934.0,0.0,0.0,0.0,0.0,2.0,836.0,103.0,836.0,101.0,4343.0,0.0,2.0,3.0,98.0,16.0,98.0
FLINK-34908,MySQL,5.7.0/8.0.0,Doris;StarRocks,,2024/3/21 10:50,2024/6/6 11:49,e2ccc836a056c16974e4956190bdce249705b7ee,77d 00:59:11,2024-04-07T03:36:42Z,2024-06-11T02:32:19Z,2024-06-06T11:49:11Z,2024-06-06T11:49:11Z,e2ccc836a056c16974e4956190bdce249705b7ee,doris-pipeline-connector,flink-cdc-connect/flink-cdc-pipeline-connectors/flink-cdc-pipeline-connector-doris/src/main/java/org/apache/flink/cdc/connectors/doris/sink/DorisEventSerializer.java;flink-cdc-connect/flink-cdc-pipeline-connectors/flink-cdc-pipeline-connector-doris/src/test/java/org/apache/flink/cdc/connectors/doris/sink/DorisRowConverterTest.java,2,3,41,2,13.0,1075.0,161.0,1075.0,7.0,636.0,99.0,636.0,4.0,346.0,46.0,346.0,102.0,133.0,7.0,4.0,2.0,93.0,16.0,93.0
FLINK-34948,,,,,2024/3/27 07:45,2024/4/1 01:55,d099603ef15d9a1ed7ec33718db7ab2438ef1ab5,4d 18:10:34,2024-03-12T11:11:02Z,2024-04-08T03:53:27Z,2024-04-01T01:55:34Z,2024-04-01T01:55:34Z,d099603ef15d9a1ed7ec33718db7ab2438ef1ab5,common,flink-cdc-common/src/main/java/org/apache/flink/cdc/common/types/DataField.java;flink-cdc-common/src/main/java/org/apache/flink/cdc/common/types/utils/DataTypeUtils.java;flink-cdc-common/src/test/java/org/apache/flink/cdc/common/types/utils/DataTypeUtilsTest.java,3,4,152,1,24.0,1371.0,220.0,1371.0,2.0,136.0,23.0,136.0,21.0,1160.0,186.0,1160.0,73.0,348.0,2.0,21.0,1.0,75.0,11.0,75.0
FLINK-34969,,,,,2024/3/30 13:22,2024/4/23 09:58,21032263c54b9b14999dc234fea551b7253c6e4f,23d 20:36:08,2024-03-25T08:47:19Z,2024-04-23T09:58:08Z,2024-04-23T09:58:08Z,2024-04-23T09:58:08Z,21032263c54b9b14999dc234fea551b7253c6e4f,cli,flink-cdc-cli/pom.xml;flink-cdc-cli/src/main/java/org/apache/flink/cdc/cli/CliFrontend.java;flink-cdc-cli/src/main/java/org/apache/flink/cdc/cli/utils/ConfigurationUtils.java;flink-cdc-cli/src/main/java/org/apache/flink/cdc/cli/utils/FlinkEnvironmentUtils.java;flink-cdc-cli/src/main/java/org/apache/flink/cdc/cli/utils/YamlParserUtils.java;flink-cdc-cli/src/test/java/org/apache/flink/cdc/cli/utils/ConfigurationUtilsTest.java;flink-cdc-cli/src/test/resources/flink-home/conf/config.yaml,7,3,506,1,18.0,5982.0,813.0,5982.0,4.0,1312.0,223.0,1312.0,9.0,4471.0,556.0,4471.0,83.0,611.0,4.0,9.0,5.0,199.0,34.0,199.0
FLINK-35055,,,,,2024/4/9 03:04,2024/4/23 10:05,01ec7da98954db4a985d5c01862b430f9844d218,14d 07:01:11,2024-04-09T05:40:51Z,2024-04-23T10:05:11Z,2024-04-23T10:05:11Z,2024-04-23T10:05:11Z,01ec7da98954db4a985d5c01862b430f9844d218,docs;mysql-cdc-connector;oracle-cdc-connector;e2e-tests;oceanbase-cdc-connector;db2-cdc-connector;mysql-pipeline-connector,docs/content.zh/docs/connectors/legacy-flink-cdc-sources/db2-cdc.md;docs/content.zh/docs/connectors/legacy-flink-cdc-sources/mysql-cdc.md;docs/content.zh/docs/connectors/legacy-flink-cdc-sources/oceanbase-cdc.md;docs/content.zh/docs/connectors/legacy-flink-cdc-sources/oracle-cdc.md;docs/content.zh/docs/connectors/mysql.md;docs/content/docs/connectors/legacy-flink-cdc-sources/db2-cdc.md;docs/content/docs/connectors/legacy-flink-cdc-sources/mysql-cdc.md;docs/content/docs/connectors/legacy-flink-cdc-sources/oceanbase-cdc.md;docs/content/docs/connectors/legacy-flink-cdc-sources/oracle-cdc.md;docs/content/docs/connectors/mysql.md;flink-cdc-connect/flink-cdc-pipeline-connectors/flink-cdc-pipeline-connector-mysql/pom.xml;flink-cdc-connect/flink-cdc-source-connectors/flink-sql-connector-db2-cdc/pom.xml;flink-cdc-connect/flink-cdc-source-connectors/flink-sql-connector-mysql-cdc/pom.xml;flink-cdc-connect/flink-cdc-source-connectors/flink-sql-connector-oceanbase-cdc/pom.xml;flink-cdc-connect/flink-cdc-source-connectors/flink-sql-connector-oracle-cdc/pom.xml;flink-cdc-e2e-tests/flink-cdc-source-e2e-tests/pom.xml;flink-cdc-e2e-tests/flink-cdc-source-e2e-tests/src/test/java/org/apache/flink/cdc/connectors/tests/Db2E2eITCase.java;flink-cdc-e2e-tests/flink-cdc-source-e2e-tests/src/test/java/org/apache/flink/cdc/connectors/tests/MySqlE2eITCase.java;flink-cdc-e2e-tests/flink-cdc-source-e2e-tests/src/test/java/org/apache/flink/cdc/connectors/tests/OracleE2eITCase.java,19,2,227,1,8.0,1118.0,141.0,1118.0,5.0,891.0,104.0,891.0,1.0,115.0,19.0,115.0,98.0,920.0,5.0,1.0,2.0,112.0,18.0,112.0
FLINK-35056,SQL Server,,,,2024/4/9 05:21,2024/8/22 17:09,52f2019469cdeb63246317b6cb8c6b825233c27c,135d 11:48:16,2024-08-21T18:07:47Z,2024-08-26T16:24:32Z,2024-08-22T17:09:17Z,2024-08-22T17:09:16Z,52f2019469cdeb63246317b6cb8c6b825233c27c,sqlserver-cdc-connector;reviewed;approved,flink-cdc-connect/flink-cdc-source-connectors/flink-connector-sqlserver-cdc/src/main/java/org/apache/flink/cdc/connectors/sqlserver/source/utils/SqlServerTypeUtils.java;flink-cdc-connect/flink-cdc-source-connectors/flink-connector-sqlserver-cdc/src/test/java/org/apache/flink/cdc/connectors/sqlserver/source/read/fetch/SqlServerScanFetchTaskTest.java;flink-cdc-connect/flink-cdc-source-connectors/flink-connector-sqlserver-cdc/src/test/resources/ddl/pk.sql,3,2,56,1,2.0,114.0,21.0,114.0,1.0,81.0,15.0,81.0,0.0,0.0,0.0,0.0,61.0,454.0,1.0,0.0,1.0,33.0,6.0,33.0
FLINK-35079,MongoDB,,,,2024/4/11 07:43,2024/4/17 02:31,0562e35da75fb2c8e512d438adb8f80a87964dc4,5d 18:48:38,2024-04-11T08:29:40Z,2024-04-17T02:31:38Z,2024-04-17T02:31:38Z,2024-04-17T02:31:38Z,0562e35da75fb2c8e512d438adb8f80a87964dc4,mongodb-cdc-connector,flink-cdc-connect/flink-cdc-source-connectors/flink-connector-mongodb-cdc/src/main/java/org/apache/flink/cdc/connectors/mongodb/source/reader/fetch/MongoDBStreamFetchTask.java;flink-cdc-connect/flink-cdc-source-connectors/flink-connector-mongodb-cdc/src/main/java/org/apache/flink/cdc/connectors/mongodb/source/utils/MongoUtils.java;flink-cdc-connect/flink-cdc-source-connectors/flink-connector-mongodb-cdc/src/test/java/org/apache/flink/cdc/connectors/mongodb/source/NewlyAddedTableITCase.java,3,3,79,1,15.0,6168.0,666.0,6170.0,1.0,446.0,71.0,446.0,12.0,5574.0,572.0,5576.0,78.0,682.0,1.0,12.0,2.0,148.0,23.0,148.0
FLINK-35102,,,Doris,,2024/4/15 03:16,2024/4/22 07:53,5e52d8620cee995b55f003956c3f7d7a3bdf4a22,7d 04:37:39,2024-04-15T03:23:50Z,2024-04-22T08:27:14Z,2024-04-22T07:53:39Z,2024-04-22T07:53:39Z,5e52d8620cee995b55f003956c3f7d7a3bdf4a22,doris-pipeline-connector,flink-cdc-connect/flink-cdc-pipeline-connectors/flink-cdc-pipeline-connector-doris/pom.xml,1,4,2,1,4.0,96.0,16.0,96.0,1.0,25.0,3.0,25.0,0.0,0.0,0.0,0.0,60.0,1021.0,1.0,0.0,3.0,71.0,13.0,71.0
FLINK-35127,,,Values,,2024/4/17 01:53,2024/4/19 07:37,d4ed7db8dca18906bb8a1d7738cb158da0222bc3,2d 05:44:35,2024-04-18T10:01:03Z,2024-04-19T07:37:35Z,2024-04-19T07:37:35Z,2024-04-19T07:37:35Z,d4ed7db8dca18906bb8a1d7738cb158da0222bc3,values-pipeline-connector,flink-cdc-connect/flink-cdc-pipeline-connectors/flink-cdc-pipeline-connector-values/src/main/java/org/apache/flink/cdc/connectors/values/source/ValuesDataSource.java;flink-cdc-connect/flink-cdc-pipeline-connectors/flink-cdc-pipeline-connector-values/src/main/java/org/apache/flink/cdc/connectors/values/source/ValuesDataSourceHelper.java,2,2,15,1,4.0,1366.0,125.0,1366.0,3.0,1247.0,104.0,1247.0,0.0,0.0,0.0,0.0,54.0,183.0,3.0,0.0,1.0,119.0,21.0,119.0
FLINK-35149,,,StarRocks,,2024/4/18 02:14,2024/6/4 08:39,33891869a9fffa2abf8b8ae03915d0ddccdaf5ec,47d 06:25:50,2024-04-18T02:32:01Z,2024-06-04T08:40:23Z,2024-06-04T08:39:50Z,2024-06-04T08:39:50Z,33891869a9fffa2abf8b8ae03915d0ddccdaf5ec,composer;starrocks-pipeline-connector,flink-cdc-composer/src/main/java/org/apache/flink/cdc/composer/flink/translator/DataSinkTranslator.java;flink-cdc-composer/src/test/java/org/apache/flink/cdc/composer/flink/translator/DataSinkTranslatorTest.java;flink-cdc-connect/flink-cdc-pipeline-connectors/flink-cdc-pipeline-connector-starrocks/src/main/java/org/apache/flink/cdc/connectors/starrocks/sink/StarRocksUtils.java,3,4,106,1,15.0,1915.0,324.0,1915.0,9.0,1230.0,217.0,1230.0,5.0,644.0,101.0,644.0,115.0,937.0,9.0,5.0,1.0,41.0,6.0,41.0
FLINK-35234,,,,,2024/4/25 05:56,2024/8/6 11:37,d76beecdb0658ff341f91de5c8924159c457c8ba,103d 05:41:37,2024-04-25T06:01:26Z,2024-08-06T11:37:37Z,2024-08-06T11:37:37Z,2024-08-06T11:37:37Z,d76beecdb0658ff341f91de5c8924159c457c8ba,common;reviewed;approved,flink-cdc-common/src/main/java/org/apache/flink/cdc/common/configuration/ConfigurationUtils.java,1,4,41,1,9.0,548.0,82.0,548.0,1.0,42.0,8.0,42.0,5.0,398.0,58.0,398.0,138.0,302.0,1.0,5.0,3.0,108.0,16.0,108.0
FLINK-35251,Runtime,,,,2024/4/27 15:07,2024/4/28 00:30,9cc3451ddf6546317c4c3af1efbc68c2d745ef7d,0d 09:23:48,2024-04-27T15:12:16Z,2024-04-28T00:30:48Z,2024-04-28T00:30:48Z,2024-04-28T00:30:48Z,9cc3451ddf6546317c4c3af1efbc68c2d745ef7d,runtime,flink-cdc-runtime/src/main/java/org/apache/flink/cdc/runtime/operators/schema/coordinator/SchemaDerivation.java;flink-cdc-runtime/src/test/java/org/apache/flink/cdc/runtime/operators/schema/coordinator/SchemaDerivationTest.java,2,2,30,1,1.0,36.0,6.0,36.0,0.0,0.0,0.0,0.0,0.0,0.0,0.0,0.0,89.0,239.0,0.0,0.0,1.0,36.0,6.0,36.0
FLINK-35255,Runtime,,,,2024/4/28 06:14,2024/4/29 03:52,23a67dcdb985f135e984e8e1afa8d1159946f95f,0d 21:38:18,2024-04-28T06:22:37Z,2024-04-29T03:53:20Z,2024-04-29T03:52:18Z,2024-04-29T03:52:18Z,23a67dcdb985f135e984e8e1afa8d1159946f95f,runtime,flink-cdc-runtime/src/main/java/org/apache/flink/cdc/runtime/operators/sink/DataSinkWriterOperator.java,1,2,23,1,3.0,174.0,30.0,174.0,2.0,135.0,24.0,135.0,0.0,0.0,0.0,0.0,93.0,80.0,2.0,0.0,1.0,39.0,6.0,39.0
FLINK-35258,,,,,2024/4/28 07:59,2024/4/28 10:07,a513e9f82e815409a8c91bdc999196d1658137f0,0d 02:08:57,2024-04-28T08:36:45Z,2024-04-28T10:07:57Z,2024-04-28T10:07:57Z,2024-04-28T10:07:57Z,a513e9f82e815409a8c91bdc999196d1658137f0,docs,docs/content.zh/docs/connectors/doris.md;docs/content/docs/connectors/doris.md,2,2,12,2,1.0,37.0,6.0,37.0,0.0,0.0,0.0,0.0,0.0,0.0,0.0,0.0,66.0,25.0,0.0,0.0,1.0,37.0,6.0,37.0
FLINK-35259,Runtime,,,,2024/4/28 13:35,2024/4/29 03:33,0108d0e5d18c55873c3d67e9caad58b9d2148d6a,0d 13:58:04,2024-04-28T14:20:45Z,2024-04-29T03:33:04Z,2024-04-29T03:33:04Z,2024-04-29T03:33:04Z,0108d0e5d18c55873c3d67e9caad58b9d2148d6a,runtime,flink-cdc-runtime/src/main/java/org/apache/flink/cdc/runtime/functions/SystemFunctionUtils.java;flink-cdc-runtime/src/main/java/org/apache/flink/cdc/runtime/typeutils/DataTypeConverter.java;flink-cdc-runtime/src/test/java/org/apache/flink/cdc/runtime/operators/transform/TransformDataOperatorTest.java;flink-cdc-runtime/src/test/java/org/apache/flink/cdc/runtime/parser/JaninoCompilerTest.java,4,2,67,1,1.0,109.0,19.0,109.0,0.0,0.0,0.0,0.0,0.0,0.0,0.0,0.0,77.0,77.0,0.0,0.0,1.0,109.0,19.0,109.0
FLINK-35264,Runtime,,,,2024/4/29 08:52,2024/4/29 12:23,f61f0f44bd56196296193edf9e9fa693e22e6a3c,0d 03:31:44,2024-04-29T08:36:27Z,2024-04-29T12:23:44Z,2024-04-29T12:23:44Z,2024-04-29T12:23:44Z,f61f0f44bd56196296193edf9e9fa693e22e6a3c,runtime;e2e-tests,flink-cdc-e2e-tests/flink-cdc-pipeline-e2e-tests/src/test/java/org/apache/flink/cdc/pipeline/tests/TransformE2eITCase.java;flink-cdc-e2e-tests/flink-cdc-pipeline-e2e-tests/src/test/resources/ddl/mysql_inventory.sql;flink-cdc-e2e-tests/flink-cdc-pipeline-e2e-tests/src/test/resources/ddl/transform_test.sql;flink-cdc-runtime/src/main/java/org/apache/flink/cdc/runtime/operators/transform/TransformSchemaOperator.java,4,2,306,1,3.0,194.0,23.0,194.0,2.0,114.0,8.0,114.0,0.0,0.0,0.0,0.0,61.0,142.0,2.0,0.0,1.0,80.0,15.0,80.0
FLINK-35274,DB2,,,,2024/4/30 10:34,2024/5/6 05:54,a7cb46f7621568486a069a7ae01a7b86ebb0a801,5d 19:20:08,2024-04-30T10:54:35Z,2024-05-06T05:54:09Z,2024-05-06T05:54:08Z,2024-05-06T05:54:08Z,a7cb46f7621568486a069a7ae01a7b86ebb0a801,db2-cdc-connector,flink-cdc-connect/flink-cdc-source-connectors/flink-connector-db2-cdc/src/main/java/io/debezium/connector/db2/Db2Connection.java,1,2,3,1,2.0,48.0,8.0,48.0,1.0,16.0,2.0,16.0,0.0,0.0,0.0,0.0,84.0,79.0,1.0,0.0,1.0,32.0,6.0,32.0
FLINK-35281,,,,,2024/5/2 06:35,2024/7/5 06:06,ca1470d5dd48f9238d13a350be99c174ff600b7b,63d 23:31:57,2024-05-08T02:38:18Z,2024-07-05T06:06:58Z,2024-07-05T06:06:57Z,2024-07-05T06:06:57Z,ca1470d5dd48f9238d13a350be99c174ff600b7b,composer,flink-cdc-composer/src/main/java/org/apache/flink/cdc/composer/flink/FlinkEnvironmentUtils.java;flink-cdc-composer/src/test/java/org/apache/flink/cdc/composer/flink/FlinkEnvironmentUtilsTest.java,2,3,81,1,6.0,384.0,53.0,384.0,1.0,28.0,5.0,28.0,4.0,282.0,38.0,282.0,85.0,940.0,1.0,5.0,1.0,74.0,10.0,74.0
FLINK-35294,MySQL,5.7/8.0,,,2024/5/6 09:28,2024/5/27 04:11,bddcaae7846671c0447b2aa6c7d8e96638988f99,20d 18:43:42,2024-05-06T09:39:13Z,2024-05-27T04:11:42Z,2024-05-27T04:11:42Z,2024-05-27T04:11:42Z,bddcaae7846671c0447b2aa6c7d8e96638988f99,mysql-cdc-connector,flink-cdc-connect/flink-cdc-source-connectors/flink-connector-mysql-cdc/src/main/java/org/apache/flink/cdc/connectors/mysql/debezium/reader/BinlogSplitReader.java;flink-cdc-connect/flink-cdc-source-connectors/flink-connector-mysql-cdc/src/main/java/org/apache/flink/cdc/connectors/mysql/debezium/task/MySqlBinlogSplitReadTask.java;flink-cdc-connect/flink-cdc-source-connectors/flink-connector-mysql-cdc/src/test/java/org/apache/flink/cdc/connectors/mysql/debezium/reader/BinlogSplitReaderTest.java,3,2,105,1,1.0,42.0,6.0,42.0,0.0,0.0,0.0,0.0,0.0,0.0,0.0,0.0,106.0,442.0,0.0,0.0,1.0,42.0,6.0,42.0
FLINK-35301,MySQL,,,,2024/5/7 01:44,2024/5/27 10:54,6350eec66c80a4c3815dce604305d417ee862e14,20d 09:10:26,2024-05-07T01:46:10Z,2024-05-27T10:54:26Z,2024-05-27T10:54:26Z,2024-05-27T10:54:26Z,6350eec66c80a4c3815dce604305d417ee862e14,mysql-cdc-connector;base,flink-cdc-connect/flink-cdc-source-connectors/flink-cdc-base/src/main/java/org/apache/flink/cdc/connectors/base/relational/connection/JdbcConnectionPoolFactory.java;flink-cdc-connect/flink-cdc-source-connectors/flink-connector-mysql-cdc/src/main/java/io/debezium/connector/mysql/MySqlConnection.java;flink-cdc-connect/flink-cdc-source-connectors/flink-connector-mysql-cdc/src/main/java/org/apache/flink/cdc/connectors/mysql/source/connection/PooledDataSourceFactory.java,3,2,7,1,3.0,76.0,17.0,76.0,0.0,0.0,0.0,0.0,2.0,72.0,16.0,72.0,59.0,232.0,0.0,2.0,1.0,4.0,1.0,4.0
FLINK-35323,Runtime,,,,2024/5/10 02:23,2024/6/3 04:05,88afc5f18d051b52da86b5017dc896a4a66e6e10,24d 01:42:01,2024-05-11T01:24:12Z,2024-06-03T09:40:51Z,2024-06-03T04:05:01Z,2024-06-03T04:05:01Z,88afc5f18d051b52da86b5017dc896a4a66e6e10,runtime;e2e-tests,flink-cdc-e2e-tests/flink-cdc-pipeline-e2e-tests/src/test/java/org/apache/flink/cdc/pipeline/tests/TransformE2eITCase.java;flink-cdc-runtime/src/main/java/org/apache/flink/cdc/runtime/operators/transform/TransformDataOperator.java,2,4,168,1,4.0,330.0,40.0,330.0,2.0,309.0,35.0,309.0,0.0,0.0,0.0,0.0,107.0,596.0,2.0,0.0,2.0,21.0,5.0,21.0
FLINK-35409,MySQL,,,,2024/5/21 10:14,2024/5/30 03:57,19c382c0f2f2736baeb1c652130cb30dd98ca90c,8d 17:43:22,2024-05-21T10:29:25Z,2024-05-30T03:57:23Z,2024-05-30T03:57:22Z,2024-05-30T03:57:22Z,19c382c0f2f2736baeb1c652130cb30dd98ca90c,mysql-cdc-connector,flink-cdc-connect/flink-cdc-source-connectors/flink-connector-mysql-cdc/src/main/java/org/apache/flink/cdc/connectors/mysql/source/reader/MySqlSourceReader.java;flink-cdc-connect/flink-cdc-source-connectors/flink-connector-mysql-cdc/src/test/java/org/apache/flink/cdc/connectors/mysql/source/reader/MySqlSourceReaderTest.java,2,3,144,1,3.0,59.0,11.0,59.0,1.0,52.0,9.0,52.0,0.0,0.0,0.0,0.0,94.0,91.0,1.0,0.0,2.0,7.0,2.0,7.0
FLINK-35415,,,Doris;StarRocks,,2024/5/22 01:28,2024/6/6 07:50,1a360635c7ac936106e78d87867f96ed3f64e04b,15d 06:22:19,2024-05-22T10:28:11Z,2024-06-06T07:50:19Z,2024-06-06T07:50:19Z,2024-06-06T07:50:19Z,1a360635c7ac936106e78d87867f96ed3f64e04b,composer;build;e2e-tests;doris-pipeline-connector;starrocks-pipeline-connector,flink-cdc-composer/src/main/java/org/apache/flink/cdc/composer/flink/translator/DataSinkTranslator.java;flink-cdc-connect/flink-cdc-pipeline-connectors/flink-cdc-pipeline-connector-doris/pom.xml;flink-cdc-connect/flink-cdc-pipeline-connectors/flink-cdc-pipeline-connector-doris/src/test/java/org/apache/flink/cdc/connectors/doris/sink/DorisMetadataApplierITCase.java;flink-cdc-connect/flink-cdc-pipeline-connectors/flink-cdc-pipeline-connector-doris/src/test/java/org/apache/flink/cdc/connectors/doris/sink/DorisPipelineITCase.java;flink-cdc-connect/flink-cdc-pipeline-connectors/flink-cdc-pipeline-connector-doris/src/test/java/org/apache/flink/cdc/connectors/doris/sink/utils/DorisContainer.java;flink-cdc-connect/flink-cdc-pipeline-connectors/flink-cdc-pipeline-connector-doris/src/test/java/org/apache/flink/cdc/connectors/doris/sink/utils/DorisSinkTestBase.java;flink-cdc-connect/flink-cdc-pipeline-connectors/flink-cdc-pipeline-connector-doris/src/test/resources/log4j2-test.properties;flink-cdc-connect/flink-cdc-pipeline-connectors/flink-cdc-pipeline-connector-starrocks/pom.xml;flink-cdc-connect/flink-cdc-pipeline-connectors/flink-cdc-pipeline-connector-starrocks/src/test/java/com/starrocks/shade/org/apache/commons/compress/utils/Lists.java;flink-cdc-connect/flink-cdc-pipeline-connectors/flink-cdc-pipeline-connector-starrocks/src/test/java/org/apache/flink/cdc/connectors/starrocks/sink/StarRocksMetadataApplierITCase.java;flink-cdc-connect/flink-cdc-pipeline-connectors/flink-cdc-pipeline-connector-starrocks/src/test/java/org/apache/flink/cdc/connectors/starrocks/sink/StarRocksPipelineITCase.java;flink-cdc-connect/flink-cdc-pipeline-connectors/flink-cdc-pipeline-connector-starrocks/src/test/java/org/apache/flink/cdc/connectors/starrocks/sink/utils/StarRocksContainer.java;flink-cdc-connect/flink-cdc-pipeline-connectors/flink-cdc-pipeline-connector-starrocks/src/test/java/org/apache/flink/cdc/connectors/starrocks/sink/utils/StarRocksSinkTestBase.java;flink-cdc-e2e-tests/flink-cdc-pipeline-e2e-tests/pom.xml;flink-cdc-e2e-tests/flink-cdc-pipeline-e2e-tests/src/test/java/org/apache/flink/cdc/pipeline/tests/MySqlToDorisE2eITCase.java;flink-cdc-e2e-tests/flink-cdc-pipeline-e2e-tests/src/test/java/org/apache/flink/cdc/pipeline/tests/MysqlE2eITCase.java;flink-cdc-e2e-tests/flink-cdc-pipeline-e2e-tests/src/test/java/org/apache/flink/cdc/pipeline/tests/TransformE2eITCase.java;flink-cdc-e2e-tests/flink-cdc-pipeline-e2e-tests/src/test/java/org/apache/flink/cdc/pipeline/tests/utils/PipelineTestEnvironment.java;flink-cdc-e2e-tests/flink-cdc-source-e2e-tests/pom.xml;flink-cdc-e2e-tests/flink-cdc-source-e2e-tests/src/test/java/org/apache/flink/cdc/connectors/tests/utils/FlinkContainerTestEnvironment.java;pom.xml,21,3,2785,1,15.0,1269.0,212.0,1269.0,4.0,261.0,41.0,261.0,8.0,642.0,105.0,642.0,53.0,378.0,4.0,8.0,3.0,366.0,66.0,366.0
FLINK-35430,,,Kafka,,2024/5/23 07:54,2024/6/3 06:17,0e8b2c7cc59db227dc0e15f219bd3d1b4c28ad42,10d 22:23:47,2024-05-24T06:52:26Z,2024-06-03T08:30:48Z,2024-06-03T06:17:47Z,2024-06-03T06:17:47Z,0e8b2c7cc59db227dc0e15f219bd3d1b4c28ad42,,flink-cdc-connect/flink-cdc-pipeline-connectors/flink-cdc-pipeline-connector-kafka/src/main/java/org/apache/flink/cdc/connectors/kafka/json/ChangeLogJsonFormatFactory.java;flink-cdc-connect/flink-cdc-pipeline-connectors/flink-cdc-pipeline-connector-kafka/src/main/java/org/apache/flink/cdc/connectors/kafka/json/canal/CanalJsonSerializationSchema.java;flink-cdc-connect/flink-cdc-pipeline-connectors/flink-cdc-pipeline-connector-kafka/src/main/java/org/apache/flink/cdc/connectors/kafka/json/debezium/DebeziumJsonSerializationSchema.java;flink-cdc-connect/flink-cdc-pipeline-connectors/flink-cdc-pipeline-connector-kafka/src/main/java/org/apache/flink/cdc/connectors/kafka/sink/KafkaDataSinkFactory.java;flink-cdc-connect/flink-cdc-pipeline-connectors/flink-cdc-pipeline-connector-kafka/src/test/java/org/apache/flink/cdc/connectors/kafka/json/canal/CanalJsonSerializationSchemaTest.java;flink-cdc-connect/flink-cdc-pipeline-connectors/flink-cdc-pipeline-connector-kafka/src/test/java/org/apache/flink/cdc/connectors/kafka/json/debezium/DebeziumJsonSerializationSchemaTest.java,6,5,26,,6.0,591.0,93.0,591.0,2.0,422.0,64.0,422.0,1.0,85.0,15.0,85.0,81.0,122.0,2.0,1.0,3.0,84.0,14.0,84.0
FLINK-35464,Runtime,,,,2024/5/27 11:31,2024/6/6 04:00,414720d1c5e9126ca557bf59389e9fb1b460c998,9d 16:29:27,2024-05-28T01:27:07Z,2024-06-06T04:00:27Z,2024-06-06T04:00:27Z,2024-06-06T04:00:27Z,414720d1c5e9126ca557bf59389e9fb1b460c998,runtime;build,.github/labeler.yml;.github/workflows/flink_cdc.yml;flink-cdc-migration-tests/flink-cdc-migration-testcases/pom.xml;flink-cdc-migration-tests/flink-cdc-migration-testcases/src/test/java/org/apache/flink/cdc/migration/tests/MigrationTestBase.java;flink-cdc-migration-tests/flink-cdc-migration-testcases/src/test/java/org/apache/flink/cdc/migration/tests/SchemaManagerMigrationTest.java;flink-cdc-migration-tests/flink-cdc-migration-testcases/src/test/java/org/apache/flink/cdc/migration/tests/SchemaRegistryMigrationTest.java;flink-cdc-migration-tests/flink-cdc-migration-testcases/src/test/java/org/apache/flink/cdc/migration/tests/TableChangeInfoMigrationTest.java;flink-cdc-migration-tests/flink-cdc-migration-testcases/src/test/resources/log4j2-test.properties;flink-cdc-migration-tests/flink-cdc-release-3.0.0/pom.xml;flink-cdc-migration-tests/flink-cdc-release-3.0.0/src/main/java/com/ververica/cdc/migration/tests/MigrationMockBase.java;flink-cdc-migration-tests/flink-cdc-release-3.0.0/src/main/java/com/ververica/cdc/migration/tests/SchemaManagerMigrationMock.java;flink-cdc-migration-tests/flink-cdc-release-3.0.0/src/main/java/com/ververica/cdc/migration/tests/SchemaRegistryMigrationMock.java;flink-cdc-migration-tests/flink-cdc-release-3.0.1/pom.xml;flink-cdc-migration-tests/flink-cdc-release-3.0.1/src/main/java/com/ververica/cdc/migration/tests/MigrationMockBase.java;flink-cdc-migration-tests/flink-cdc-release-3.0.1/src/main/java/com/ververica/cdc/migration/tests/SchemaManagerMigrationMock.java;flink-cdc-migration-tests/flink-cdc-release-3.0.1/src/main/java/com/ververica/cdc/migration/tests/SchemaRegistryMigrationMock.java;flink-cdc-migration-tests/flink-cdc-release-3.1.0/pom.xml;flink-cdc-migration-tests/flink-cdc-release-3.1.0/src/main/java/org/apache/flink/cdc/migration/tests/MigrationMockBase.java;flink-cdc-migration-tests/flink-cdc-release-3.1.0/src/main/java/org/apache/flink/cdc/migration/tests/SchemaManagerMigrationMock.java;flink-cdc-migration-tests/flink-cdc-release-3.1.0/src/main/java/org/apache/flink/cdc/migration/tests/SchemaRegistryMigrationMock.java;flink-cdc-migration-tests/flink-cdc-release-3.1.0/src/main/java/org/apache/flink/cdc/migration/tests/TableChangeInfoMigrationMock.java;flink-cdc-migration-tests/flink-cdc-release-snapshot/pom.xml;flink-cdc-migration-tests/flink-cdc-release-snapshot/src/main/java/org/apache/flink/cdc/migration/tests/MigrationMockBase.java;flink-cdc-migration-tests/flink-cdc-release-snapshot/src/main/java/org/apache/flink/cdc/migration/tests/SchemaManagerMigrationMock.java;flink-cdc-migration-tests/flink-cdc-release-snapshot/src/main/java/org/apache/flink/cdc/migration/tests/SchemaRegistryMigrationMock.java;flink-cdc-migration-tests/flink-cdc-release-snapshot/src/main/java/org/apache/flink/cdc/migration/tests/TableChangeInfoMigrationMock.java;flink-cdc-migration-tests/pom.xml;flink-cdc-runtime/src/main/java/org/apache/flink/cdc/runtime/operators/schema/coordinator/SchemaManager.java;flink-cdc-runtime/src/main/java/org/apache/flink/cdc/runtime/operators/schema/coordinator/SchemaRegistry.java;flink-cdc-runtime/src/main/java/org/apache/flink/cdc/runtime/operators/transform/TableChangeInfo.java;flink-cdc-runtime/src/main/java/org/apache/flink/cdc/runtime/serializer/schema/SchemaSerializer.java;flink-cdc-runtime/src/test/java/org/apache/flink/cdc/runtime/operators/schema/coordinator/SchemaManagerTest.java,32,2,1806,1,8.0,1138.0,179.0,1138.0,3.0,452.0,67.0,452.0,2.0,242.0,34.0,242.0,73.0,1869.0,3.0,2.0,3.0,444.0,78.0,444.0
FLINK-35524,MySQL,,,,2024/6/5 07:29,2024/8/6 07:24,0c49959f678d6ea4269f78b3080f35cbf1f58601,61d 23:55:39,2024-06-05T07:35:24Z,2024-08-06T07:24:39Z,2024-08-06T07:24:39Z,2024-08-06T07:24:39Z,0c49959f678d6ea4269f78b3080f35cbf1f58601,mysql-cdc-connector;base;reviewed;approved,flink-cdc-connect/flink-cdc-source-connectors/flink-cdc-base/src/main/java/org/apache/flink/cdc/connectors/base/dialect/DataSourceDialect.java;flink-cdc-connect/flink-cdc-source-connectors/flink-cdc-base/src/main/java/org/apache/flink/cdc/connectors/base/dialect/JdbcDataSourceDialect.java;flink-cdc-connect/flink-cdc-source-connectors/flink-cdc-base/src/main/java/org/apache/flink/cdc/connectors/base/relational/connection/JdbcConnectionPools.java;flink-cdc-connect/flink-cdc-source-connectors/flink-cdc-base/src/main/java/org/apache/flink/cdc/connectors/base/source/assigner/HybridSplitAssigner.java;flink-cdc-connect/flink-cdc-source-connectors/flink-cdc-base/src/main/java/org/apache/flink/cdc/connectors/base/source/assigner/SnapshotSplitAssigner.java;flink-cdc-connect/flink-cdc-source-connectors/flink-cdc-base/src/main/java/org/apache/flink/cdc/connectors/base/source/assigner/SplitAssigner.java;flink-cdc-connect/flink-cdc-source-connectors/flink-cdc-base/src/main/java/org/apache/flink/cdc/connectors/base/source/assigner/StreamSplitAssigner.java;flink-cdc-connect/flink-cdc-source-connectors/flink-cdc-base/src/main/java/org/apache/flink/cdc/connectors/base/source/enumerator/IncrementalSourceEnumerator.java;flink-cdc-connect/flink-cdc-source-connectors/flink-connector-mysql-cdc/src/main/java/org/apache/flink/cdc/connectors/mysql/source/assigners/MySqlBinlogSplitAssigner.java;flink-cdc-connect/flink-cdc-source-connectors/flink-connector-mysql-cdc/src/main/java/org/apache/flink/cdc/connectors/mysql/source/assigners/MySqlSnapshotSplitAssigner.java;flink-cdc-connect/flink-cdc-source-connectors/flink-connector-mysql-cdc/src/main/java/org/apache/flink/cdc/connectors/mysql/source/assigners/MySqlSplitAssigner.java;flink-cdc-connect/flink-cdc-source-connectors/flink-connector-mysql-cdc/src/main/java/org/apache/flink/cdc/connectors/mysql/source/connection/JdbcConnectionPools.java;flink-cdc-connect/flink-cdc-source-connectors/flink-connector-mysql-cdc/src/main/java/org/apache/flink/cdc/connectors/mysql/source/enumerator/MySqlSourceEnumerator.java;flink-cdc-connect/flink-cdc-source-connectors/flink-connector-mysql-cdc/src/test/java/org/apache/flink/cdc/connectors/mysql/source/assigners/MySqlBinlogSplitAssignerTest.java,14,4,84,1,14.0,1160.0,175.0,1162.0,1.0,53.0,6.0,53.0,11.0,972.0,148.0,974.0,66.0,572.0,1.0,12.0,2.0,135.0,21.0,135.0
FLINK-35527,,,,,2024/6/5 12:56,2024/6/6 01:14,b1e157468a703e53c3217940182f5f1a021c3ea3,0d 12:18:51,2024-05-21T11:41:22Z,2024-06-06T01:14:52Z,2024-06-06T01:14:51Z,2024-06-06T01:14:51Z,b1e157468a703e53c3217940182f5f1a021c3ea3,docs,docs/content.zh/docs/connectors/flink-sources/db2-cdc.md;docs/content.zh/docs/connectors/flink-sources/mongodb-cdc.md;docs/content.zh/docs/connectors/flink-sources/mysql-cdc.md;docs/content.zh/docs/connectors/flink-sources/oceanbase-cdc.md;docs/content.zh/docs/connectors/flink-sources/oracle-cdc.md;docs/content.zh/docs/connectors/flink-sources/postgres-cdc.md;docs/content.zh/docs/connectors/flink-sources/sqlserver-cdc.md;docs/content.zh/docs/connectors/flink-sources/tidb-cdc.md;docs/content.zh/docs/connectors/flink-sources/tutorials/build-real-time-data-lake-tutorial.md;docs/content.zh/docs/connectors/flink-sources/tutorials/build-streaming-etl-tutorial.md;docs/content.zh/docs/connectors/flink-sources/tutorials/mongodb-tutorial.md;docs/content.zh/docs/connectors/flink-sources/tutorials/oceanbase-tutorial.md;docs/content.zh/docs/connectors/flink-sources/tutorials/oracle-tutorial.md;docs/content.zh/docs/connectors/flink-sources/tutorials/polardbx-tutorial.md;docs/content.zh/docs/connectors/flink-sources/tutorials/sqlserver-tutorial.md;docs/content.zh/docs/connectors/flink-sources/tutorials/tidb-tutorial.md;docs/content.zh/docs/connectors/flink-sources/vitess-cdc.md;docs/content.zh/docs/get-started/quickstart/mysql-to-doris.md;docs/content.zh/docs/get-started/quickstart/mysql-to-starrocks.md;docs/content/docs/connectors/flink-sources/db2-cdc.md;docs/content/docs/connectors/flink-sources/mongodb-cdc.md;docs/content/docs/connectors/flink-sources/mysql-cdc.md;docs/content/docs/connectors/flink-sources/oceanbase-cdc.md;docs/content/docs/connectors/flink-sources/oracle-cdc.md;docs/content/docs/connectors/flink-sources/postgres-cdc.md;docs/content/docs/connectors/flink-sources/sqlserver-cdc.md;docs/content/docs/connectors/flink-sources/tidb-cdc.md;docs/content/docs/connectors/flink-sources/vitess-cdc.md;docs/content/docs/get-started/quickstart/mysql-to-doris.md;docs/content/docs/get-started/quickstart/mysql-to-starrocks.md,30,4,172,1,5.0,199.0,31.0,202.0,2.0,56.0,7.0,56.0,0.0,0.0,0.0,0.0,90.0,148.0,2.0,0.0,3.0,143.0,24.0,146.0
FLINK-35540,MySQL,5.7/8.0,,,2024/6/6 08:46,2024/6/11 11:11,c958daf8ab417d16fc7fc0b59f341e8f9cf372e7,5d 02:25:01,2024-06-06T11:05:13Z,2024-06-11T11:11:02Z,2024-06-11T11:11:01Z,2024-06-11T11:11:01Z,c958daf8ab417d16fc7fc0b59f341e8f9cf372e7,common;mysql-pipeline-connector,flink-cdc-common/src/main/java/org/apache/flink/cdc/common/schema/Selectors.java;flink-cdc-common/src/main/java/org/apache/flink/cdc/common/utils/Predicates.java;flink-cdc-common/src/test/java/org/apache/flink/cdc/common/schema/SelectorsTest.java;flink-cdc-connect/flink-cdc-pipeline-connectors/flink-cdc-pipeline-connector-mysql/src/test/java/org/apache/flink/cdc/connectors/mysql/source/MySqlDataSourceFactoryTest.java,4,3,102,1,6.0,908.0,143.0,908.0,0.0,0.0,0.0,0.0,3.0,678.0,105.0,678.0,109.0,49.0,0.0,3.0,3.0,230.0,38.0,230.0
FLINK-35545,,,,,2024/6/7 04:15,2024/6/7 11:11,7d35f3c1d387f9595707a75e16f7e80767d3f20a,0d 06:56:06,2024-06-07T05:03:42Z,2024-06-07T11:11:06Z,2024-06-07T11:11:06Z,2024-06-07T11:11:06Z,7d35f3c1d387f9595707a75e16f7e80767d3f20a,docs,docs/config.toml;docs/content.zh/docs/connectors/flink-sources/db2-cdc.md;docs/content.zh/docs/connectors/flink-sources/mysql-cdc.md;docs/content.zh/docs/connectors/flink-sources/oracle-cdc.md;docs/content.zh/docs/connectors/flink-sources/overview.md;docs/content.zh/docs/connectors/flink-sources/postgres-cdc.md;docs/content.zh/docs/connectors/flink-sources/sqlserver-cdc.md;docs/content.zh/docs/connectors/pipeline-connectors/mysql.md;docs/content/docs/connectors/flink-sources/db2-cdc.md;docs/content/docs/connectors/flink-sources/mysql-cdc.md;docs/content/docs/connectors/flink-sources/oracle-cdc.md;docs/content/docs/connectors/flink-sources/overview.md;docs/content/docs/connectors/flink-sources/postgres-cdc.md;docs/content/docs/connectors/flink-sources/sqlserver-cdc.md;docs/content/docs/connectors/pipeline-connectors/mysql.md,15,2,65,1,1.0,4.0,1.0,4.0,0.0,0.0,0.0,0.0,0.0,0.0,0.0,0.0,76.0,0.0,0.0,0.0,1.0,4.0,1.0,4.0
FLINK-35600,MySQL,,,,2024/6/14 05:35,2025/1/16 11:48,2fa215e5c45818ecc7f5d73783dfb61c1f0e4828,216d 06:13:34,2024-06-14T05:35:40Z,2025-04-23T01:53:32Z,2025-01-16T11:48:34Z,2025-01-16T11:48:34Z,2fa215e5c45818ecc7f5d73783dfb61c1f0e4828,mysql-cdc-connector;reviewed;Stale;approved,flink-cdc-connect/flink-cdc-source-connectors/flink-connector-mysql-cdc/src/main/java/org/apache/flink/cdc/connectors/mysql/debezium/task/MySqlSnapshotSplitReadTask.java;flink-cdc-connect/flink-cdc-source-connectors/flink-connector-mysql-cdc/src/main/java/org/apache/flink/cdc/connectors/mysql/source/offset/BinlogOffset.java;flink-cdc-connect/flink-cdc-source-connectors/flink-connector-mysql-cdc/src/test/java/org/apache/flink/cdc/connectors/mysql/debezium/reader/BinlogSplitReaderTest.java,3,7,117,1,13.0,2423.0,285.0,2423.0,9.0,1262.0,166.0,1262.0,2.0,1087.0,107.0,1087.0,54.0,49.0,9.0,2.0,2.0,74.0,12.0,74.0
FLINK-35674,MySQL,5.7/8.0,,,2024/6/24 03:28,2024/8/6 07:49,986f37b30750da0a84e2da8d0ff9554702dacc01,43d 04:21:51,2024-06-24T07:00:11Z,2024-08-06T07:49:51Z,2024-08-06T07:49:51Z,2024-08-06T07:49:51Z,986f37b30750da0a84e2da8d0ff9554702dacc01,mysql-cdc-connector;reviewed;approved,flink-cdc-connect/flink-cdc-source-connectors/flink-connector-mysql-cdc/src/main/java/org/apache/flink/cdc/connectors/mysql/debezium/DebeziumUtils.java;flink-cdc-connect/flink-cdc-source-connectors/flink-connector-mysql-cdc/src/main/java/org/apache/flink/cdc/connectors/mysql/debezium/task/context/StatefulTaskContext.java;flink-cdc-connect/flink-cdc-source-connectors/flink-connector-mysql-cdc/src/main/java/org/apache/flink/cdc/connectors/mysql/source/offset/BinlogOffsetUtils.java;flink-cdc-connect/flink-cdc-source-connectors/flink-connector-mysql-cdc/src/test/java/org/apache/flink/cdc/connectors/mysql/debezium/reader/BinlogSplitReaderTest.java;flink-cdc-connect/flink-cdc-source-connectors/flink-connector-mysql-cdc/src/test/java/org/apache/flink/cdc/connectors/mysql/source/SpecificStartingOffsetITCase.java,5,4,58,1,48.0,15172.0,2060.0,15192.0,15.0,4275.0,694.0,4285.0,30.0,10767.0,1346.0,10777.0,96.0,701.0,15.0,30.0,3.0,130.0,20.0,130.0
FLINK-35700,,,,,2024/6/26 02:16,2024/6/26 04:14,0723009a697565c038991e9ff1e73f3329be8991,0d 01:58:24,2024-06-26T02:21:27Z,2024-06-26T04:14:24Z,2024-06-26T04:14:24Z,2024-06-26T04:14:24Z,0723009a697565c038991e9ff1e73f3329be8991,composer,flink-cdc-composer/src/main/java/org/apache/flink/cdc/composer/definition/PipelineDef.java;flink-cdc-composer/src/test/java/org/apache/flink/cdc/composer/definition/PipelineValidationTest.java,2,3,130,1,7.0,540.0,62.0,542.0,3.0,117.0,15.0,119.0,3.0,421.0,46.0,421.0,57.0,365.0,3.0,3.0,1.0,2.0,1.0,2.0
FLINK-35715,MySQL;Runtime,5.7/8.0,,,2024/6/27 11:55,2024/8/9 06:28,07446d1f9de23b6d5e7b50de1b00ba901ffd31db,42d 18:33:43,2024-08-06T09:28:49Z,2024-08-09T06:28:44Z,2024-08-09T06:28:43Z,2024-08-09T06:28:43Z,07446d1f9de23b6d5e7b50de1b00ba901ffd31db,common;runtime;mysql-pipeline-connector;reviewed;approved,flink-cdc-common/src/main/java/org/apache/flink/cdc/common/data/binary/BinaryRecordData.java;flink-cdc-connect/flink-cdc-pipeline-connectors/flink-cdc-pipeline-connector-mysql/src/test/java/org/apache/flink/cdc/connectors/mysql/source/MySqlFullTypesITCase.java;flink-cdc-connect/flink-cdc-pipeline-connectors/flink-cdc-pipeline-connector-mysql/src/test/java/org/apache/flink/cdc/connectors/mysql/source/MySqlMetadataAccessorITCase.java;flink-cdc-connect/flink-cdc-pipeline-connectors/flink-cdc-pipeline-connector-mysql/src/test/resources/ddl/column_type_test.sql;flink-cdc-connect/flink-cdc-pipeline-connectors/flink-cdc-pipeline-connector-mysql/src/test/resources/ddl/column_type_test_mysql8.sql;flink-cdc-runtime/src/main/java/org/apache/flink/cdc/runtime/serializer/data/writer/AbstractBinaryWriter.java,6,3,271,1,3.0,1346.0,179.0,1346.0,2.0,1277.0,168.0,1277.0,0.0,0.0,0.0,0.0,94.0,122.0,2.0,0.0,1.0,69.0,11.0,69.0
FLINK-35743,Runtime,,Values,,2024/7/2 13:33,2024/8/6 16:49,7ca11359d7969cd7488fc546dd04f1bbfb8d6674,35d 03:16:22,2024-07-02T13:39:39Z,2024-08-06T16:49:22Z,2024-08-06T16:49:22Z,2024-08-06T16:49:22Z,7ca11359d7969cd7488fc546dd04f1bbfb8d6674,values-pipeline-connector;composer;common;runtime;e2e-tests;reviewed;approved,flink-cdc-common/src/main/java/org/apache/flink/cdc/common/utils/DateTimeUtils.java;flink-cdc-composer/src/test/java/org/apache/flink/cdc/composer/flink/FlinkPipelineComposerITCase.java;flink-cdc-composer/src/test/java/org/apache/flink/cdc/composer/flink/FlinkPipelineTransformITCase.java;flink-cdc-connect/flink-cdc-pipeline-connectors/flink-cdc-pipeline-connector-values/src/main/java/org/apache/flink/cdc/connectors/values/ValuesDatabase.java;flink-cdc-e2e-tests/flink-cdc-pipeline-e2e-tests/src/test/java/org/apache/flink/cdc/pipeline/tests/TransformE2eITCase.java;flink-cdc-runtime/src/main/java/org/apache/flink/cdc/runtime/functions/SystemFunctionUtils.java;flink-cdc-runtime/src/main/java/org/apache/flink/cdc/runtime/parser/JaninoCompiler.java;flink-cdc-runtime/src/main/java/org/apache/flink/cdc/runtime/parser/metadata/TransformSqlOperatorTable.java;flink-cdc-runtime/src/test/java/org/apache/flink/cdc/runtime/operators/transform/TransformDataOperatorTest.java;flink-cdc-runtime/src/test/java/org/apache/flink/cdc/runtime/parser/JaninoCompilerTest.java;flink-cdc-runtime/src/test/java/org/apache/flink/cdc/runtime/parser/TransformParserTest.java,11,3,903,1,34.0,9391.0,899.0,9397.0,14.0,7587.0,623.0,7587.0,15.0,1365.0,208.0,1371.0,98.0,77.0,14.0,15.0,5.0,439.0,68.0,439.0
FLINK-35774,,,,,2024/7/6 03:03,2024/8/8 13:01,81d916fc73fa2a3800202bc6eebe9d8274e4a258,33d 09:58:00,,,,,,,,,,,1,,,,,,,,,,,,,,,,,,,,
FLINK-35802,MySQL,,,,2024/7/10 05:50,2025/1/16 11:43,afd4a74c0a3dc4f6353a37e875023a7f849a634e,190d 05:53:25,2024-07-10T06:34:00Z,2025-01-20T18:17:57Z,2025-01-16T11:43:25Z,2025-01-16T11:43:25Z,afd4a74c0a3dc4f6353a37e875023a7f849a634e,mysql-cdc-connector;reviewed;Stale;approved,flink-cdc-connect/flink-cdc-source-connectors/flink-connector-mysql-cdc/src/main/java/org/apache/flink/cdc/connectors/mysql/debezium/reader/BinlogSplitReader.java;flink-cdc-connect/flink-cdc-source-connectors/flink-connector-mysql-cdc/src/main/java/org/apache/flink/cdc/connectors/mysql/debezium/reader/SnapshotSplitReader.java;flink-cdc-connect/flink-cdc-source-connectors/flink-connector-mysql-cdc/src/main/java/org/apache/flink/cdc/connectors/mysql/debezium/task/context/StatefulTaskContext.java;flink-cdc-connect/flink-cdc-source-connectors/flink-connector-mysql-cdc/src/main/java/org/apache/flink/cdc/connectors/mysql/source/reader/MySqlSplitReader.java,4,4,98,1,14.0,1805.0,251.0,1805.0,7.0,1345.0,208.0,1345.0,6.0,456.0,42.0,456.0,109.0,71.0,7.0,6.0,1.0,4.0,1.0,4.0
FLINK-35813,Runtime,,,,2024/7/11 08:29,2024/8/6 09:49,44dafe33bd8c3cea15414b30eef4927e32bc8f37,26d 01:20:16,2024-07-11T08:39:05Z,2024-08-06T09:49:16Z,2024-08-06T09:49:16Z,2024-08-06T09:49:16Z,44dafe33bd8c3cea15414b30eef4927e32bc8f37,runtime;reviewed;approved,flink-cdc-runtime/src/main/java/org/apache/flink/cdc/runtime/operators/transform/TransformSchemaOperator.java,1,2,2,1,2.0,31.0,6.0,31.0,1.0,27.0,5.0,27.0,0.0,0.0,0.0,0.0,82.0,2553.0,1.0,0.0,1.0,4.0,1.0,4.0
FLINK-35852,MySQL,5.7.43,Doris,2.0.6,2024/7/16 06:44,2024/8/8 13:01,81d916fc73fa2a3800202bc6eebe9d8274e4a258,23d 06:17:00,,,,,,,,,,,,,,,,,,,,,,,,,,,,,,,
FLINK-35859,MySQL,,,,2024/7/17 09:28,2024/8/9 07:38,4bf5a395a5a8f83a5e309e5e985ad7c839b953db,22d 22:10:58,2024-08-08T08:14:43Z,2024-08-09T07:43:12Z,2024-08-09T07:38:58Z,2024-08-09T07:38:58Z,4bf5a395a5a8f83a5e309e5e985ad7c839b953db,mysql-cdc-connector;base;reviewed;approved,flink-cdc-connect/flink-cdc-source-connectors/flink-cdc-base/src/main/java/org/apache/flink/cdc/connectors/base/source/assigner/SnapshotSplitAssigner.java;flink-cdc-connect/flink-cdc-source-connectors/flink-connector-mysql-cdc/src/main/java/org/apache/flink/cdc/connectors/mysql/source/assigners/MySqlSnapshotSplitAssigner.java;flink-cdc-connect/flink-cdc-source-connectors/flink-connector-mysql-cdc/src/test/java/org/apache/flink/cdc/connectors/mysql/source/assigners/MySqlSnapshotSplitAssignerTest.java,3,2,31,1,6.0,209.0,37.0,209.0,1.0,72.0,13.0,72.0,4.0,96.0,18.0,96.0,122.0,363.0,1.0,4.0,1.0,41.0,6.0,41.0
FLINK-35865,Oracle;SQL Server,,,,2024/7/18 11:29,2024/7/23 02:46,c5f391cf6a032333f398038cf96b11a0354bf3c3,4d 15:17:18,2024-07-18T11:42:12Z,2024-07-23T02:46:18Z,2024-07-23T02:46:18Z,2024-07-23T02:46:18Z,c5f391cf6a032333f398038cf96b11a0354bf3c3,composer;base;oracle-cdc-connector;reviewed;approved,flink-cdc-composer/src/main/java/org/apache/flink/cdc/composer/flink/FlinkEnvironmentUtils.java;flink-cdc-connect/flink-cdc-source-connectors/flink-cdc-base/src/main/java/org/apache/flink/cdc/connectors/base/utils/ObjectUtils.java;flink-cdc-connect/flink-cdc-source-connectors/flink-connector-oracle-cdc/src/main/java/org/apache/flink/cdc/connectors/oracle/source/assigner/splitter/OracleChunkSplitter.java,3,3,30,1,3.0,24.0,4.0,24.0,1.0,15.0,2.0,15.0,0.0,0.0,0.0,0.0,57.0,0.0,1.0,0.0,2.0,9.0,2.0,9.0
FLINK-35912,Oracle;SQL Server,,,,2024/7/29 04:05,2024/8/6 09:43,f6d1d4810af34354da262402c3871c7db3d1a414,8d 05:38:09,2024-07-26T04:24:53Z,2024-08-06T09:43:09Z,2024-08-06T09:43:09Z,2024-08-06T09:43:09Z,f6d1d4810af34354da262402c3871c7db3d1a414,base;oracle-cdc-connector;sqlserver-cdc-connector;reviewed;approved,flink-cdc-connect/flink-cdc-source-connectors/flink-cdc-base/src/main/java/org/apache/flink/cdc/connectors/base/source/assigner/splitter/JdbcSourceChunkSplitter.java;flink-cdc-connect/flink-cdc-source-connectors/flink-connector-oracle-cdc/src/main/java/org/apache/flink/cdc/connectors/oracle/source/assigner/splitter/OracleChunkSplitter.java;flink-cdc-connect/flink-cdc-source-connectors/flink-connector-sqlserver-cdc/src/main/java/org/apache/flink/cdc/connectors/sqlserver/source/dialect/SqlServerChunkSplitter.java;flink-cdc-connect/flink-cdc-source-connectors/flink-connector-sqlserver-cdc/src/main/java/org/apache/flink/cdc/connectors/sqlserver/source/utils/SqlServerTypeUtils.java;flink-cdc-connect/flink-cdc-source-connectors/flink-connector-sqlserver-cdc/src/main/java/org/apache/flink/cdc/connectors/sqlserver/source/utils/SqlServerUtils.java;flink-cdc-connect/flink-cdc-source-connectors/flink-connector-sqlserver-cdc/src/test/java/org/apache/flink/cdc/connectors/sqlserver/source/utils/SQLServerUUIDComparatorTest.java,6,3,165,1,18.0,2137.0,292.0,2137.0,7.0,873.0,138.0,873.0,7.0,831.0,99.0,831.0,70.0,641.0,7.0,7.0,4.0,433.0,55.0,433.0
FLINK-35938,,,Paimon,,2024/7/31 11:56,2024/8/12 02:27,3bb1f3ca45e58e4489cc7a03ef928de40895d138,11d 14:31:19,2024-08-01T03:31:47Z,2024-08-12T02:45:56Z,2024-08-12T02:27:20Z,2024-08-12T02:27:19Z,3bb1f3ca45e58e4489cc7a03ef928de40895d138,paimon-pipeline-connector;reviewed;approved,flink-cdc-connect/flink-cdc-pipeline-connectors/flink-cdc-pipeline-connector-paimon/src/main/java/org/apache/flink/cdc/connectors/paimon/sink/v2/PaimonCommitter.java,1,2,31,,1.0,36.0,6.0,38.0,0.0,0.0,0.0,0.0,0.0,0.0,0.0,0.0,84.0,49.0,0.0,0.0,1.0,36.0,6.0,38.0
FLINK-35980,,,,,2024/8/6 01:10,2024/11/7 09:58,d620c5805e264f4e9c3cc540d1ae7005bfb45808,93d 08:48:21,,,,,,,,,,,1,,,,,,,,,,,,,,,,,,,,
FLINK-35981,Runtime,,,,2024/8/6 02:25,2024/8/9 16:01,84ef9d5daa78412b3f2f4dc087e8ea2e4be93b7c,3d 13:36:36,2024-08-07T10:31:45Z,2024-08-09T16:01:36Z,2024-08-09T16:01:36Z,2024-08-09T16:01:36Z,84ef9d5daa78412b3f2f4dc087e8ea2e4be93b7c,runtime;reviewed;approved,flink-cdc-runtime/src/main/java/org/apache/flink/cdc/runtime/operators/transform/ProjectionColumnProcessor.java;flink-cdc-runtime/src/main/java/org/apache/flink/cdc/runtime/operators/transform/TransformFilterProcessor.java;flink-cdc-runtime/src/test/java/org/apache/flink/cdc/runtime/operators/transform/PostTransformOperatorTest.java,3,3,88,1,8.0,555.0,97.0,555.0,3.0,226.0,38.0,226.0,2.0,114.0,21.0,114.0,85.0,577.0,3.0,2.0,3.0,215.0,38.0,215.0
FLINK-35984,Runtime,,,,2024/8/6 05:44,2024/8/12 06:34,17d21a957a4e73648788c5abe493bf7be6b63a5b,6d 00:50:10,2024-08-09T14:33:58Z,2024-08-12T06:34:11Z,2024-08-12T06:34:10Z,2024-08-12T06:34:10Z,17d21a957a4e73648788c5abe493bf7be6b63a5b,runtime;reviewed;approved,flink-cdc-runtime/src/main/java/org/apache/flink/cdc/runtime/operators/transform/ProjectionColumnProcessor.java;flink-cdc-runtime/src/main/java/org/apache/flink/cdc/runtime/parser/TransformParser.java;flink-cdc-runtime/src/test/java/org/apache/flink/cdc/runtime/operators/transform/UnifiedTransformOperatorTest.java,3,3,107,1,9.0,319.0,43.0,319.0,1.0,12.0,2.0,12.0,5.0,206.0,23.0,206.0,95.0,627.0,1.0,5.0,3.0,101.0,18.0,101.0
FLINK-35991,Runtime,,,,2024/8/7 04:08,2024/8/12 10:39,104209558a30dc12d300bc23009cf59be105671c,5d 06:31:02,2024-08-07T04:11:28Z,2024-08-12T10:39:02Z,2024-08-12T10:39:02Z,2024-08-12T10:39:02Z,104209558a30dc12d300bc23009cf59be105671c,runtime;reviewed;approved,flink-cdc-runtime/pom.xml;flink-cdc-runtime/src/main/java/org/apache/flink/cdc/runtime/functions/BuiltInScalarFunction.java;flink-cdc-runtime/src/main/java/org/apache/flink/cdc/runtime/parser/TransformParser.java;flink-cdc-runtime/src/main/java/org/apache/flink/cdc/runtime/parser/metadata/TransformSqlOperatorTable.java;flink-cdc-runtime/src/test/java/org/apache/flink/cdc/runtime/operators/schema/SchemaEvolveTest.java;flink-cdc-runtime/src/test/java/org/apache/flink/cdc/runtime/parser/TransformParserTest.java,6,2,320,1,3.0,85.0,15.0,89.0,2.0,32.0,5.0,32.0,0.0,0.0,0.0,0.0,88.0,485.0,2.0,0.0,1.0,53.0,10.0,57.0
FLINK-36056,,,Elasticsearch,,2024/8/14 07:03,2024/8/14 10:06,ab64eb3b574ebbeb81cf6b6500acbd211eea39ab,0d 03:03:38,,,,,,,,,,,,,,,,,,,,,,,,,,,,,,,
FLINK-36081,MySQL,,,,2024/8/18 02:00,2024/8/21 02:40,77c63385d947f3bb8e726561a7f01cd383941a96,3d 00:40:17,2024-08-18T02:53:32Z,2024-08-21T02:40:18Z,2024-08-21T02:40:17Z,2024-08-21T02:40:17Z,77c63385d947f3bb8e726561a7f01cd383941a96,mysql-cdc-connector;reviewed;approved,flink-cdc-connect/flink-cdc-source-connectors/flink-connector-mysql-cdc/src/main/java/org/apache/flink/cdc/connectors/mysql/source/split/MySqlBinlogSplit.java;flink-cdc-connect/flink-cdc-source-connectors/flink-connector-mysql-cdc/src/test/java/org/apache/flink/cdc/connectors/mysql/source/split/MySqlBinlogSplitTest.java,2,2,171,1,4.0,267.0,21.0,267.0,0.0,0.0,0.0,0.0,3.0,263.0,20.0,263.0,110.0,1170.0,0.0,3.0,1.0,4.0,1.0,4.0
FLINK-36082,MySQL,,Kafka,,2024/8/18 03:46,2024/8/19 13:20,0470fdbbc13a4281083488274e891a74cc8e81a8,1d 09:34:01,2024-08-18T06:19:10Z,2024-08-19T13:20:01Z,2024-08-19T13:20:01Z,2024-08-19T13:20:01Z,0470fdbbc13a4281083488274e891a74cc8e81a8,kafka-pipeline-connector;reviewed;approved,flink-cdc-connect/flink-cdc-pipeline-connectors/flink-cdc-pipeline-connector-kafka/src/main/java/org/apache/flink/cdc/connectors/kafka/sink/KafkaDataSink.java;flink-cdc-connect/flink-cdc-pipeline-connectors/flink-cdc-pipeline-connector-kafka/src/main/java/org/apache/flink/cdc/connectors/kafka/sink/KafkaMetaDataApplier.java,2,2,92,1,2.0,92.0,15.0,92.0,1.0,55.0,9.0,55.0,0.0,0.0,0.0,0.0,88.0,25.0,1.0,0.0,1.0,37.0,6.0,37.0
FLINK-36086,SQL Server,,,,2024/8/18 20:55,2025/2/22 07:04,e7964b160c1df3861571ba2199ba04d91d887ff2,187d 10:09:55,2025-01-21T09:15:27Z,2025-02-22T07:04:55Z,2025-02-22T07:04:55Z,2025-02-22T07:04:55Z,e7964b160c1df3861571ba2199ba04d91d887ff2,base;sqlserver-cdc-connector;reviewed;approved,flink-cdc-connect/flink-cdc-source-connectors/flink-cdc-base/src/main/java/org/apache/flink/cdc/connectors/base/source/assigner/HybridSplitAssigner.java;flink-cdc-connect/flink-cdc-source-connectors/flink-cdc-base/src/main/java/org/apache/flink/cdc/connectors/base/source/meta/offset/OffsetDeserializerSerializer.java;flink-cdc-connect/flink-cdc-source-connectors/flink-cdc-base/src/main/java/org/apache/flink/cdc/connectors/base/source/meta/split/SourceSplitSerializer.java;flink-cdc-connect/flink-cdc-source-connectors/flink-cdc-base/src/main/java/org/apache/flink/cdc/connectors/base/source/meta/split/StreamSplit.java;flink-cdc-connect/flink-cdc-source-connectors/flink-connector-sqlserver-cdc/pom.xml;flink-cdc-connect/flink-cdc-source-connectors/flink-connector-sqlserver-cdc/src/main/java/io/debezium/connector/sqlserver/SqlServerOffsetContext.java;flink-cdc-connect/flink-cdc-source-connectors/flink-connector-sqlserver-cdc/src/main/java/org/apache/flink/cdc/connectors/sqlserver/source/offset/LsnFactory.java;flink-cdc-connect/flink-cdc-source-connectors/flink-connector-sqlserver-cdc/src/main/java/org/apache/flink/cdc/connectors/sqlserver/source/offset/LsnOffset.java;flink-cdc-connect/flink-cdc-source-connectors/flink-connector-sqlserver-cdc/src/main/java/org/apache/flink/cdc/connectors/sqlserver/source/reader/fetch/SqlServerStreamFetchTask.java;flink-cdc-connect/flink-cdc-source-connectors/flink-connector-sqlserver-cdc/src/test/java/org/apache/flink/cdc/connectors/sqlserver/SqlServerTestBase.java;flink-cdc-connect/flink-cdc-source-connectors/flink-connector-sqlserver-cdc/src/test/java/org/apache/flink/cdc/connectors/sqlserver/source/reader/SqlserverSourceReaderTest.java;flink-cdc-connect/flink-cdc-source-connectors/flink-connector-sqlserver-cdc/src/test/java/org/apache/flink/cdc/connectors/sqlserver/source/reader/fetch/SqlServerScanFetchTaskTest.java,12,3,700,2,10.0,4355.0,722.0,4368.0,6.0,3321.0,547.0,3334.0,2.0,708.0,114.0,708.0,70.0,90.0,6.0,2.0,2.0,326.0,61.0,326.0
FLINK-36088,,,Paimon,,2024/8/19 02:09,2024/8/19 16:50,7f08c6caba082915b9684ea384363f1df85dab8d,0d 14:41:23,2024-08-19T02:19:42Z,2024-08-19T16:50:23Z,2024-08-19T16:50:23Z,2024-08-19T16:50:23Z,7f08c6caba082915b9684ea384363f1df85dab8d,paimon-pipeline-connector;reviewed;approved,flink-cdc-connect/flink-cdc-pipeline-connectors/flink-cdc-pipeline-connector-paimon/src/main/java/org/apache/flink/cdc/connectors/paimon/sink/v2/bucket/BucketAssignOperator.java,1,2,2,1,2.0,92.0,14.0,92.0,1.0,56.0,8.0,56.0,0.0,0.0,0.0,0.0,91.0,205.0,1.0,0.0,1.0,36.0,6.0,36.0
FLINK-36105,,,,,2024/8/20 06:08,2024/11/7 10:13,5d58769fe8058242123614cd9729d6660f8f4d81,79d 04:05:42,2024-08-22T03:47:03Z,2024-11-07T10:13:42Z,2024-11-07T10:13:42Z,2024-11-07T10:13:42Z,5d58769fe8058242123614cd9729d6660f8f4d81,build;cli;reviewed;approved,.github/workflows/flink_cdc_migration_test.yml;flink-cdc-cli/src/main/java/org/apache/flink/cdc/cli/CliFrontend.java;flink-cdc-cli/src/main/java/org/apache/flink/cdc/cli/utils/ConfigurationUtils.java,3,3,50,1,2.0,18.0,3.0,18.0,1.0,13.0,2.0,13.0,0.0,0.0,0.0,0.0,67.0,405.0,1.0,0.0,1.0,5.0,1.0,5.0
FLINK-36111,,,Paimon,,2024/8/20 09:47,2024/8/20 16:12,aedccb698e318d8bef58a40df1666d2c051ee554,0d 06:25:55,2024-08-20T09:52:05Z,2024-08-20T16:12:55Z,2024-08-20T16:12:55Z,2024-08-20T16:12:55Z,aedccb698e318d8bef58a40df1666d2c051ee554,paimon-pipeline-connector,flink-cdc-connect/flink-cdc-pipeline-connectors/flink-cdc-pipeline-connector-paimon/src/main/java/org/apache/flink/cdc/connectors/paimon/sink/v2/MultiTableCommittableChannelComputer.java,1,2,5,1,2.0,82.0,15.0,82.0,1.0,43.0,8.0,43.0,0.0,0.0,0.0,0.0,79.0,238.0,1.0,0.0,1.0,39.0,7.0,39.0
FLINK-36114,Runtime,,,,2024/8/21 01:29,2024/8/22 11:19,ee843e2f246c300ecfeaf5cfd529693fadf2625f,1d 09:50:21,2024-08-22T02:13:22Z,2024-08-22T11:19:22Z,2024-08-22T11:19:21Z,2024-08-22T11:19:21Z,ee843e2f246c300ecfeaf5cfd529693fadf2625f,runtime;e2e-tests;mysql-pipeline-connector;reviewed;approved,flink-cdc-connect/flink-cdc-pipeline-connectors/flink-cdc-pipeline-connector-mysql/src/main/java/org/apache/flink/cdc/connectors/mysql/source/reader/MySqlPipelineRecordEmitter.java;flink-cdc-connect/flink-cdc-pipeline-connectors/flink-cdc-pipeline-connector-mysql/src/test/java/org/apache/flink/cdc/connectors/mysql/source/MySqlFullTypesITCase.java;flink-cdc-connect/flink-cdc-pipeline-connectors/flink-cdc-pipeline-connector-mysql/src/test/java/org/apache/flink/cdc/connectors/mysql/source/MySqlPipelineITCase.java;flink-cdc-connect/flink-cdc-pipeline-connectors/flink-cdc-pipeline-connector-mysql/src/test/java/org/apache/flink/cdc/connectors/mysql/testutils/MySqSourceTestUtils.java;flink-cdc-e2e-tests/flink-cdc-pipeline-e2e-tests/src/test/java/org/apache/flink/cdc/pipeline/tests/MySqlToDorisE2eITCase.java;flink-cdc-e2e-tests/flink-cdc-pipeline-e2e-tests/src/test/java/org/apache/flink/cdc/pipeline/tests/MysqlE2eITCase.java;flink-cdc-e2e-tests/flink-cdc-pipeline-e2e-tests/src/test/java/org/apache/flink/cdc/pipeline/tests/RouteE2eITCase.java;flink-cdc-e2e-tests/flink-cdc-pipeline-e2e-tests/src/test/java/org/apache/flink/cdc/pipeline/tests/SchemaEvolveE2eITCase.java;flink-cdc-e2e-tests/flink-cdc-pipeline-e2e-tests/src/test/java/org/apache/flink/cdc/pipeline/tests/TransformE2eITCase.java;flink-cdc-e2e-tests/flink-cdc-pipeline-e2e-tests/src/test/java/org/apache/flink/cdc/pipeline/tests/UdfE2eITCase.java;flink-cdc-e2e-tests/flink-cdc-pipeline-e2e-tests/src/test/java/org/apache/flink/cdc/pipeline/tests/utils/PipelineTestEnvironment.java;flink-cdc-runtime/src/main/java/org/apache/flink/cdc/runtime/operators/schema/SchemaOperator.java;flink-cdc-runtime/src/main/java/org/apache/flink/cdc/runtime/operators/schema/coordinator/SchemaManager.java;flink-cdc-runtime/src/main/java/org/apache/flink/cdc/runtime/operators/schema/coordinator/SchemaRegistry.java;flink-cdc-runtime/src/main/java/org/apache/flink/cdc/runtime/operators/schema/coordinator/SchemaRegistryRequestHandler.java;flink-cdc-runtime/src/main/java/org/apache/flink/cdc/runtime/operators/schema/event/RefreshPendingListsRequest.java;flink-cdc-runtime/src/main/java/org/apache/flink/cdc/runtime/operators/schema/event/RefreshPendingListsResponse.java;flink-cdc-runtime/src/main/java/org/apache/flink/cdc/runtime/operators/schema/event/ReleaseUpstreamRequest.java;flink-cdc-runtime/src/main/java/org/apache/flink/cdc/runtime/operators/schema/event/SchemaChangeProcessingResponse.java;flink-cdc-runtime/src/main/java/org/apache/flink/cdc/runtime/operators/schema/event/SchemaChangeResponse.java;flink-cdc-runtime/src/main/java/org/apache/flink/cdc/runtime/operators/schema/event/SchemaChangeResultResponse.java;flink-cdc-runtime/src/test/java/org/apache/flink/cdc/runtime/testutils/operators/EventOperatorTestHarness.java,22,3,956,1,12.0,1352.0,192.0,1354.0,1.0,135.0,24.0,135.0,9.0,1078.0,145.0,1080.0,99.0,931.0,1.0,13.0,2.0,139.0,23.0,139.0
FLINK-36115,MySQL,,,,2024/8/21 02:06,2024/8/22 04:39,565032e3af66677cffd8a797de9af7c9f4490f57,1d 02:33:16,2024-08-21T05:50:15Z,2024-08-23T09:50:14Z,2024-08-22T04:39:16Z,2024-08-22T04:39:16Z,565032e3af66677cffd8a797de9af7c9f4490f57,docs;mysql-pipeline-connector;reviewed;approved,docs/content.zh/docs/connectors/pipeline-connectors/mysql.md;docs/content/docs/connectors/pipeline-connectors/mysql.md;flink-cdc-connect/flink-cdc-pipeline-connectors/flink-cdc-pipeline-connector-mysql/src/main/java/org/apache/flink/cdc/connectors/mysql/factory/MySqlDataSourceFactory.java;flink-cdc-connect/flink-cdc-pipeline-connectors/flink-cdc-pipeline-connector-mysql/src/main/java/org/apache/flink/cdc/connectors/mysql/source/MySqlDataSourceOptions.java;flink-cdc-connect/flink-cdc-pipeline-connectors/flink-cdc-pipeline-connector-mysql/src/test/java/org/apache/flink/cdc/connectors/mysql/source/MysqlPipelineNewlyAddedTableITCase.java,5,3,150,1,6.0,515.0,64.0,517.0,1.0,82.0,16.0,82.0,4.0,429.0,47.0,431.0,94.0,68.0,1.0,4.0,1.0,4.0,1.0,4.0
FLINK-36128,Runtime,,,,2024/8/22 01:39,2024/8/26 09:46,2e938a92f5335515f7eb46077254aee25acd9107,4d 08:07:38,2024-08-25T09:26:30Z,2024-08-26T09:57:38Z,2024-08-26T09:46:38Z,2024-08-26T09:46:38Z,2e938a92f5335515f7eb46077254aee25acd9107,composer;common;runtime;cli;e2e-tests;reviewed;approved,flink-cdc-cli/src/main/java/org/apache/flink/cdc/cli/parser/YamlPipelineDefinitionParser.java;flink-cdc-cli/src/test/java/org/apache/flink/cdc/cli/parser/YamlPipelineDefinitionParserTest.java;flink-cdc-common/src/main/java/org/apache/flink/cdc/common/event/SchemaChangeEventType.java;flink-cdc-common/src/main/java/org/apache/flink/cdc/common/pipeline/PipelineOptions.java;flink-cdc-common/src/main/java/org/apache/flink/cdc/common/utils/ChangeEventUtils.java;flink-cdc-common/src/test/java/org/apache/flink/cdc/common/utils/ChangeEventUtilsTest.java;flink-cdc-composer/src/test/java/org/apache/flink/cdc/composer/flink/FlinkPipelineComposerITCase.java;flink-cdc-composer/src/test/java/org/apache/flink/cdc/composer/flink/FlinkPipelineTransformITCase.java;flink-cdc-composer/src/test/java/org/apache/flink/cdc/composer/flink/FlinkPipelineUdfITCase.java;flink-cdc-e2e-tests/flink-cdc-pipeline-e2e-tests/src/test/java/org/apache/flink/cdc/pipeline/tests/MysqlE2eITCase.java;flink-cdc-e2e-tests/flink-cdc-pipeline-e2e-tests/src/test/java/org/apache/flink/cdc/pipeline/tests/SchemaEvolveE2eITCase.java;flink-cdc-e2e-tests/flink-cdc-pipeline-e2e-tests/src/test/java/org/apache/flink/cdc/pipeline/tests/SchemaEvolvingTransformE2eITCase.java;flink-cdc-e2e-tests/flink-cdc-pipeline-e2e-tests/src/test/java/org/apache/flink/cdc/pipeline/tests/TransformE2eITCase.java;flink-cdc-runtime/src/main/java/org/apache/flink/cdc/runtime/operators/schema/coordinator/SchemaRegistryRequestHandler.java;flink-cdc-runtime/src/main/java/org/apache/flink/cdc/runtime/partitioning/PrePartitionOperator.java,15,2,234,1,4.0,207.0,36.0,207.0,0.0,0.0,0.0,0.0,2.0,76.0,11.0,76.0,125.0,422.0,0.0,2.0,2.0,131.0,25.0,131.0
FLINK-36148,MySQL,,,,2024/8/24 03:20,2024/8/27 07:29,3c1517f70f728e1ef8a4b6bed942d87d66d874df,3d 04:09:52,2024-08-24T03:33:07Z,2024-08-27T07:29:52Z,2024-08-27T07:29:52Z,2024-08-27T07:29:52Z,3c1517f70f728e1ef8a4b6bed942d87d66d874df,mysql-pipeline-connector;reviewed;approved,flink-cdc-connect/flink-cdc-pipeline-connectors/flink-cdc-pipeline-connector-mysql/src/main/java/org/apache/flink/cdc/connectors/mysql/source/parser/CustomAlterTableParserListener.java;flink-cdc-connect/flink-cdc-pipeline-connectors/flink-cdc-pipeline-connector-mysql/src/test/java/org/apache/flink/cdc/connectors/mysql/source/MySqlPipelineITCase.java;flink-cdc-connect/flink-cdc-pipeline-connectors/flink-cdc-pipeline-connector-mysql/src/test/java/org/apache/flink/cdc/connectors/mysql/source/MysqlPipelineNewlyAddedTableITCase.java,3,2,268,1,5.0,243.0,37.0,243.0,1.0,82.0,7.0,82.0,2.0,62.0,12.0,62.0,79.0,89.0,1.0,2.0,2.0,99.0,18.0,99.0
FLINK-36150,MySQL,,,,2024/8/25 08:33,2024/8/27 16:33,afe9c3c0adb77594565b24c004daa6385d50d5fc,2d 08:00:10,2024-08-25T09:14:36Z,2024-08-27T16:33:10Z,2024-08-27T16:33:10Z,2024-08-27T16:33:10Z,afe9c3c0adb77594565b24c004daa6385d50d5fc,mysql-cdc-connector;mysql-pipeline-connector;reviewed;approved,flink-cdc-connect/flink-cdc-pipeline-connectors/flink-cdc-pipeline-connector-mysql/src/main/java/org/apache/flink/cdc/connectors/mysql/factory/MySqlDataSourceFactory.java;flink-cdc-connect/flink-cdc-pipeline-connectors/flink-cdc-pipeline-connector-mysql/src/main/java/org/apache/flink/cdc/connectors/mysql/source/reader/MySqlPipelineRecordEmitter.java;flink-cdc-connect/flink-cdc-pipeline-connectors/flink-cdc-pipeline-connector-mysql/src/test/java/org/apache/flink/cdc/connectors/mysql/source/MySqlDataSourceFactoryTest.java;flink-cdc-connect/flink-cdc-pipeline-connectors/flink-cdc-pipeline-connector-mysql/src/test/java/org/apache/flink/cdc/connectors/mysql/source/MysqlPipelineNewlyAddedTableITCase.java;flink-cdc-connect/flink-cdc-source-connectors/flink-connector-mysql-cdc/src/main/java/org/apache/flink/cdc/connectors/mysql/debezium/DebeziumUtils.java;flink-cdc-connect/flink-cdc-source-connectors/flink-connector-mysql-cdc/src/main/java/org/apache/flink/cdc/connectors/mysql/debezium/reader/BinlogSplitReader.java;flink-cdc-connect/flink-cdc-source-connectors/flink-connector-mysql-cdc/src/main/java/org/apache/flink/cdc/connectors/mysql/schema/Selectors.java;flink-cdc-connect/flink-cdc-source-connectors/flink-connector-mysql-cdc/src/main/java/org/apache/flink/cdc/connectors/mysql/source/assigners/MySqlSnapshotSplitAssigner.java;flink-cdc-connect/flink-cdc-source-connectors/flink-connector-mysql-cdc/src/main/java/org/apache/flink/cdc/connectors/mysql/source/config/MySqlSourceConfig.java;flink-cdc-connect/flink-cdc-source-connectors/flink-connector-mysql-cdc/src/main/java/org/apache/flink/cdc/connectors/mysql/source/config/MySqlSourceConfigFactory.java;flink-cdc-connect/flink-cdc-source-connectors/flink-connector-mysql-cdc/src/main/java/org/apache/flink/cdc/connectors/mysql/source/reader/MySqlSourceReader.java;flink-cdc-connect/flink-cdc-source-connectors/flink-connector-mysql-cdc/src/main/java/org/apache/flink/cdc/connectors/mysql/source/utils/TableDiscoveryUtils.java,12,2,312,1,6.0,1254.0,153.0,1254.0,1.0,234.0,22.0,234.0,4.0,942.0,116.0,942.0,119.0,180.0,1.0,4.0,1.0,78.0,15.0,78.0
FLINK-36183,Runtime,,,,2024/8/30 01:58,2024/8/30 08:03,73977c127b867a6412d176dd21323d7845a0b6fe,0d 06:05:18,2024-08-29T04:14:57Z,2024-08-30T08:03:18Z,2024-08-30T08:03:18Z,2024-08-30T08:03:18Z,73977c127b867a6412d176dd21323d7845a0b6fe,composer;runtime;e2e-tests;reviewed;approved,flink-cdc-composer/src/test/java/org/apache/flink/cdc/composer/flink/FlinkPipelineComposerLenientITCase.java;flink-cdc-e2e-tests/flink-cdc-pipeline-e2e-tests/src/test/java/org/apache/flink/cdc/pipeline/tests/SchemaEvolveE2eITCase.java;flink-cdc-runtime/src/main/java/org/apache/flink/cdc/runtime/operators/schema/coordinator/SchemaRegistryRequestHandler.java,3,2,1172,1,1.0,43.0,6.0,43.0,0.0,0.0,0.0,0.0,0.0,0.0,0.0,0.0,68.0,1297.0,0.0,0.0,1.0,43.0,6.0,43.0
FLINK-36184,Runtime,,,,2024/8/30 01:59,2024/8/30 03:41,06fc9395693a78318bc3b42b76088e6d3201b79f,0d 01:42:05,2024-08-29T09:15:43Z,2024-08-30T03:41:05Z,2024-08-30T03:41:05Z,2024-08-30T03:41:05Z,06fc9395693a78318bc3b42b76088e6d3201b79f,runtime;e2e-tests;reviewed;approved,flink-cdc-e2e-tests/flink-cdc-pipeline-e2e-tests/src/test/java/org/apache/flink/cdc/pipeline/tests/SchemaEvolveE2eITCase.java;flink-cdc-runtime/src/main/java/org/apache/flink/cdc/runtime/operators/transform/PostTransformOperator.java;flink-cdc-runtime/src/main/java/org/apache/flink/cdc/runtime/operators/transform/PreTransformOperator.java,3,2,157,1,2.0,23.0,3.0,23.0,1.0,18.0,2.0,18.0,0.0,0.0,0.0,0.0,114.0,1188.0,1.0,0.0,1.0,5.0,1.0,5.0
FLINK-36247,MySQL,,,,2024/9/10 10:08,2024/11/8 05:46,d5f1b9ace82f91bbf16aa8ec56a29b7fb0456c0b,58d 19:38:51,2024-09-10T10:27:26Z,2024-11-08T05:46:51Z,2024-11-08T05:46:51Z,2024-11-08T05:46:51Z,d5f1b9ace82f91bbf16aa8ec56a29b7fb0456c0b,mysql-cdc-connector;reviewed;approved,flink-cdc-connect/flink-cdc-source-connectors/flink-connector-mysql-cdc/src/main/java/org/apache/flink/cdc/connectors/mysql/source/utils/StatementUtils.java,1,3,1,1,3.0,77.0,13.0,77.0,1.0,17.0,2.0,17.0,0.0,0.0,0.0,0.0,87.0,123.0,1.0,0.0,2.0,60.0,11.0,60.0
FLINK-36282,MySQL,,,,2024/9/14 05:48,2025/1/17 02:43,bbef6213a6759b8049e2f11888ef38aaabe71cf1,124d 20:55:27,2025-01-16T11:54:58Z,2025-01-17T02:43:28Z,2025-01-17T02:43:27Z,2025-01-17T02:43:27Z,bbef6213a6759b8049e2f11888ef38aaabe71cf1,mysql-pipeline-connector;reviewed;approved,flink-cdc-connect/flink-cdc-pipeline-connectors/flink-cdc-pipeline-connector-mysql/src/main/java/org/apache/flink/cdc/connectors/mysql/factory/MySqlDataSourceFactory.java;flink-cdc-connect/flink-cdc-pipeline-connectors/flink-cdc-pipeline-connector-mysql/src/test/java/org/apache/flink/cdc/connectors/mysql/source/MySqlDataSourceFactoryTest.java,2,3,24,1,3.0,121.0,25.0,121.0,0.0,0.0,0.0,0.0,1.0,43.0,9.0,43.0,120.0,57.0,0.0,1.0,2.0,78.0,16.0,78.0
FLINK-36285,,,Doris,,2024/9/15 09:56,2024/11/14 08:43,8e6c361f961966c25c9c34ffecdfc87cf2b599a3,59d 22:47:39,2024-11-07T01:47:04Z,2024-11-14T08:43:40Z,2024-11-14T08:43:39Z,2024-11-14T08:43:39Z,8e6c361f961966c25c9c34ffecdfc87cf2b599a3,build;doris-pipeline-connector;reviewed;approved,flink-cdc-connect/flink-cdc-pipeline-connectors/flink-cdc-pipeline-connector-doris/pom.xml;flink-cdc-connect/flink-cdc-pipeline-connectors/flink-cdc-pipeline-connector-doris/src/test/java/org/apache/flink/cdc/connectors/doris/sink/DorisMetadataApplierITCase.java;flink-cdc-connect/flink-cdc-pipeline-connectors/flink-cdc-pipeline-connector-doris/src/test/java/org/apache/flink/cdc/connectors/doris/sink/DorisPipelineITCase.java;tools/ci/license_check.rb,4,2,56,3,2.0,57.0,9.0,59.0,1.0,21.0,3.0,21.0,0.0,0.0,0.0,0.0,84.0,269.0,1.0,0.0,1.0,36.0,6.0,38.0
FLINK-36326,MySQL,,Doris,,2024/9/19 09:56,2024/10/23 07:35,d5f549f91f1bbdb4adc218e78b1a2e4446a477e1,33d 21:39:19,2024-09-19T11:26:26Z,2024-10-23T07:35:19Z,2024-10-23T07:35:19Z,2024-10-23T07:35:19Z,d5f549f91f1bbdb4adc218e78b1a2e4446a477e1,mysql-cdc-connector;reviewed;approved,flink-cdc-connect/flink-cdc-source-connectors/flink-connector-mysql-cdc/src/main/java/org/apache/flink/cdc/connectors/mysql/source/enumerator/MySqlSourceEnumerator.java;flink-cdc-connect/flink-cdc-source-connectors/flink-connector-mysql-cdc/src/test/java/org/apache/flink/cdc/connectors/mysql/source/NewlyAddedTableITCase.java,2,3,153,1,3.0,129.0,19.0,129.0,2.0,124.0,18.0,124.0,0.0,0.0,0.0,0.0,59.0,154.0,2.0,0.0,1.0,5.0,1.0,5.0
FLINK-36375,Runtime,,Values,,2024/9/26 04:45,2024/11/11 09:41,8647fe4986a6f4de82021c1e1646f1bc5886bfb4,46d 04:56:43,2024-09-26T05:16:37Z,2024-11-19T07:39:10Z,2024-11-11T09:41:43Z,2024-11-11T09:41:43Z,8647fe4986a6f4de82021c1e1646f1bc5886bfb4,values-pipeline-connector;composer;runtime;reviewed;approved,flink-cdc-composer/src/test/java/org/apache/flink/cdc/composer/flink/FlinkPipelineComposerLenientITCase.java;flink-cdc-connect/flink-cdc-pipeline-connectors/flink-cdc-pipeline-connector-values/src/main/java/org/apache/flink/cdc/connectors/values/source/ValuesDataSourceHelper.java;flink-cdc-connect/flink-cdc-pipeline-connectors/flink-cdc-pipeline-connector-values/src/main/java/org/apache/flink/cdc/connectors/values/source/ValuesDataSourceOptions.java;flink-cdc-runtime/src/main/java/org/apache/flink/cdc/runtime/operators/schema/coordinator/SchemaRegistryRequestHandler.java;flink-cdc-runtime/src/test/java/org/apache/flink/cdc/runtime/operators/schema/coordinator/SchemaDerivationTest.java;flink-cdc-runtime/src/test/java/org/apache/flink/cdc/runtime/operators/schema/coordinator/SchemaManagerTest.java,6,4,136,1,12.0,1194.0,168.0,1194.0,5.0,391.0,61.0,391.0,4.0,316.0,32.0,316.0,87.0,159.0,5.0,4.0,3.0,487.0,75.0,487.0
FLINK-36407,Runtime,,,,2024/9/29 22:32,2024/11/11 06:01,e15bf6f04a31fbbf3ebeb4c3cb891f309df29d3c,42d 07:29:56,2024-09-29T22:38:34Z,2024-11-11T06:22:32Z,2024-11-11T06:01:56Z,2024-11-11T06:01:56Z,e15bf6f04a31fbbf3ebeb4c3cb891f309df29d3c,runtime;reviewed;approved,flink-cdc-runtime/src/main/java/org/apache/flink/cdc/runtime/operators/schema/coordinator/SchemaRegistry.java,1,3,1,2,5.0,908.0,45.0,908.0,2.0,893.0,42.0,893.0,0.0,0.0,0.0,0.0,71.0,174.0,2.0,0.0,3.0,15.0,3.0,15.0
FLINK-36408,MySQL,,,,2024/9/30 03:27,2024/11/11 07:09,57a1a7df93a69dbbd37fe4e3e5e4146cbe1f9983,42d 03:42:09,2024-09-30T03:31:25Z,2024-11-11T07:09:09Z,2024-11-11T07:09:09Z,2024-11-11T07:09:09Z,57a1a7df93a69dbbd37fe4e3e5e4146cbe1f9983,docs;mysql-pipeline-connector;reviewed;approved,docs/content.zh/docs/connectors/pipeline-connectors/mysql.md;docs/content/docs/connectors/pipeline-connectors/mysql.md;flink-cdc-connect/flink-cdc-pipeline-connectors/flink-cdc-pipeline-connector-mysql/src/main/java/org/apache/flink/cdc/connectors/mysql/utils/MySqlTypeUtils.java;flink-cdc-connect/flink-cdc-pipeline-connectors/flink-cdc-pipeline-connector-mysql/src/test/java/org/apache/flink/cdc/connectors/mysql/source/MySqlFullTypesITCase.java;flink-cdc-connect/flink-cdc-pipeline-connectors/flink-cdc-pipeline-connector-mysql/src/test/java/org/apache/flink/cdc/connectors/mysql/source/MySqlMetadataAccessorITCase.java;flink-cdc-connect/flink-cdc-pipeline-connectors/flink-cdc-pipeline-connector-mysql/src/test/resources/ddl/column_type_test.sql;flink-cdc-connect/flink-cdc-pipeline-connectors/flink-cdc-pipeline-connector-mysql/src/test/resources/ddl/column_type_test_mysql8.sql,7,2,269,1,6.0,200.0,33.0,200.0,2.0,85.0,12.0,85.0,2.0,106.0,19.0,106.0,84.0,316.0,2.0,2.0,2.0,9.0,2.0,9.0
FLINK-36461,Runtime,,,,2024/10/10 05:47,2024/11/12 11:53,b5ab385b8cbcd8888a63a895ff20d556ccb527ff,33d 06:06:47,2024-10-10T08:21:32Z,2024-11-12T11:53:47Z,2024-11-12T11:53:47Z,2024-11-12T11:53:47Z,b5ab385b8cbcd8888a63a895ff20d556ccb527ff,composer;common;runtime;reviewed;approved,flink-cdc-common/src/main/java/org/apache/flink/cdc/common/utils/SchemaUtils.java;flink-cdc-composer/src/test/java/org/apache/flink/cdc/composer/flink/FlinkPipelineTransformITCase.java;flink-cdc-runtime/src/main/java/org/apache/flink/cdc/runtime/operators/transform/PostTransformOperator.java;flink-cdc-runtime/src/main/java/org/apache/flink/cdc/runtime/operators/transform/PreTransformOperator.java,4,3,179,1,4.0,168.0,26.0,168.0,0.0,0.0,0.0,0.0,2.0,135.0,20.0,135.0,69.0,3638.0,0.0,2.0,2.0,33.0,6.0,33.0
FLINK-36474,Runtime,,Doris;StarRocks,,2024/10/11 02:34,2024/11/6 11:53,84f97ed4c13ec073022968b83532bdbbce3944ae,26d 09:19:49,2024-10-11T12:03:00Z,2024-11-06T11:53:49Z,2024-11-06T11:53:49Z,2024-11-06T11:53:49Z,84f97ed4c13ec073022968b83532bdbbce3944ae,composer;common;runtime;e2e-tests;doris-pipeline-connector;starrocks-pipeline-connector;reviewed;approved,flink-cdc-common/src/main/java/org/apache/flink/cdc/common/utils/SchemaUtils.java;flink-cdc-common/src/test/java/org/apache/flink/cdc/common/utils/SchemaUtilsTest.java;flink-cdc-composer/src/main/java/org/apache/flink/cdc/composer/flink/FlinkPipelineComposer.java;flink-cdc-composer/src/main/java/org/apache/flink/cdc/composer/flink/translator/SchemaOperatorTranslator.java;flink-cdc-composer/src/test/java/org/apache/flink/cdc/composer/flink/FlinkPipelineComposerITCase.java;flink-cdc-connect/flink-cdc-pipeline-connectors/flink-cdc-pipeline-connector-doris/src/test/java/org/apache/flink/cdc/connectors/doris/sink/DorisMetadataApplierITCase.java;flink-cdc-connect/flink-cdc-pipeline-connectors/flink-cdc-pipeline-connector-starrocks/src/test/java/org/apache/flink/cdc/connectors/starrocks/sink/StarRocksMetadataApplierITCase.java;flink-cdc-e2e-tests/flink-cdc-pipeline-e2e-tests/src/test/java/org/apache/flink/cdc/pipeline/tests/SchemaEvolveE2eITCase.java;flink-cdc-e2e-tests/flink-cdc-pipeline-e2e-tests/src/test/java/org/apache/flink/cdc/pipeline/tests/SchemaEvolvingTransformE2eITCase.java;flink-cdc-runtime/src/main/java/org/apache/flink/cdc/runtime/operators/schema/SchemaOperator.java;flink-cdc-runtime/src/main/java/org/apache/flink/cdc/runtime/operators/schema/SchemaOperatorFactory.java;flink-cdc-runtime/src/main/java/org/apache/flink/cdc/runtime/operators/schema/coordinator/SchemaDerivation.java;flink-cdc-runtime/src/test/java/org/apache/flink/cdc/runtime/operators/schema/coordinator/SchemaDerivationTest.java,13,4,447,1,9.0,535.0,90.0,537.0,2.0,118.0,18.0,118.0,4.0,394.0,68.0,394.0,60.0,753.0,2.0,4.0,3.0,23.0,4.0,25.0
FLINK-36509,MySQL,,Paimon,,2024/10/11 03:46,2024/11/12 12:00,ae986ab3f607d788b4b82e2aabceb3e807a54139,32d 08:14:14,2024-10-14T05:48:42Z,2024-11-12T12:08:08Z,2024-11-12T12:00:14Z,2024-11-12T12:00:14Z,ae986ab3f607d788b4b82e2aabceb3e807a54139,paimon-pipeline-connector;reviewed;approved,flink-cdc-connect/flink-cdc-pipeline-connectors/flink-cdc-pipeline-connector-paimon/src/main/java/org/apache/flink/cdc/connectors/paimon/sink/PaimonMetadataApplier.java;flink-cdc-connect/flink-cdc-pipeline-connectors/flink-cdc-pipeline-connector-paimon/src/test/java/org/apache/flink/cdc/connectors/paimon/sink/PaimonMetadataApplierTest.java,2,2,53,1,2.0,115.0,21.0,115.0,1.0,73.0,15.0,73.0,0.0,0.0,0.0,0.0,80.0,50.0,1.0,0.0,1.0,42.0,6.0,42.0
FLINK-36514,,,,,2024/10/12 03:25,2024/11/6 11:58,4df3d9272135103304d7413aea20bd3b9aafa2aa,25d 08:33:10,2024-10-12T03:48:39Z,2024-11-06T11:58:11Z,2024-11-06T11:58:11Z,2024-11-06T11:58:10Z,4df3d9272135103304d7413aea20bd3b9aafa2aa,cli;reviewed;approved,flink-cdc-cli/src/main/java/org/apache/flink/cdc/cli/parser/YamlPipelineDefinitionParser.java;flink-cdc-cli/src/test/java/org/apache/flink/cdc/cli/parser/YamlPipelineDefinitionParserTest.java,2,3,101,1,2.0,7.0,2.0,7.0,0.0,0.0,0.0,0.0,0.0,0.0,0.0,0.0,73.0,1022.0,0.0,0.0,2.0,7.0,2.0,7.0
FLINK-36517,,,Paimon,,2024/10/12 07:47,2024/11/11 11:57,ff77a490bd88d86952d47607f44a07163f5d8ced,30d 04:10:23,2024-10-12T07:52:58Z,2025-01-09T12:28:28Z,2024-11-11T11:57:23Z,2024-11-11T11:57:23Z,ff77a490bd88d86952d47607f44a07163f5d8ced,paimon-pipeline-connector;reviewed;approved,flink-cdc-connect/flink-cdc-pipeline-connectors/flink-cdc-pipeline-connector-paimon/src/main/java/org/apache/flink/cdc/connectors/paimon/sink/v2/PaimonCommitter.java;flink-cdc-connect/flink-cdc-pipeline-connectors/flink-cdc-pipeline-connector-paimon/src/test/java/org/apache/flink/cdc/connectors/paimon/sink/v2/PaimonSinkITCase.java,2,3,128,1,14.0,1449.0,212.0,1449.0,7.0,664.0,104.0,664.0,4.0,615.0,77.0,615.0,103.0,181.0,7.0,4.0,3.0,170.0,31.0,170.0
FLINK-36558,MySQL,8.0.17/8.0.18,,,2024/10/17 01:32,2024/12/17 06:37,dfbaf617e28f2a42d961a40f925bf2723e5b6f40,61d 05:05:13,2024-10-17T02:09:32Z,2024-12-17T06:37:13Z,2024-12-17T06:37:13Z,2024-12-17T06:37:13Z,dfbaf617e28f2a42d961a40f925bf2723e5b6f40,mysql-cdc-connector;reviewed;Stale;approved,flink-cdc-connect/flink-cdc-source-connectors/flink-connector-mysql-cdc/src/main/java/com/github/shyiko/mysql/binlog/event/deserialization/ColumnType.java;flink-cdc-connect/flink-cdc-source-connectors/flink-connector-mysql-cdc/src/main/java/com/github/shyiko/mysql/binlog/event/deserialization/TableMapEventDataDeserializer.java;flink-cdc-connect/flink-cdc-source-connectors/flink-connector-mysql-cdc/src/test/java/org/apache/flink/cdc/connectors/mysql/table/MySqlJsonArrayAsKeyIndexITCase.java;flink-cdc-connect/flink-cdc-source-connectors/flink-connector-mysql-cdc/src/test/java/org/apache/flink/cdc/connectors/mysql/testutils/MySqlVersion.java;flink-cdc-connect/flink-cdc-source-connectors/flink-connector-mysql-cdc/src/test/resources/ddl/json_array_as_key.sql,5,4,262,1,3.0,313.0,55.0,313.0,1.0,168.0,31.0,168.0,0.0,0.0,0.0,0.0,82.0,894.0,1.0,0.0,2.0,145.0,24.0,145.0
FLINK-36560,MySQL,,Doris;Kafka;Paimon;StarRocks,,2024/10/17 09:18,2024/11/11 06:46,ecfee702dc91a1e039b1b6f3fc16fa50dfc1331c,24d 21:28:49,2024-10-17T09:31:41Z,2024-11-11T06:46:50Z,2024-11-11T06:46:49Z,2024-11-11T06:46:49Z,ecfee702dc91a1e039b1b6f3fc16fa50dfc1331c,doris-pipeline-connector;starrocks-pipeline-connector;paimon-pipeline-connector;kafka-pipeline-connector;reviewed;approved,flink-cdc-connect/flink-cdc-pipeline-connectors/flink-cdc-pipeline-connector-doris/src/test/java/org/apache/flink/cdc/connectors/doris/sink/DorisPipelineITCase.java;flink-cdc-connect/flink-cdc-pipeline-connectors/flink-cdc-pipeline-connector-kafka/src/main/java/org/apache/flink/cdc/connectors/kafka/json/TableSchemaInfo.java;flink-cdc-connect/flink-cdc-pipeline-connectors/flink-cdc-pipeline-connector-kafka/src/test/java/org/apache/flink/cdc/connectors/kafka/json/TableSchemaInfoTest.java;flink-cdc-connect/flink-cdc-pipeline-connectors/flink-cdc-pipeline-connector-paimon/src/main/java/org/apache/flink/cdc/connectors/paimon/sink/v2/PaimonWriterHelper.java;flink-cdc-connect/flink-cdc-pipeline-connectors/flink-cdc-pipeline-connector-paimon/src/test/java/org/apache/flink/cdc/connectors/paimon/sink/v2/PaimonWriterHelperTest.java;flink-cdc-connect/flink-cdc-pipeline-connectors/flink-cdc-pipeline-connector-starrocks/src/main/java/org/apache/flink/cdc/connectors/starrocks/sink/StarRocksDataSinkFactory.java;flink-cdc-connect/flink-cdc-pipeline-connectors/flink-cdc-pipeline-connector-starrocks/src/test/java/org/apache/flink/cdc/connectors/starrocks/sink/StarRocksPipelineITCase.java,7,5,169,1,7.0,1901.0,135.0,1901.0,1.0,70.0,10.0,70.0,3.0,1430.0,82.0,1430.0,108.0,627.0,1.0,3.0,3.0,401.0,43.0,401.0
FLINK-36572,,,StarRocks,,2024/10/20 02:50,2024/11/11 05:55,be9b52750c7bb4835a7b8631ebdb17666aff6bb1,22d 03:05:02,2024-10-20T02:59:56Z,2024-11-14T05:06:40Z,2024-11-11T05:55:03Z,2024-11-11T05:55:02Z,be9b52750c7bb4835a7b8631ebdb17666aff6bb1,starrocks-pipeline-connector;reviewed;approved,flink-cdc-connect/flink-cdc-pipeline-connectors/flink-cdc-pipeline-connector-starrocks/src/main/java/org/apache/flink/cdc/connectors/starrocks/sink/StarRocksDataSink.java;flink-cdc-connect/flink-cdc-pipeline-connectors/flink-cdc-pipeline-connector-starrocks/src/main/java/org/apache/flink/cdc/connectors/starrocks/sink/StarRocksDataSinkFactory.java;flink-cdc-connect/flink-cdc-pipeline-connectors/flink-cdc-pipeline-connector-starrocks/src/test/java/org/apache/flink/cdc/connectors/starrocks/sink/StarRocksDataSinkFactoryTest.java,3,4,41,1,8.0,582.0,83.0,582.0,6.0,501.0,71.0,501.0,0.0,0.0,0.0,0.0,98.0,0.0,6.0,0.0,2.0,81.0,12.0,81.0
FLINK-36596,Runtime,,,,2024/10/24 07:22,2024/11/14 04:04,51c679a91408476bd64aeb8fa481298554ce9e19,20d 20:42:55,2024-10-24T09:12:21Z,2024-11-14T04:04:55Z,2024-11-14T04:04:55Z,2024-11-14T04:04:55Z,51c679a91408476bd64aeb8fa481298554ce9e19,composer;runtime;reviewed;approved,flink-cdc-composer/src/test/java/org/apache/flink/cdc/composer/flink/FlinkPipelineTransformITCase.java;flink-cdc-runtime/src/main/java/org/apache/flink/cdc/runtime/parser/TransformParser.java,2,3,97,1,2.0,7.0,2.0,7.0,0.0,0.0,0.0,0.0,0.0,0.0,0.0,0.0,75.0,648.0,0.0,0.0,2.0,7.0,2.0,7.0
FLINK-36636,Runtime,,,,2024/10/31 08:12,2025/1/14 13:43,551bdf395daf33588f5df86dd8450d23a844128e,75d 05:31:22,2024-10-31T12:58:15Z,2025-01-14T13:43:22Z,2025-01-14T13:43:22Z,2025-01-14T13:43:22Z,551bdf395daf33588f5df86dd8450d23a844128e,docs;runtime;reviewed;approved,docs/content.zh/docs/core-concept/transform.md;docs/content/docs/core-concept/transform.md;flink-cdc-runtime/src/main/java/org/apache/flink/cdc/runtime/functions/SystemFunctionUtils.java;flink-cdc-runtime/src/main/java/org/apache/flink/cdc/runtime/parser/JaninoCompiler.java;flink-cdc-runtime/src/test/java/org/apache/flink/cdc/runtime/operators/transform/PostTransformOperatorTest.java;flink-cdc-runtime/src/test/java/org/apache/flink/cdc/runtime/parser/TransformParserTest.java,6,3,360,1,23.0,2260.0,327.0,2264.0,9.0,743.0,117.0,747.0,10.0,1266.0,172.0,1266.0,79.0,1104.0,9.0,10.0,4.0,251.0,38.0,251.0
FLINK-36649,Oracle,,,,2024/11/1 08:14,2024/11/8 06:57,7f6d9115ae5fec8a7d09d6a7ab4a2ec180e0b646,6d 22:43:06,2024-11-01T08:26:52Z,2024-11-08T06:57:07Z,2024-11-08T06:57:06Z,2024-11-08T06:57:06Z,7f6d9115ae5fec8a7d09d6a7ab4a2ec180e0b646,oracle-cdc-connector;reviewed;approved,flink-cdc-connect/flink-cdc-source-connectors/flink-connector-oracle-cdc/src/main/java/io/debezium/connector/oracle/logminer/LogMinerStreamingChangeEventSource.java,1,3,2,1,4.0,655.0,97.0,657.0,3.0,650.0,96.0,652.0,0.0,0.0,0.0,0.0,79.0,4404.0,3.0,0.0,1.0,5.0,1.0,5.0
FLINK-36656,MySQL,,,,2024/11/4 09:21,2024/11/20 07:36,01a1e5fba55038529a1eaf7758f85d3972d8e0ea,15d 22:15:10,2024-11-04T10:02:04Z,2024-11-20T07:53:31Z,2024-11-20T07:36:10Z,2024-11-20T07:36:10Z,01a1e5fba55038529a1eaf7758f85d3972d8e0ea,mysql-cdc-connector;reviewed;approved,flink-cdc-connect/flink-cdc-source-connectors/flink-connector-mysql-cdc/src/main/java/org/apache/flink/cdc/connectors/mysql/table/MySqlDeserializationConverterFactory.java;flink-cdc-connect/flink-cdc-source-connectors/flink-connector-mysql-cdc/src/test/java/org/apache/flink/cdc/connectors/mysql/table/MySqlConnectorITCase.java;flink-cdc-connect/flink-cdc-source-connectors/flink-connector-mysql-cdc/src/test/java/org/apache/flink/cdc/connectors/mysql/table/MySqlConnectorShardingTableITCase.java,3,3,450,1,2.0,76.0,13.0,76.0,0.0,0.0,0.0,0.0,1.0,71.0,12.0,71.0,103.0,166.0,0.0,1.0,1.0,5.0,1.0,5.0
FLINK-36681,MySQL,,,,2024/11/9 01:23,2024/11/12 11:35,ba74c7c45ff69ccb0052e9ae17972de4a4257ba0,3d 10:12:09,2024-11-09T01:31:10Z,2024-11-14T05:03:39Z,2024-11-12T11:35:09Z,2024-11-12T11:35:09Z,ba74c7c45ff69ccb0052e9ae17972de4a4257ba0,docs;reviewed;approved,docs/content.zh/docs/connectors/flink-sources/mysql-cdc.md;docs/content/docs/connectors/flink-sources/mysql-cdc.md,2,2,4,1,4.0,204.0,29.0,204.0,3.0,202.0,28.0,202.0,0.0,0.0,0.0,0.0,106.0,0.0,3.0,0.0,1.0,2.0,1.0,2.0
FLINK-36682,,,,,2024/11/9 02:37,2025/3/5 14:31,2c699860aa88c33a971b8c855904bfbe679f3a69,116d 11:54:11,,,,,,,,,,,1,,,,,,,,,,,,,,,,,,,,
FLINK-36699,,,,,2024/11/13 03:01,2024/11/13 07:07,d9ceee050bb1b6cf6bd8e2d285e22602a424d1c1,0d 04:06:41,2024-11-11T08:52:44Z,2024-11-13T07:07:41Z,2024-11-13T07:07:41Z,2024-11-13T07:07:41Z,d9ceee050bb1b6cf6bd8e2d285e22602a424d1c1,common;reviewed;approved,flink-cdc-common/src/main/java/org/apache/flink/cdc/common/types/utils/DataTypeUtils.java;flink-cdc-common/src/test/java/org/apache/flink/cdc/common/types/utils/DataTypeUtilsTest.java,2,2,101,1,1.0,5.0,1.0,5.0,0.0,0.0,0.0,0.0,0.0,0.0,0.0,0.0,86.0,94.0,0.0,0.0,1.0,5.0,1.0,5.0
FLINK-36701,Runtime,,Paimon,,2024/11/13 08:29,2025/1/9 06:46,630e0d70c24b7443970e7e37332bb2d10aa6823e,56d 22:17:09,2024-12-13T11:48:10Z,2025-01-09T06:46:09Z,2025-01-09T06:46:09Z,2025-01-09T06:46:09Z,630e0d70c24b7443970e7e37332bb2d10aa6823e,common;runtime;e2e-tests;paimon-pipeline-connector;reviewed;approved,flink-cdc-common/src/main/java/org/apache/flink/cdc/common/event/FlushEvent.java;flink-cdc-connect/flink-cdc-pipeline-connectors/flink-cdc-pipeline-connector-paimon/src/main/java/org/apache/flink/cdc/connectors/paimon/sink/v2/bucket/BucketAssignOperator.java;flink-cdc-connect/flink-cdc-pipeline-connectors/flink-cdc-pipeline-connector-paimon/src/main/java/org/apache/flink/cdc/connectors/paimon/sink/v2/bucket/BucketWrapperEventSerializer.java;flink-cdc-connect/flink-cdc-pipeline-connectors/flink-cdc-pipeline-connector-paimon/src/main/java/org/apache/flink/cdc/connectors/paimon/sink/v2/bucket/BucketWrapperFlushEvent.java;flink-cdc-e2e-tests/flink-cdc-source-e2e-tests/src/test/java/org/apache/flink/cdc/connectors/tests/OceanBaseE2eITCase.java;flink-cdc-runtime/src/main/java/org/apache/flink/cdc/runtime/operators/schema/distributed/SchemaOperator.java;flink-cdc-runtime/src/main/java/org/apache/flink/cdc/runtime/operators/schema/regular/SchemaOperator.java;flink-cdc-runtime/src/main/java/org/apache/flink/cdc/runtime/operators/sink/DataSinkFunctionOperator.java;flink-cdc-runtime/src/main/java/org/apache/flink/cdc/runtime/operators/sink/DataSinkWriterOperator.java;flink-cdc-runtime/src/main/java/org/apache/flink/cdc/runtime/serializer/event/EventSerializer.java;flink-cdc-runtime/src/test/java/org/apache/flink/cdc/runtime/operators/schema/distributed/SchemaEvolveTest.java;flink-cdc-runtime/src/test/java/org/apache/flink/cdc/runtime/operators/schema/regular/SchemaEvolveTest.java;flink-cdc-runtime/src/test/java/org/apache/flink/cdc/runtime/operators/sink/DataSinkOperatorAdapter.java;flink-cdc-runtime/src/test/java/org/apache/flink/cdc/runtime/operators/sink/DataSinkOperatorWithSchemaEvolveTest.java;flink-cdc-runtime/src/test/java/org/apache/flink/cdc/runtime/partitioning/PrePartitionOperatorTest.java;flink-cdc-runtime/src/test/java/org/apache/flink/cdc/runtime/serializer/event/EventSerializerTest.java;flink-cdc-runtime/src/test/java/org/apache/flink/cdc/runtime/serializer/event/PartitioningEventSerializerTest.java;flink-cdc-runtime/src/test/java/org/apache/flink/cdc/runtime/testutils/operators/RegularEventOperatorTestHarness.java,18,3,974,1,23.0,5189.0,634.0,5189.0,7.0,3252.0,329.0,3252.0,12.0,1623.0,254.0,1623.0,136.0,909.0,7.0,12.0,4.0,314.0,51.0,314.0
FLINK-36741,Runtime,,Values,,2024/11/18 10:29,2025/1/15 03:01,79e868b86483b66e83edc22f060e57c3a68bae9b,57d 16:32:40,2024-11-18T15:12:36Z,2025-01-15T03:01:40Z,2025-01-15T03:01:40Z,2025-01-15T03:01:40Z,79e868b86483b66e83edc22f060e57c3a68bae9b,values-pipeline-connector;composer;runtime;reviewed;approved,flink-cdc-composer/src/test/java/org/apache/flink/cdc/composer/flink/FlinkPipelineTransformITCase.java;flink-cdc-composer/src/test/java/org/apache/flink/cdc/composer/flink/FlinkPipelineUdfITCase.java;flink-cdc-connect/flink-cdc-pipeline-connectors/flink-cdc-pipeline-connector-values/src/main/java/org/apache/flink/cdc/connectors/values/sink/ValuesDataSinkHelper.java;flink-cdc-pipeline-udf-examples/src/main/java/org/apache/flink/cdc/udf/examples/java/precision/BinaryTypeReturningClass.java;flink-cdc-pipeline-udf-examples/src/main/java/org/apache/flink/cdc/udf/examples/java/precision/CharTypeReturningClass.java;flink-cdc-pipeline-udf-examples/src/main/java/org/apache/flink/cdc/udf/examples/java/precision/DecimalTypeNonNullReturningClass.java;flink-cdc-pipeline-udf-examples/src/main/java/org/apache/flink/cdc/udf/examples/java/precision/DecimalTypeReturningClass.java;flink-cdc-pipeline-udf-examples/src/main/java/org/apache/flink/cdc/udf/examples/java/precision/LocalZonedTimestampTypeReturningClass.java;flink-cdc-pipeline-udf-examples/src/main/java/org/apache/flink/cdc/udf/examples/java/precision/TimestampTypeReturningClass.java;flink-cdc-pipeline-udf-examples/src/main/java/org/apache/flink/cdc/udf/examples/java/precision/VarBinaryTypeReturningClass.java;flink-cdc-pipeline-udf-examples/src/main/java/org/apache/flink/cdc/udf/examples/java/precision/VarCharTypeReturningClass.java;flink-cdc-pipeline-udf-examples/src/main/scala/org/apache/flink/cdc/udf/examples/scala/precision/BinaryTypeReturningClass.scala;flink-cdc-pipeline-udf-examples/src/main/scala/org/apache/flink/cdc/udf/examples/scala/precision/CharTypeReturningClass.scala;flink-cdc-pipeline-udf-examples/src/main/scala/org/apache/flink/cdc/udf/examples/scala/precision/DecimalTypeNonNullReturningClass.scala;flink-cdc-pipeline-udf-examples/src/main/scala/org/apache/flink/cdc/udf/examples/scala/precision/DecimalTypeReturningClass.scala;flink-cdc-pipeline-udf-examples/src/main/scala/org/apache/flink/cdc/udf/examples/scala/precision/LocalZonedTimestampTypeReturningClass.scala;flink-cdc-pipeline-udf-examples/src/main/scala/org/apache/flink/cdc/udf/examples/scala/precision/TimestampTypeReturningClass.scala;flink-cdc-pipeline-udf-examples/src/main/scala/org/apache/flink/cdc/udf/examples/scala/precision/VarBinaryTypeReturningClass.scala;flink-cdc-pipeline-udf-examples/src/main/scala/org/apache/flink/cdc/udf/examples/scala/precision/VarCharTypeReturningClass.scala;flink-cdc-runtime/src/main/java/org/apache/flink/cdc/runtime/functions/SystemFunctionUtils.java;flink-cdc-runtime/src/main/java/org/apache/flink/cdc/runtime/parser/JaninoCompiler.java;flink-cdc-runtime/src/main/java/org/apache/flink/cdc/runtime/parser/TransformParser.java;flink-cdc-runtime/src/main/java/org/apache/flink/cdc/runtime/parser/metadata/TransformTable.java;flink-cdc-runtime/src/main/java/org/apache/flink/cdc/runtime/typeutils/DataTypeConverter.java;flink-cdc-runtime/src/test/java/org/apache/flink/cdc/runtime/parser/TransformParserTest.java,25,3,1021,1,16.0,1550.0,215.0,1550.0,7.0,1109.0,145.0,1109.0,6.0,285.0,47.0,285.0,131.0,2084.0,7.0,6.0,3.0,156.0,23.0,156.0
FLINK-36742,Oracle,,,,2024/11/18 12:49,2025/4/24 08:57,c2230d53a5732367d3776dda8b6b7c8a34f090a3,156d 20:08:30,2024-11-18T12:51:08Z,2025-04-24T08:57:31Z,2025-04-24T08:57:30Z,2025-04-24T08:57:30Z,c2230d53a5732367d3776dda8b6b7c8a34f090a3,base;oracle-cdc-connector;reviewed;Stale;approved,flink-cdc-connect/flink-cdc-source-connectors/flink-cdc-base/src/main/java/org/apache/flink/cdc/connectors/base/source/reader/IncrementalSourceReader.java;flink-cdc-connect/flink-cdc-source-connectors/flink-connector-oracle-cdc/pom.xml;flink-cdc-connect/flink-cdc-source-connectors/flink-connector-oracle-cdc/src/test/java/org/apache/flink/cdc/connectors/oracle/source/reader/OracleSourceReaderTest.java,3,3,387,1,8.0,533.0,84.0,533.0,7.0,500.0,78.0,500.0,0.0,0.0,0.0,0.0,104.0,79.0,7.0,0.0,1.0,33.0,6.0,33.0
FLINK-36763,MySQL;Runtime,,Doris;Elasticsearch;Paimon;StarRocks;Values,,2024/11/21 06:33,2024/12/24 06:11,84244672399e21585217589e205d881e05562cf8,32d 23:38:44,2024-12-13T10:13:52Z,2024-12-24T06:11:44Z,2024-12-24T06:11:44Z,2024-12-24T06:11:44Z,84244672399e21585217589e205d881e05562cf8,values-pipeline-connector;composer;common;runtime;build;e2e-tests;mysql-pipeline-connector;doris-pipeline-connector;starrocks-pipeline-connector;migration-tests;paimon-pipeline-connector;reviewed;approved;elasticsearch-pipeline-connector,.github/workflows/flink_cdc_base.yml;.github/workflows/flink_cdc_ci.yml;.github/workflows/flink_cdc_ci_nightly.yml;flink-cdc-common/src/main/java/org/apache/flink/cdc/common/event/AddColumnEvent.java;flink-cdc-common/src/main/java/org/apache/flink/cdc/common/event/AlterColumnTypeEvent.java;flink-cdc-common/src/main/java/org/apache/flink/cdc/common/event/CreateTableEvent.java;flink-cdc-common/src/main/java/org/apache/flink/cdc/common/event/DataChangeEvent.java;flink-cdc-common/src/main/java/org/apache/flink/cdc/common/event/DropColumnEvent.java;flink-cdc-common/src/main/java/org/apache/flink/cdc/common/event/DropTableEvent.java;flink-cdc-common/src/main/java/org/apache/flink/cdc/common/event/FlushEvent.java;flink-cdc-common/src/main/java/org/apache/flink/cdc/common/event/RenameColumnEvent.java;flink-cdc-common/src/main/java/org/apache/flink/cdc/common/event/SchemaChangeEvent.java;flink-cdc-common/src/main/java/org/apache/flink/cdc/common/event/TableId.java;flink-cdc-common/src/main/java/org/apache/flink/cdc/common/event/TruncateTableEvent.java;flink-cdc-common/src/main/java/org/apache/flink/cdc/common/route/RouteRule.java;flink-cdc-common/src/main/java/org/apache/flink/cdc/common/schema/Schema.java;flink-cdc-common/src/main/java/org/apache/flink/cdc/common/source/DataSource.java;flink-cdc-common/src/main/java/org/apache/flink/cdc/common/utils/SchemaMergingUtils.java;flink-cdc-common/src/main/java/org/apache/flink/cdc/common/utils/SchemaUtils.java;flink-cdc-common/src/test/java/org/apache/flink/cdc/common/utils/SchemaMergingUtilsTest.java;flink-cdc-composer/src/main/java/org/apache/flink/cdc/composer/flink/FlinkPipelineComposer.java;flink-cdc-composer/src/main/java/org/apache/flink/cdc/composer/flink/translator/DataSourceTranslator.java;flink-cdc-composer/src/main/java/org/apache/flink/cdc/composer/flink/translator/PartitioningTranslator.java;flink-cdc-composer/src/main/java/org/apache/flink/cdc/composer/flink/translator/SchemaOperatorTranslator.java;flink-cdc-composer/src/main/java/org/apache/flink/cdc/composer/flink/translator/TransformTranslator.java;flink-cdc-composer/src/test/java/org/apache/flink/cdc/composer/flink/FlinkParallelizedPipelineITCase.java;flink-cdc-composer/src/test/java/org/apache/flink/cdc/composer/flink/FlinkPipelineComposerITCase.java;flink-cdc-composer/src/test/java/org/apache/flink/cdc/composer/flink/FlinkPipelineComposerLenientITCase.java;flink-cdc-composer/src/test/java/org/apache/flink/cdc/composer/testsource/factory/DistributedDataSourceFactory.java;flink-cdc-composer/src/test/java/org/apache/flink/cdc/composer/testsource/source/DistributedDataSource.java;flink-cdc-composer/src/test/java/org/apache/flink/cdc/composer/testsource/source/DistributedSourceFunction.java;flink-cdc-composer/src/test/java/org/apache/flink/cdc/composer/testsource/source/DistributedSourceOptions.java;flink-cdc-composer/src/test/resources/META-INF/services/org.apache.flink.cdc.common.factories.Factory;flink-cdc-composer/src/test/resources/ref-output/distributed-ignore.txt;flink-cdc-composer/src/test/resources/ref-output/distributed.txt;flink-cdc-composer/src/test/resources/ref-output/regular.txt;flink-cdc-connect/flink-cdc-pipeline-connectors/flink-cdc-pipeline-connector-doris/src/test/java/org/apache/flink/cdc/connectors/doris/sink/DorisMetadataApplierITCase.java;flink-cdc-connect/flink-cdc-pipeline-connectors/flink-cdc-pipeline-connector-elasticsearch/pom.xml;flink-cdc-connect/flink-cdc-pipeline-connectors/flink-cdc-pipeline-connector-mysql/pom.xml;flink-cdc-connect/flink-cdc-pipeline-connectors/flink-cdc-pipeline-connector-mysql/src/main/java/org/apache/flink/cdc/connectors/mysql/source/MySqlDataSource.java;flink-cdc-connect/flink-cdc-pipeline-connectors/flink-cdc-pipeline-connector-mysql/src/test/java/org/apache/flink/cdc/connectors/mysql/source/MySqlParallelizedPipelineITCase.java;flink-cdc-connect/flink-cdc-pipeline-connectors/flink-cdc-pipeline-connector-mysql/src/test/java/org/apache/flink/cdc/connectors/mysql/testutils/MySqSourceTestUtils.java;flink-cdc-connect/flink-cdc-pipeline-connectors/flink-cdc-pipeline-connector-paimon/src/main/java/org/apache/flink/cdc/connectors/paimon/sink/v2/bucket/BucketAssignOperator.java;flink-cdc-connect/flink-cdc-pipeline-connectors/flink-cdc-pipeline-connector-paimon/src/main/java/org/apache/flink/cdc/connectors/paimon/sink/v2/bucket/BucketWrapperEventSerializer.java;flink-cdc-connect/flink-cdc-pipeline-connectors/flink-cdc-pipeline-connector-paimon/src/main/java/org/apache/flink/cdc/connectors/paimon/sink/v2/bucket/BucketWrapperFlushEvent.java;flink-cdc-connect/flink-cdc-pipeline-connectors/flink-cdc-pipeline-connector-starrocks/src/test/java/org/apache/flink/cdc/connectors/starrocks/sink/StarRocksMetadataApplierITCase.java;flink-cdc-connect/flink-cdc-pipeline-connectors/flink-cdc-pipeline-connector-values/src/main/java/org/apache/flink/cdc/connectors/values/sink/ValuesDataSinkHelper.java;flink-cdc-e2e-tests/flink-cdc-pipeline-e2e-tests/src/test/java/org/apache/flink/cdc/pipeline/tests/MysqlE2eITCase.java;flink-cdc-e2e-tests/flink-cdc-pipeline-e2e-tests/src/test/java/org/apache/flink/cdc/pipeline/tests/RouteE2eITCase.java;flink-cdc-e2e-tests/flink-cdc-pipeline-e2e-tests/src/test/java/org/apache/flink/cdc/pipeline/tests/SchemaEvolveE2eITCase.java;flink-cdc-e2e-tests/flink-cdc-pipeline-e2e-tests/src/test/java/org/apache/flink/cdc/pipeline/tests/SchemaEvolvingTransformE2eITCase.java;flink-cdc-e2e-tests/flink-cdc-pipeline-e2e-tests/src/test/java/org/apache/flink/cdc/pipeline/tests/TransformE2eITCase.java;flink-cdc-e2e-tests/flink-cdc-pipeline-e2e-tests/src/test/java/org/apache/flink/cdc/pipeline/tests/utils/PipelineTestEnvironment.java;flink-cdc-migration-tests/flink-cdc-migration-testcases/pom.xml;flink-cdc-migration-tests/flink-cdc-migration-testcases/src/test/java/org/apache/flink/cdc/migration/tests/MigrationTestBase.java;flink-cdc-migration-tests/flink-cdc-migration-testcases/src/test/java/org/apache/flink/cdc/migration/tests/SchemaManagerMigrationTest.java;flink-cdc-migration-tests/flink-cdc-migration-testcases/src/test/java/org/apache/flink/cdc/migration/tests/SchemaRegistryMigrationTest.java;flink-cdc-migration-tests/flink-cdc-migration-testcases/src/test/java/org/apache/flink/cdc/migration/tests/TableChangeInfoMigrationTest.java;flink-cdc-migration-tests/flink-cdc-release-3.0.0/pom.xml;flink-cdc-migration-tests/flink-cdc-release-3.0.0/src/main/java/com/ververica/cdc/migration/tests/MigrationMockBase.java;flink-cdc-migration-tests/flink-cdc-release-3.0.0/src/main/java/com/ververica/cdc/migration/tests/SchemaManagerMigrationMock.java;flink-cdc-migration-tests/flink-cdc-release-3.0.0/src/main/java/com/ververica/cdc/migration/tests/SchemaRegistryMigrationMock.java;flink-cdc-migration-tests/flink-cdc-release-3.0.1/pom.xml;flink-cdc-migration-tests/flink-cdc-release-3.0.1/src/main/java/com/ververica/cdc/migration/tests/MigrationMockBase.java;flink-cdc-migration-tests/flink-cdc-release-3.0.1/src/main/java/com/ververica/cdc/migration/tests/SchemaManagerMigrationMock.java;flink-cdc-migration-tests/flink-cdc-release-3.0.1/src/main/java/com/ververica/cdc/migration/tests/SchemaRegistryMigrationMock.java;flink-cdc-migration-tests/flink-cdc-release-3.1.0/src/main/java/org/apache/flink/cdc/migration/tests/SchemaRegistryMigrationMock.java;flink-cdc-migration-tests/flink-cdc-release-3.1.1/src/main/java/org/apache/flink/cdc/migration/tests/SchemaRegistryMigrationMock.java;flink-cdc-migration-tests/flink-cdc-release-3.2.0/pom.xml;flink-cdc-migration-tests/flink-cdc-release-3.2.0/src/main/java/org/apache/flink/cdc/migration/tests/MigrationMockBase.java;flink-cdc-migration-tests/flink-cdc-release-3.2.0/src/main/java/org/apache/flink/cdc/migration/tests/SchemaManagerMigrationMock.java;flink-cdc-migration-tests/flink-cdc-release-3.2.0/src/main/java/org/apache/flink/cdc/migration/tests/SchemaRegistryMigrationMock.java;flink-cdc-migration-tests/flink-cdc-release-3.2.0/src/main/java/org/apache/flink/cdc/migration/tests/TableChangeInfoMigrationMock.java;flink-cdc-migration-tests/flink-cdc-release-3.2.1/pom.xml;flink-cdc-migration-tests/flink-cdc-release-3.2.1/src/main/java/org/apache/flink/cdc/migration/tests/MigrationMockBase.java;flink-cdc-migration-tests/flink-cdc-release-3.2.1/src/main/java/org/apache/flink/cdc/migration/tests/SchemaManagerMigrationMock.java;flink-cdc-migration-tests/flink-cdc-release-3.2.1/src/main/java/org/apache/flink/cdc/migration/tests/SchemaRegistryMigrationMock.java;flink-cdc-migration-tests/flink-cdc-release-3.2.1/src/main/java/org/apache/flink/cdc/migration/tests/TableChangeInfoMigrationMock.java;flink-cdc-migration-tests/flink-cdc-release-snapshot/src/main/java/org/apache/flink/cdc/migration/tests/SchemaManagerMigrationMock.java;flink-cdc-migration-tests/flink-cdc-release-snapshot/src/main/java/org/apache/flink/cdc/migration/tests/SchemaRegistryMigrationMock.java;flink-cdc-migration-tests/pom.xml;flink-cdc-runtime/src/main/java/org/apache/flink/cdc/runtime/operators/schema/SchemaOperator.java;flink-cdc-runtime/src/main/java/org/apache/flink/cdc/runtime/operators/schema/common/CoordinationResponseUtils.java;flink-cdc-runtime/src/main/java/org/apache/flink/cdc/runtime/operators/schema/common/CoordinatorExecutorThreadFactory.java;flink-cdc-runtime/src/main/java/org/apache/flink/cdc/runtime/operators/schema/common/SchemaDerivator.java;flink-cdc-runtime/src/main/java/org/apache/flink/cdc/runtime/operators/schema/common/SchemaManager.java;flink-cdc-runtime/src/main/java/org/apache/flink/cdc/runtime/operators/schema/common/SchemaRegistry.java;flink-cdc-runtime/src/main/java/org/apache/flink/cdc/runtime/operators/schema/common/TableIdRouter.java;flink-cdc-runtime/src/main/java/org/apache/flink/cdc/runtime/operators/schema/common/event/FlushSuccessEvent.java;flink-cdc-runtime/src/main/java/org/apache/flink/cdc/runtime/operators/schema/common/event/GetEvolvedSchemaRequest.java;flink-cdc-runtime/src/main/java/org/apache/flink/cdc/runtime/operators/schema/common/event/GetEvolvedSchemaResponse.java;flink-cdc-runtime/src/main/java/org/apache/flink/cdc/runtime/operators/schema/common/event/GetOriginalSchemaRequest.java;flink-cdc-runtime/src/main/java/org/apache/flink/cdc/runtime/operators/schema/common/event/GetOriginalSchemaResponse.java;flink-cdc-runtime/src/main/java/org/apache/flink/cdc/runtime/operators/schema/common/event/SinkWriterRegisterEvent.java;flink-cdc-runtime/src/main/java/org/apache/flink/cdc/runtime/operators/schema/common/metrics/SchemaOperatorMetrics.java;flink-cdc-runtime/src/main/java/org/apache/flink/cdc/runtime/operators/schema/coordinator/SchemaDerivation.java;flink-cdc-runtime/src/main/java/org/apache/flink/cdc/runtime/operators/schema/coordinator/SchemaRegistry.java;flink-cdc-runtime/src/main/java/org/apache/flink/cdc/runtime/operators/schema/coordinator/SchemaRegistryRequestHandler.java;flink-cdc-runtime/src/main/java/org/apache/flink/cdc/runtime/operators/schema/distributed/SchemaCoordinator.java;flink-cdc-runtime/src/main/java/org/apache/flink/cdc/runtime/operators/schema/distributed/SchemaCoordinatorProvider.java;flink-cdc-runtime/src/main/java/org/apache/flink/cdc/runtime/operators/schema/distributed/SchemaOperator.java;flink-cdc-runtime/src/main/java/org/apache/flink/cdc/runtime/operators/schema/distributed/SchemaOperatorFactory.java;flink-cdc-runtime/src/main/java/org/apache/flink/cdc/runtime/operators/schema/distributed/event/SchemaChangeRequest.java;flink-cdc-runtime/src/main/java/org/apache/flink/cdc/runtime/operators/schema/distributed/event/SchemaChangeResponse.java;flink-cdc-runtime/src/main/java/org/apache/flink/cdc/runtime/operators/schema/event/SchemaChangeProcessingResponse.java;flink-cdc-runtime/src/main/java/org/apache/flink/cdc/runtime/operators/schema/event/SchemaChangeResultRequest.java;flink-cdc-runtime/src/main/java/org/apache/flink/cdc/runtime/operators/schema/event/SchemaChangeResultResponse.java;flink-cdc-runtime/src/main/java/org/apache/flink/cdc/runtime/operators/schema/regular/SchemaCoordinator.java;flink-cdc-runtime/src/main/java/org/apache/flink/cdc/runtime/operators/schema/regular/SchemaCoordinatorProvider.java;flink-cdc-runtime/src/main/java/org/apache/flink/cdc/runtime/operators/schema/regular/SchemaOperator.java;flink-cdc-runtime/src/main/java/org/apache/flink/cdc/runtime/operators/schema/regular/SchemaOperatorFactory.java;flink-cdc-runtime/src/main/java/org/apache/flink/cdc/runtime/operators/schema/regular/event/SchemaChangeRequest.java;flink-cdc-runtime/src/main/java/org/apache/flink/cdc/runtime/operators/schema/regular/event/SchemaChangeResponse.java;flink-cdc-runtime/src/main/java/org/apache/flink/cdc/runtime/operators/sink/DataSinkFunctionOperator.java;flink-cdc-runtime/src/main/java/org/apache/flink/cdc/runtime/operators/sink/DataSinkWriterOperator.java;flink-cdc-runtime/src/main/java/org/apache/flink/cdc/runtime/operators/sink/SchemaEvolutionClient.java;flink-cdc-runtime/src/main/java/org/apache/flink/cdc/runtime/operators/transform/PostTransformOperator.java;flink-cdc-runtime/src/main/java/org/apache/flink/cdc/runtime/operators/transform/PreTransformOperator.java;flink-cdc-runtime/src/main/java/org/apache/flink/cdc/runtime/partitioning/DistributedPrePartitionOperator.java;flink-cdc-runtime/src/main/java/org/apache/flink/cdc/runtime/partitioning/PartitioningEvent.java;flink-cdc-runtime/src/main/java/org/apache/flink/cdc/runtime/partitioning/RegularPrePartitionOperator.java;flink-cdc-runtime/src/main/java/org/apache/flink/cdc/runtime/serializer/event/EventSerializer.java;flink-cdc-runtime/src/main/java/org/apache/flink/cdc/runtime/serializer/event/PartitioningEventSerializer.java;flink-cdc-runtime/src/main/java/org/apache/flink/cdc/runtime/serializer/event/SchemaChangeEventSerializer.java;flink-cdc-runtime/src/test/java/org/apache/flink/cdc/runtime/operators/schema/common/SchemaDerivatorTest.java;flink-cdc-runtime/src/test/java/org/apache/flink/cdc/runtime/operators/schema/common/SchemaManagerTest.java;flink-cdc-runtime/src/test/java/org/apache/flink/cdc/runtime/operators/schema/common/SchemaTestBase.java;flink-cdc-runtime/src/test/java/org/apache/flink/cdc/runtime/operators/schema/common/TableIdRouterTest.java;flink-cdc-runtime/src/test/java/org/apache/flink/cdc/runtime/operators/schema/coordinator/SchemaDerivationTest.java;flink-cdc-runtime/src/test/java/org/apache/flink/cdc/runtime/operators/schema/distributed/SchemaEvolveTest.java;flink-cdc-runtime/src/test/java/org/apache/flink/cdc/runtime/operators/schema/regular/SchemaEvolveTest.java;flink-cdc-runtime/src/test/java/org/apache/flink/cdc/runtime/operators/schema/regular/SchemaOperatorTest.java;flink-cdc-runtime/src/test/java/org/apache/flink/cdc/runtime/operators/transform/PostTransformOperatorTest.java;flink-cdc-runtime/src/test/java/org/apache/flink/cdc/runtime/operators/transform/PreTransformOperatorTest.java;flink-cdc-runtime/src/test/java/org/apache/flink/cdc/runtime/operators/transform/TransformOperatorWithSchemaEvolveTest.java;flink-cdc-runtime/src/test/java/org/apache/flink/cdc/runtime/operators/transform/UnifiedTransformOperatorTest.java;flink-cdc-runtime/src/test/java/org/apache/flink/cdc/runtime/partitioning/PrePartitionOperatorTest.java;flink-cdc-runtime/src/test/java/org/apache/flink/cdc/runtime/serializer/event/EventSerializerTest.java;flink-cdc-runtime/src/test/java/org/apache/flink/cdc/runtime/serializer/event/PartitioningEventSerializerTest.java;flink-cdc-runtime/src/test/java/org/apache/flink/cdc/runtime/testutils/operators/DistributedEventOperatorTestHarness.java;flink-cdc-runtime/src/test/java/org/apache/flink/cdc/runtime/testutils/operators/RegularEventOperatorTestHarness.java;flink-cdc-runtime/src/test/java/org/apache/flink/cdc/runtime/testutils/schema/TestingSchemaRegistryGateway.java;tools/mig-test/datastream/compile_jobs.rb;tools/mig-test/datastream/datastream-2.4.2/pom.xml;tools/mig-test/datastream/datastream-2.4.2/src/main/java/DataStreamJob.java;tools/mig-test/datastream/datastream-3.0.0/pom.xml;tools/mig-test/datastream/datastream-3.0.0/src/main/java/DataStreamJob.java;tools/mig-test/datastream/datastream-3.0.1/.gitignore;tools/mig-test/datastream/datastream-3.0.1/pom.xml;tools/mig-test/datastream/datastream-3.0.1/src/main/java/DataStreamJob.java;tools/mig-test/datastream/datastream-3.1.0/.gitignore;tools/mig-test/datastream/datastream-3.1.1/.gitignore;tools/mig-test/datastream/datastream-3.2.0/.gitignore;tools/mig-test/datastream/datastream-3.2.0/pom.xml;tools/mig-test/datastream/datastream-3.2.0/src/main/java/DataStreamJob.java;tools/mig-test/datastream/datastream-3.2.1/.gitignore;tools/mig-test/datastream/datastream-3.2.1/pom.xml;tools/mig-test/datastream/datastream-3.2.1/src/main/java/DataStreamJob.java;tools/mig-test/datastream/run_migration_test.rb;tools/mig-test/prepare_libs.rb;tools/mig-test/run_migration_test.rb,161,4,16484,1,25.0,6090.0,814.0,6094.0,5.0,3902.0,511.0,3902.0,17.0,2127.0,292.0,2131.0,113.0,2382.0,5.0,20.0,3.0,61.0,11.0,61.0
FLINK-36771,MongoDB;MySQL;Oracle,,,,2024/11/22 04:20,2024/12/13 07:12,0037c4379e989f346c7b0ddeb2e6d28a95903fa7,21d 02:52:10,2024-11-22T05:51:37Z,2024-12-13T07:12:11Z,2024-12-13T07:12:10Z,2024-12-13T07:12:10Z,0037c4379e989f346c7b0ddeb2e6d28a95903fa7,mysql-cdc-connector;base;oracle-cdc-connector;reviewed;approved,flink-cdc-connect/flink-cdc-source-connectors/flink-cdc-base/src/main/java/org/apache/flink/cdc/connectors/base/source/enumerator/IncrementalSourceEnumerator.java;flink-cdc-connect/flink-cdc-source-connectors/flink-connector-mysql-cdc/src/main/java/org/apache/flink/cdc/connectors/mysql/source/enumerator/MySqlSourceEnumerator.java;flink-cdc-connect/flink-cdc-source-connectors/flink-connector-oracle-cdc/src/test/java/org/apache/flink/cdc/connectors/oracle/source/NewlyAddedTableITCase.java,3,1,10,1,2.0,35.0,4.0,35.0,2.0,35.0,4.0,35.0,0.0,0.0,0.0,0.0,112.0,64.0,2.0,0.0,0.0,0.0,0.0,0.0
FLINK-36772,MySQL,,,,2024/11/22 04:35,2024/11/22 08:02,1d4e36696966a5d25680cc8cbbbbe169d4ba72a7,0d 03:27:24,2024-11-22T05:42:39Z,2024-11-22T08:02:25Z,2024-11-22T08:02:24Z,2024-11-22T08:02:24Z,1d4e36696966a5d25680cc8cbbbbe169d4ba72a7,mysql-cdc-connector;base;reviewed;approved,flink-cdc-connect/flink-cdc-source-connectors/flink-cdc-base/src/main/java/org/apache/flink/cdc/connectors/base/source/assigner/SnapshotSplitAssigner.java;flink-cdc-connect/flink-cdc-source-connectors/flink-connector-mysql-cdc/src/main/java/org/apache/flink/cdc/connectors/mysql/source/assigners/MySqlSnapshotSplitAssigner.java,2,2,8,1,3.0,223.0,28.0,223.0,2.0,155.0,19.0,155.0,0.0,0.0,0.0,0.0,94.0,64.0,2.0,0.0,1.0,68.0,9.0,68.0
FLINK-36790,,,Paimon,,2024/11/26 01:32,2025/1/6 14:31,dca94bdd71bf9872d403e70b5325932e94b4d555,41d 12:59:13,2024-11-26T01:37:12Z,2025-01-06T14:31:14Z,2025-01-06T14:31:13Z,2025-01-06T14:31:13Z,dca94bdd71bf9872d403e70b5325932e94b4d555,paimon-pipeline-connector;reviewed;approved,flink-cdc-connect/flink-cdc-pipeline-connectors/flink-cdc-pipeline-connector-paimon/src/main/java/org/apache/flink/cdc/connectors/paimon/sink/v2/PaimonWriter.java;flink-cdc-connect/flink-cdc-pipeline-connectors/flink-cdc-pipeline-connector-paimon/src/test/java/org/apache/flink/cdc/connectors/paimon/sink/v2/PaimonSinkITCase.java,2,3,58,1,9.0,1256.0,184.0,1260.0,8.0,1241.0,181.0,1245.0,0.0,0.0,0.0,0.0,70.0,87.0,8.0,0.0,1.0,15.0,3.0,15.0
FLINK-36793,Oracle;SQL Server,,,,2024/11/26 07:08,2025/4/22 12:35,2729ad02d7a44f5b1d3af414a17324d358d5d3f1,147d 05:27:36,2025-01-08T02:35:36Z,2025-04-22T12:35:37Z,2025-04-22T12:35:36Z,2025-04-22T12:35:36Z,2729ad02d7a44f5b1d3af414a17324d358d5d3f1,base;oracle-cdc-connector;sqlserver-cdc-connector;reviewed;approved,flink-cdc-connect/flink-cdc-source-connectors/flink-cdc-base/src/main/java/org/apache/flink/cdc/connectors/base/source/assigner/splitter/JdbcSourceChunkSplitter.java;flink-cdc-connect/flink-cdc-source-connectors/flink-connector-oracle-cdc/src/main/java/org/apache/flink/cdc/connectors/oracle/source/assigner/splitter/OracleChunkSplitter.java;flink-cdc-connect/flink-cdc-source-connectors/flink-connector-oracle-cdc/src/test/java/org/apache/flink/cdc/connectors/oracle/source/assigner/splitter/OracleChunkSplitterTest.java;flink-cdc-connect/flink-cdc-source-connectors/flink-connector-sqlserver-cdc/src/main/java/org/apache/flink/cdc/connectors/sqlserver/source/dialect/SqlServerChunkSplitter.java,4,2,172,1,4.0,425.0,70.0,425.0,2.0,301.0,51.0,301.0,2.0,124.0,19.0,124.0,158.0,574.0,2.0,2.0,0.0,0.0,0.0,0.0
FLINK-36854,Runtime,,,,2024/12/5 10:47,2024/12/17 06:46,39b560e3771d953824cee006625903458f7d9be9,11d 19:59:26,2024-12-05T11:47:27Z,2024-12-17T06:46:27Z,2024-12-17T06:46:26Z,2024-12-17T06:46:26Z,39b560e3771d953824cee006625903458f7d9be9,composer;runtime;e2e-tests;reviewed;approved,flink-cdc-composer/src/test/java/org/apache/flink/cdc/composer/flink/FlinkPipelineComposerITCase.java;flink-cdc-composer/src/test/java/org/apache/flink/cdc/composer/flink/FlinkPipelineComposerLenientITCase.java;flink-cdc-composer/src/test/java/org/apache/flink/cdc/composer/flink/FlinkPipelineTransformITCase.java;flink-cdc-e2e-tests/flink-cdc-pipeline-e2e-tests/src/test/java/org/apache/flink/cdc/pipeline/tests/TransformE2eITCase.java;flink-cdc-runtime/src/main/java/org/apache/flink/cdc/runtime/operators/transform/PostTransformOperator.java;flink-cdc-runtime/src/main/java/org/apache/flink/cdc/runtime/operators/transform/ProjectionColumn.java;flink-cdc-runtime/src/main/java/org/apache/flink/cdc/runtime/parser/TransformParser.java;flink-cdc-runtime/src/test/java/org/apache/flink/cdc/runtime/operators/transform/PostTransformOperatorTest.java;flink-cdc-runtime/src/test/java/org/apache/flink/cdc/runtime/operators/transform/UnifiedTransformOperatorTest.java;flink-cdc-runtime/src/test/java/org/apache/flink/cdc/runtime/parser/TransformParserTest.java,10,3,479,1,4.0,320.0,56.0,320.0,3.0,270.0,49.0,270.0,0.0,0.0,0.0,0.0,82.0,1252.0,3.0,0.0,1.0,50.0,7.0,50.0
FLINK-36858,MySQL,,Kafka,,2024/12/6 07:27,2025/1/13 11:22,a130718c96abbb4273b87411417a26d2487a86ac,38d 03:55:18,2024-12-09T08:42:08Z,2025-01-13T11:22:18Z,2025-01-13T11:22:18Z,2025-01-13T11:22:18Z,a130718c96abbb4273b87411417a26d2487a86ac,e2e-tests;kafka-pipeline-connector;reviewed;approved,flink-cdc-connect/flink-cdc-pipeline-connectors/flink-cdc-pipeline-connector-kafka/pom.xml;flink-cdc-connect/flink-cdc-pipeline-connectors/flink-cdc-pipeline-connector-kafka/src/main/java/org/apache/flink/cdc/connectors/kafka/json/ChangeLogJsonFormatFactory.java;flink-cdc-connect/flink-cdc-pipeline-connectors/flink-cdc-pipeline-connector-kafka/src/main/java/org/apache/flink/cdc/connectors/kafka/json/canal/CanalJsonSerializationSchema.java;flink-cdc-connect/flink-cdc-pipeline-connectors/flink-cdc-pipeline-connector-kafka/src/main/java/org/apache/flink/cdc/connectors/kafka/json/debezium/DebeziumJsonSerializationSchema.java;flink-cdc-connect/flink-cdc-pipeline-connectors/flink-cdc-pipeline-connector-kafka/src/main/java/org/apache/flink/cdc/connectors/kafka/serialization/JsonSerializationSchema.java;flink-cdc-connect/flink-cdc-pipeline-connectors/flink-cdc-pipeline-connector-kafka/src/main/java/org/apache/flink/cdc/connectors/kafka/sink/KeySerializationFactory.java;flink-cdc-connect/flink-cdc-pipeline-connectors/flink-cdc-pipeline-connector-kafka/src/main/java/org/apache/flink/cdc/connectors/kafka/utils/JsonRowDataSerializationSchemaUtils.java;flink-cdc-e2e-tests/flink-cdc-pipeline-e2e-tests/pom.xml;flink-cdc-e2e-tests/flink-cdc-pipeline-e2e-tests/src/test/java/org/apache/flink/cdc/pipeline/tests/MysqlToKafkaE2eITCase.java;flink-cdc-e2e-tests/flink-cdc-pipeline-e2e-tests/src/test/resources/expectedEvents/mysqlToKafka/canal-json.txt;flink-cdc-e2e-tests/flink-cdc-pipeline-e2e-tests/src/test/resources/expectedEvents/mysqlToKafka/debezium-json.txt,11,3,651,1,12.0,944.0,160.0,944.0,4.0,280.0,45.0,280.0,6.0,604.0,106.0,604.0,105.0,1609.0,4.0,6.0,2.0,60.0,9.0,60.0
FLINK-36864,Runtime,,,,2024/12/9 03:52,2024/12/19 04:02,2ad80066bcd7b72a92428793474e9d9efced047e,10d 00:10:08,2024-12-09T09:52:32Z,2024-12-19T04:02:08Z,2024-12-19T04:02:08Z,2024-12-19T04:02:08Z,2ad80066bcd7b72a92428793474e9d9efced047e,composer;runtime;reviewed;approved,flink-cdc-composer/src/test/java/org/apache/flink/cdc/composer/flink/FlinkPipelineTransformITCase.java;flink-cdc-runtime/src/main/java/org/apache/flink/cdc/runtime/parser/JaninoCompiler.java;flink-cdc-runtime/src/test/java/org/apache/flink/cdc/runtime/parser/JaninoCompilerTest.java;flink-cdc-runtime/src/test/java/org/apache/flink/cdc/runtime/parser/TransformParserTest.java,4,3,217,1,2.0,60.0,11.0,60.0,1.0,46.0,8.0,46.0,0.0,0.0,0.0,0.0,77.0,434.0,1.0,0.0,1.0,14.0,3.0,14.0
FLINK-36866,Runtime,,,,2024/12/9 08:18,2024/12/17 16:00,b0a7d920b904f2d5d5aab83d9751b893ac36fda4,8d 07:42:21,2024-12-09T12:49:36Z,2024-12-17T16:00:22Z,2024-12-17T16:00:21Z,2024-12-17T16:00:21Z,b0a7d920b904f2d5d5aab83d9751b893ac36fda4,composer;runtime;reviewed;approved,flink-cdc-composer/src/test/java/org/apache/flink/cdc/composer/flink/FlinkPipelineTransformITCase.java;flink-cdc-runtime/src/main/java/org/apache/flink/cdc/runtime/functions/SystemFunctionUtils.java;flink-cdc-runtime/src/test/java/org/apache/flink/cdc/runtime/operators/transform/PostTransformOperatorTest.java,3,3,448,1,11.0,803.0,128.0,803.0,1.0,69.0,12.0,69.0,9.0,707.0,112.0,707.0,60.0,109.0,1.0,9.0,1.0,27.0,4.0,27.0
FLINK-36877,,,Kafka,,2024/12/10 09:00,2025/1/9 04:04,28985db062dbeccf5b71f4165bbd580ac3fd0749,29d 19:04:57,2024-12-10T12:25:12Z,2025-01-09T04:04:57Z,2025-01-09T04:04:57Z,2025-01-09T04:04:57Z,28985db062dbeccf5b71f4165bbd580ac3fd0749,kafka-pipeline-connector;reviewed;approved,flink-cdc-connect/flink-cdc-pipeline-connectors/flink-cdc-pipeline-connector-kafka/src/main/java/org/apache/flink/cdc/connectors/kafka/json/canal/CanalJsonSerializationSchema.java;flink-cdc-connect/flink-cdc-pipeline-connectors/flink-cdc-pipeline-connector-kafka/src/test/java/org/apache/flink/cdc/connectors/kafka/json/canal/CanalJsonSerializationSchemaTest.java;flink-cdc-connect/flink-cdc-pipeline-connectors/flink-cdc-pipeline-connector-kafka/src/test/java/org/apache/flink/cdc/connectors/kafka/sink/KafkaDataSinkITCase.java,3,2,10,1,3.0,132.0,26.0,132.0,2.0,128.0,25.0,128.0,0.0,0.0,0.0,0.0,118.0,558.0,2.0,0.0,1.0,4.0,1.0,4.0
FLINK-36891,MySQL,,,,2024/12/11 19:39,2024/12/14 03:42,b50d1728e083c2364ae104c9050a4599d1301ab9,2d 08:03:41,2024-12-11T20:01:46Z,2024-12-14T03:43:12Z,2024-12-14T03:42:41Z,2024-12-14T03:42:41Z,b50d1728e083c2364ae104c9050a4599d1301ab9,mysql-cdc-connector;base;reviewed;approved,flink-cdc-connect/flink-cdc-source-connectors/flink-cdc-base/src/main/java/org/apache/flink/cdc/connectors/base/source/assigner/state/PendingSplitsStateSerializer.java;flink-cdc-connect/flink-cdc-source-connectors/flink-cdc-base/src/test/java/org/apache/flink/cdc/connectors/base/source/assigner/state/PendingSplitsStateSerializerTest.java;flink-cdc-connect/flink-cdc-source-connectors/flink-connector-mysql-cdc/src/main/java/org/apache/flink/cdc/connectors/mysql/source/assigners/state/PendingSplitsStateSerializer.java;flink-cdc-connect/flink-cdc-source-connectors/flink-connector-mysql-cdc/src/test/java/org/apache/flink/cdc/connectors/mysql/source/assigners/state/PendingSplitsStateSerializerTest.java,4,3,210,1,5.0,684.0,86.0,684.0,0.0,0.0,0.0,0.0,3.0,605.0,73.0,605.0,90.0,149.0,0.0,3.0,2.0,79.0,13.0,79.0
FLINK-36895,,,,,2024/12/12 07:25,2024/12/17 05:47,0b0bb02023dab743845168405623f75b2cf80834,4d 22:22:28,2024-12-12T07:35:11Z,2024-12-17T05:47:29Z,2024-12-17T05:47:28Z,2024-12-17T05:47:28Z,0b0bb02023dab743845168405623f75b2cf80834,base;reviewed;approved,flink-cdc-connect/flink-cdc-source-connectors/flink-cdc-base/src/main/java/org/apache/flink/cdc/connectors/base/source/assigner/splitter/JdbcSourceChunkSplitter.java,1,2,2,2,1.0,4.0,1.0,4.0,0.0,0.0,0.0,0.0,0.0,0.0,0.0,0.0,111.0,596.0,0.0,0.0,1.0,4.0,1.0,4.0
FLINK-36945,MySQL,,,,2024/12/20 10:32,2025/2/11 12:35,39608ed663bd81f121ae5f830f6803677c25db0e,53d 02:03:28,2025-01-22T06:48:54Z,2025-02-12T01:29:39Z,2025-02-11T12:35:28Z,2025-02-11T12:35:28Z,39608ed663bd81f121ae5f830f6803677c25db0e,mysql-cdc-connector;reviewed;approved,flink-cdc-connect/flink-cdc-source-connectors/flink-connector-mysql-cdc/src/main/java/org/apache/flink/cdc/connectors/mysql/debezium/dispatcher/EventDispatcherImpl.java;flink-cdc-connect/flink-cdc-source-connectors/flink-connector-mysql-cdc/src/test/java/org/apache/flink/cdc/connectors/mysql/source/MySqlMultipleTablesRenamingITCase.java,2,4,495,1,23.0,21209.0,1396.0,21229.0,7.0,16063.0,902.0,16076.0,14.0,4930.0,461.0,4937.0,84.0,822.0,7.0,14.0,2.0,216.0,33.0,216.0
FLINK-36956,Runtime,,,,2024/12/24 04:20,2025/1/9 04:06,486ee6f805b316b53f89dfa2de83a89892f57b02,15d 23:46:34,2024-12-25T03:52:21Z,2025-01-09T04:06:34Z,2025-01-09T04:06:34Z,2025-01-09T04:06:34Z,486ee6f805b316b53f89dfa2de83a89892f57b02,docs;composer;runtime;reviewed,docs/content.zh/docs/core-concept/transform.md;docs/content/docs/core-concept/transform.md;flink-cdc-composer/src/test/java/org/apache/flink/cdc/composer/flink/FlinkPipelineComposerITCase.java;flink-cdc-composer/src/test/java/org/apache/flink/cdc/composer/flink/FlinkPipelineComposerLenientITCase.java;flink-cdc-composer/src/test/java/org/apache/flink/cdc/composer/flink/FlinkPipelineTransformITCase.java;flink-cdc-composer/src/test/java/org/apache/flink/cdc/composer/flink/FlinkPipelineUdfITCase.java;flink-cdc-runtime/src/main/java/org/apache/flink/cdc/runtime/operators/transform/PostTransformOperator.java;flink-cdc-runtime/src/main/java/org/apache/flink/cdc/runtime/operators/transform/TransformProjectionProcessor.java;flink-cdc-runtime/src/test/java/org/apache/flink/cdc/runtime/operators/transform/PostTransformOperatorTest.java;flink-cdc-runtime/src/test/java/org/apache/flink/cdc/runtime/operators/transform/TransformOperatorWithSchemaEvolveTest.java;flink-cdc-runtime/src/test/java/org/apache/flink/cdc/runtime/operators/transform/UnifiedTransformOperatorTest.java,11,3,331,1,4.0,51.0,7.0,51.0,2.0,44.0,5.0,44.0,0.0,0.0,0.0,0.0,64.0,97.0,2.0,0.0,2.0,7.0,2.0,7.0
FLINK-36964,,,Paimon,,2024/12/26 06:20,2025/1/13 08:43,75b8a0cdf30207ac9ff9781be55735cc7e6588d9,18d 02:23:32,2024-12-26T10:45:18Z,2025-01-13T08:43:32Z,2025-01-13T08:43:32Z,2025-01-13T08:43:32Z,75b8a0cdf30207ac9ff9781be55735cc7e6588d9,e2e-tests;paimon-pipeline-connector;reviewed;approved,flink-cdc-connect/flink-cdc-pipeline-connectors/flink-cdc-pipeline-connector-paimon/pom.xml;flink-cdc-connect/flink-cdc-pipeline-connectors/flink-cdc-pipeline-connector-paimon/src/main/java/org/apache/flink/cdc/connectors/paimon/sink/PaimonDataSinkFactory.java;flink-cdc-connect/flink-cdc-pipeline-connectors/flink-cdc-pipeline-connector-paimon/src/main/java/org/apache/flink/cdc/connectors/paimon/sink/v2/PaimonEventSink.java;flink-cdc-connect/flink-cdc-pipeline-connectors/flink-cdc-pipeline-connector-paimon/src/main/java/org/apache/flink/cdc/connectors/paimon/sink/v2/PaimonRecordEventSerializer.java;flink-cdc-connect/flink-cdc-pipeline-connectors/flink-cdc-pipeline-connector-paimon/src/main/java/org/apache/flink/cdc/connectors/paimon/sink/v2/PaimonSink.java;flink-cdc-connect/flink-cdc-pipeline-connectors/flink-cdc-pipeline-connector-paimon/src/main/java/org/apache/flink/cdc/connectors/paimon/sink/v2/PreCommitOperator.java;flink-cdc-connect/flink-cdc-pipeline-connectors/flink-cdc-pipeline-connector-paimon/src/main/java/org/apache/flink/cdc/connectors/paimon/sink/v2/bucket/BucketAssignOperator.java;flink-cdc-connect/flink-cdc-pipeline-connectors/flink-cdc-pipeline-connector-paimon/src/main/java/org/apache/flink/cdc/connectors/paimon/sink/v2/bucket/BucketWrapperEventSerializer.java;flink-cdc-connect/flink-cdc-pipeline-connectors/flink-cdc-pipeline-connector-paimon/src/main/java/org/apache/flink/cdc/connectors/paimon/sink/v2/bucket/BucketWrapperFlushEvent.java;flink-cdc-connect/flink-cdc-pipeline-connectors/flink-cdc-pipeline-connector-paimon/src/main/java/org/apache/flink/cdc/connectors/paimon/sink/v2/bucket/FlushEventAlignmentOperator.java;flink-cdc-e2e-tests/flink-cdc-pipeline-e2e-tests/pom.xml;flink-cdc-e2e-tests/flink-cdc-pipeline-e2e-tests/src/test/java/org/apache/flink/cdc/pipeline/tests/MySqlToPaimonE2eITCase.java;flink-cdc-e2e-tests/flink-cdc-pipeline-e2e-tests/src/test/java/org/apache/flink/cdc/pipeline/tests/utils/PipelineTestEnvironment.java;flink-cdc-e2e-tests/flink-cdc-pipeline-e2e-tests/src/test/resources/ddl/paimon_inventory.sql;flink-cdc-e2e-tests/flink-cdc-pipeline-e2e-tests/src/test/resources/docker/peek-paimon.sql,15,3,880,1,20.0,3405.0,444.0,3405.0,6.0,1948.0,248.0,1948.0,11.0,1188.0,155.0,1188.0,70.0,114.0,6.0,11.0,3.0,269.0,41.0,269.0
FLINK-36981,Runtime,,,,2024/12/30 08:36,2025/1/9 04:13,49dc957ac6e3f8bde4b6f91603a2e7735e5977ec,9d 19:37:24,2024-12-30T17:35:00Z,2025-01-09T04:13:25Z,2025-01-09T04:13:24Z,2025-01-09T04:13:24Z,49dc957ac6e3f8bde4b6f91603a2e7735e5977ec,composer;runtime;reviewed,flink-cdc-composer/src/test/java/org/apache/flink/cdc/composer/flink/FlinkPipelineComposerITCase.java;flink-cdc-runtime/src/main/java/org/apache/flink/cdc/runtime/operators/transform/PostTransformOperator.java;flink-cdc-runtime/src/main/java/org/apache/flink/cdc/runtime/operators/transform/TransformProjection.java;flink-cdc-runtime/src/main/java/org/apache/flink/cdc/runtime/operators/transform/TransformProjectionProcessor.java,4,3,291,1,7.0,1231.0,155.0,1231.0,2.0,630.0,65.0,630.0,3.0,359.0,54.0,359.0,75.0,2225.0,2.0,3.0,2.0,242.0,36.0,242.0
FLINK-36999,Oracle,,,,2025/1/3 09:05,2025/5/15 12:49,f3f51b576b4c59bec89770c89945636940019947,132d 03:44:40,2025-01-03T10:07:41Z,2025-05-15T12:49:40Z,2025-05-15T12:49:40Z,2025-05-15T12:49:40Z,f3f51b576b4c59bec89770c89945636940019947,oracle-cdc-connector;reviewed;approved;debezium,flink-cdc-connect/flink-cdc-source-connectors/flink-connector-debezium/src/main/java/org/apache/flink/cdc/debezium/event/DebeziumSchemaDataTypeInference.java;flink-cdc-connect/flink-cdc-source-connectors/flink-connector-oracle-cdc/src/test/java/org/apache/flink/cdc/connectors/oracle/table/OracleConnectorITCase.java,2,2,10,1,6.0,4982.0,158.0,4986.0,1.0,4679.0,127.0,4681.0,3.0,233.0,21.0,235.0,171.0,134.0,1.0,3.0,2.0,70.0,10.0,70.0
FLINK-37000,MySQL,,,,2025/1/3 09:36,2025/4/8 08:19,4baee8c6369d3cfb58ff06ae3eb2042a61e8809b,94d 22:43:58,2025-01-03T13:36:03Z,2025-04-08T08:19:58Z,2025-04-08T08:19:58Z,2025-04-08T08:19:58Z,4baee8c6369d3cfb58ff06ae3eb2042a61e8809b,mysql-cdc-connector;mysql-pipeline-connector;reviewed;approved,flink-cdc-connect/flink-cdc-pipeline-connectors/flink-cdc-pipeline-connector-mysql/src/test/java/org/apache/flink/cdc/connectors/mysql/source/MySqlAncientDateAndTimeITCase.java;flink-cdc-connect/flink-cdc-pipeline-connectors/flink-cdc-pipeline-connector-mysql/src/test/resources/ddl/ancient_date_and_time.sql;flink-cdc-connect/flink-cdc-pipeline-connectors/flink-cdc-pipeline-connector-mysql/src/test/resources/docker/server-allow-ancient-date-time/my.cnf;flink-cdc-connect/flink-cdc-source-connectors/flink-connector-debezium/src/main/java/org/apache/flink/cdc/debezium/event/DebeziumEventDeserializationSchema.java;flink-cdc-connect/flink-cdc-source-connectors/flink-connector-debezium/src/main/java/org/apache/flink/cdc/debezium/table/RowDataDebeziumDeserializeSchema.java;flink-cdc-connect/flink-cdc-source-connectors/flink-connector-mysql-cdc/src/test/java/org/apache/flink/cdc/connectors/mysql/source/MySqlAncientDateAndTimeITCase.java;flink-cdc-connect/flink-cdc-source-connectors/flink-connector-mysql-cdc/src/test/java/org/apache/flink/cdc/connectors/mysql/table/MySqlAncientDateAndTimeITCase.java;flink-cdc-connect/flink-cdc-source-connectors/flink-connector-mysql-cdc/src/test/resources/ddl/ancient_date_and_time.sql;flink-cdc-connect/flink-cdc-source-connectors/flink-connector-mysql-cdc/src/test/resources/docker/server-allow-ancient-date-time/my.cnf,9,1,1675,1,0.0,0.0,0.0,0.0,0.0,0.0,0.0,0.0,0.0,0.0,0.0,0.0,76.0,935.0,0.0,0.0,0.0,0.0,0.0,0.0
FLINK-37012,Runtime,,,,2025/1/6 09:27,2025/1/13 07:23,f7f3901fa38a0e1074609545703d19e99601aa5a,6d 21:56:58,2025-01-06T10:00:58Z,2025-01-13T07:23:58Z,2025-01-13T07:23:58Z,2025-01-13T07:23:58Z,f7f3901fa38a0e1074609545703d19e99601aa5a,runtime;reviewed;approved,flink-cdc-runtime/src/main/java/org/apache/flink/cdc/runtime/operators/transform/ProjectionColumnProcessor.java;flink-cdc-runtime/src/test/java/org/apache/flink/cdc/runtime/operators/transform/PostTransformOperatorTest.java,2,4,27,1,6.0,634.0,94.0,634.0,3.0,361.0,52.0,361.0,0.0,0.0,0.0,0.0,95.0,1091.0,3.0,0.0,3.0,273.0,42.0,273.0
FLINK-37191,MySQL,,,,2025/1/21 11:38,2025/2/11 12:24,cd1fb6f980ee776216c444eb99acea90b61b8169,21d 00:46:13,2025-02-04T13:43:17Z,2025-04-23T02:32:07Z,2025-02-11T12:24:13Z,2025-02-11T12:24:13Z,cd1fb6f980ee776216c444eb99acea90b61b8169,mysql-cdc-connector;reviewed;approved,flink-cdc-connect/flink-cdc-source-connectors/flink-connector-mysql-cdc/src/main/java/org/apache/flink/cdc/connectors/mysql/debezium/reader/BinlogSplitReader.java;flink-cdc-connect/flink-cdc-source-connectors/flink-connector-mysql-cdc/src/main/java/org/apache/flink/cdc/connectors/mysql/debezium/task/MySqlSnapshotSplitReadTask.java;flink-cdc-connect/flink-cdc-source-connectors/flink-connector-mysql-cdc/src/main/java/org/apache/flink/cdc/connectors/mysql/source/offset/BinlogOffset.java,3,5,23,1,12.0,5893.0,579.0,5897.0,7.0,4065.0,425.0,4069.0,2.0,436.0,61.0,436.0,101.0,389.0,7.0,2.0,3.0,1392.0,93.0,1392.0
FLINK-37195,,,,,2025/1/22 04:12,2025/1/11 12:24,d77cf7fa759d64f257f67c4a9b713893cec84f5c,-10d 15:47:51,,,,,,,,,,,,,,,,,,,,,,,,,,,,,,,
FLINK-37217,MySQL,,,,2025/1/24 02:54,2025/10/11 02:32,e0e09313b3afa81b1bfaeb47a8a1ace1365cb330,259d 23:38:07,2025-01-24T03:07:16Z,2025-10-11T02:32:08Z,2025-10-11T02:32:07Z,2025-10-11T02:32:07Z,e0e09313b3afa81b1bfaeb47a8a1ace1365cb330,mysql-cdc-connector;reviewed,flink-cdc-connect/flink-cdc-source-connectors/flink-connector-mysql-cdc/src/main/java/org/apache/flink/cdc/connectors/mysql/debezium/task/context/MySqlErrorHandler.java,1,4,22,1,7.0,681.0,107.0,681.0,6.0,676.0,106.0,676.0,0.0,0.0,0.0,0.0,100.0,19.0,6.0,0.0,1.0,5.0,1.0,5.0
FLINK-37262,MySQL,,,,2025/2/6 05:52,2025/2/11 12:19,0a4c256433c60b8a43ccc412d38f35904d0b5448,5d 06:27:09,2025-02-06T06:11:59Z,2025-02-11T12:19:10Z,2025-02-11T12:19:09Z,2025-02-11T12:19:09Z,0a4c256433c60b8a43ccc412d38f35904d0b5448,mysql-cdc-connector;mysql-pipeline-connector;reviewed;approved,flink-cdc-connect/flink-cdc-pipeline-connectors/flink-cdc-pipeline-connector-mysql/src/main/java/org/apache/flink/cdc/connectors/mysql/factory/MySqlDataSourceFactory.java;flink-cdc-connect/flink-cdc-pipeline-connectors/flink-cdc-pipeline-connector-mysql/src/test/java/org/apache/flink/cdc/connectors/mysql/source/MySqlDataSourceFactoryTest.java;flink-cdc-connect/flink-cdc-source-connectors/flink-connector-mysql-cdc/src/main/java/org/apache/flink/cdc/connectors/mysql/table/MySqlTableSource.java;flink-cdc-connect/flink-cdc-source-connectors/flink-connector-mysql-cdc/src/test/java/org/apache/flink/cdc/connectors/mysql/table/MySqlTableSourceFactoryTest.java,4,1,59,1,0.0,0.0,0.0,0.0,0.0,0.0,0.0,0.0,0.0,0.0,0.0,0.0,100.0,91.0,0.0,0.0,0.0,0.0,0.0,0.0
FLINK-37348,MySQL,,Paimon,,2025/2/19 06:38,2025/3/5 03:53,8019fd3fc07f3b3d4288347302b65b32860410f5,13d 21:15:38,2025-02-19T06:45:41Z,2025-03-05T03:53:38Z,2025-03-05T03:53:38Z,2025-03-05T03:53:38Z,8019fd3fc07f3b3d4288347302b65b32860410f5,e2e-tests;paimon-pipeline-connector;reviewed;approved,flink-cdc-connect/flink-cdc-pipeline-connectors/flink-cdc-pipeline-connector-paimon/src/main/java/org/apache/flink/cdc/connectors/paimon/sink/PaimonMetadataApplier.java;flink-cdc-connect/flink-cdc-pipeline-connectors/flink-cdc-pipeline-connector-paimon/src/test/java/org/apache/flink/cdc/connectors/paimon/sink/PaimonMetadataApplierTest.java;flink-cdc-e2e-tests/flink-cdc-pipeline-e2e-tests/src/test/java/org/apache/flink/cdc/pipeline/tests/MysqlE2eITCase.java,3,2,36,1,8.0,954.0,119.0,954.0,1.0,63.0,9.0,63.0,6.0,869.0,107.0,869.0,94.0,3642.0,1.0,6.0,1.0,22.0,3.0,22.0
FLINK-37362,MySQL,,,,2025/2/20 13:20,2025/3/7 04:12,7389aafb26a885d39f9c4ff84aff30e4d6dc6d60,14d 14:52:57,2025-03-06T13:14:54Z,2025-03-07T04:13:03Z,2025-03-07T04:12:57Z,2025-03-07T04:12:57Z,7389aafb26a885d39f9c4ff84aff30e4d6dc6d60,mysql-cdc-connector;reviewed;approved,flink-cdc-connect/flink-cdc-source-connectors/flink-connector-mysql-cdc/src/test/java/org/apache/flink/cdc/connectors/polardbx/PolardbxCharsetITCase.java;flink-cdc-connect/flink-cdc-source-connectors/flink-connector-mysql-cdc/src/test/java/org/apache/flink/cdc/connectors/polardbx/PolardbxSourceITCase.java;flink-cdc-connect/flink-cdc-source-connectors/flink-connector-mysql-cdc/src/test/java/org/apache/flink/cdc/connectors/polardbx/PolardbxSourceTestBase.java,3,2,51,1,4.0,3566.0,174.0,3566.0,2.0,3377.0,142.0,3377.0,1.0,121.0,22.0,121.0,80.0,80.0,2.0,1.0,1.0,68.0,10.0,68.0
FLINK-37371,PostgreSQL,,,,2025/2/22 08:11,2025/3/27 12:11,da40727d29c8e3d3c637a52d102b3ed636ebf13a,33d 04:00:46,2025-02-22T08:21:20Z,2025-03-27T14:36:28Z,2025-03-27T12:11:46Z,2025-03-27T12:11:46Z,da40727d29c8e3d3c637a52d102b3ed636ebf13a,postgres-cdc-connector;reviewed;approved,flink-cdc-connect/flink-cdc-source-connectors/flink-connector-postgres-cdc/src/main/java/org/apache/flink/cdc/connectors/postgres/source/utils/PostgresQueryUtils.java;flink-cdc-connect/flink-cdc-source-connectors/flink-connector-postgres-cdc/src/test/java/org/apache/flink/cdc/connectors/postgres/source/PostgresDialectTest.java;flink-cdc-connect/flink-cdc-source-connectors/flink-connector-postgres-cdc/src/test/java/org/apache/flink/cdc/connectors/postgres/source/PostgresSourceITCase.java;flink-cdc-connect/flink-cdc-source-connectors/flink-connector-postgres-cdc/src/test/java/org/apache/flink/cdc/connectors/postgres/source/fetch/PostgresScanFetchTaskTest.java;flink-cdc-connect/flink-cdc-source-connectors/flink-connector-postgres-cdc/src/test/java/org/apache/flink/cdc/connectors/postgres/source/reader/PostgresSourceReaderTest.java;flink-cdc-connect/flink-cdc-source-connectors/flink-connector-postgres-cdc/src/test/java/org/apache/flink/cdc/connectors/postgres/testutils/TestTable.java;flink-cdc-connect/flink-cdc-source-connectors/flink-connector-postgres-cdc/src/test/java/org/apache/flink/cdc/connectors/postgres/testutils/TestTableId.java;flink-cdc-connect/flink-cdc-source-connectors/flink-connector-postgres-cdc/src/test/resources/ddl/customer.sql,8,4,399,,6.0,2189.0,351.0,2189.0,3.0,424.0,75.0,424.0,2.0,1692.0,266.0,1692.0,95.0,1641.0,3.0,2.0,1.0,73.0,10.0,73.0
FLINK-37395,MySQL,,,,2025/2/27 05:00,2025/8/13 03:13,b937fdcf6ad7ebdefa2a2a3ee23b55a1ddbfa5da,166d 22:13:42,,,,,,,,,,,,,,,,,,,,,,,,,,,,,,,
FLINK-37409,MySQL,,,,2025/3/3 07:08,2025/3/5 11:40,9101092e1b0ebf55affad5688b51a86795a1304e,2d 04:32:00,2025-03-03T07:26:26Z,2025-03-12T07:19:43Z,2025-03-05T11:40:00Z,2025-03-05T11:40:00Z,9101092e1b0ebf55affad5688b51a86795a1304e,mysql-cdc-connector;reviewed;approved,flink-cdc-connect/flink-cdc-source-connectors/flink-connector-mysql-cdc/src/main/java/org/apache/flink/cdc/connectors/mysql/debezium/reader/BinlogSplitReader.java,1,3,6,1,2.0,18.0,3.0,20.0,0.0,0.0,0.0,0.0,0.0,0.0,0.0,0.0,91.0,77.0,0.0,0.0,2.0,18.0,3.0,20.0
FLINK-37449,PostgreSQL,,,,2025/3/11 03:26,2025/3/12 13:25,b283da6d9a2247c90f864a60e42abfba42e2183a,1d 09:59:08,2025-03-11T06:45:34Z,2025-03-12T13:25:09Z,2025-03-12T13:25:08Z,2025-03-12T13:25:08Z,b283da6d9a2247c90f864a60e42abfba42e2183a,postgres-cdc-connector;reviewed;approved,flink-cdc-connect/flink-cdc-source-connectors/flink-connector-postgres-cdc/src/main/java/org/apache/flink/cdc/connectors/postgres/source/enumerator/PostgresSourceEnumerator.java;flink-cdc-connect/flink-cdc-source-connectors/flink-connector-postgres-cdc/src/main/java/org/apache/flink/cdc/connectors/postgres/source/reader/PostgresSourceReader.java;flink-cdc-connect/flink-cdc-source-connectors/flink-connector-postgres-cdc/src/test/java/org/apache/flink/cdc/connectors/postgres/source/PostgresSourceITCase.java,3,3,137,1,3.0,108.0,15.0,108.0,2.0,37.0,4.0,37.0,0.0,0.0,0.0,0.0,83.0,11.0,2.0,0.0,1.0,71.0,11.0,71.0
FLINK-37453,,,,,2025/3/11 08:32,2025/4/25 09:12,e35180d8f4d6e127f6d0012a5d790f083393b71f,45d 00:40:50,2025-03-21T11:54:44Z,2025-04-25T09:12:51Z,2025-04-25T09:12:50Z,2025-04-25T09:12:50Z,e35180d8f4d6e127f6d0012a5d790f083393b71f,build;e2e-tests;migration-tests;reviewed;approved,.github/workflows/flink_cdc_ci.yml;.github/workflows/flink_cdc_ci_nightly.yml;.github/workflows/flink_cdc_migration_test_base.yml;flink-cdc-e2e-tests/flink-cdc-pipeline-e2e-tests/src/test/java/org/apache/flink/cdc/pipeline/tests/MaxComputeE2eITCase.java;flink-cdc-e2e-tests/flink-cdc-pipeline-e2e-tests/src/test/java/org/apache/flink/cdc/pipeline/tests/MySqlToDorisE2eITCase.java;flink-cdc-e2e-tests/flink-cdc-pipeline-e2e-tests/src/test/java/org/apache/flink/cdc/pipeline/tests/MySqlToIcebergE2eITCase.java;flink-cdc-e2e-tests/flink-cdc-pipeline-e2e-tests/src/test/java/org/apache/flink/cdc/pipeline/tests/MySqlToPaimonE2eITCase.java;flink-cdc-e2e-tests/flink-cdc-pipeline-e2e-tests/src/test/java/org/apache/flink/cdc/pipeline/tests/MysqlE2eITCase.java;flink-cdc-e2e-tests/flink-cdc-pipeline-e2e-tests/src/test/java/org/apache/flink/cdc/pipeline/tests/MysqlToKafkaE2eITCase.java;flink-cdc-e2e-tests/flink-cdc-pipeline-e2e-tests/src/test/java/org/apache/flink/cdc/pipeline/tests/OceanBaseE2eITCase.java;flink-cdc-e2e-tests/flink-cdc-pipeline-e2e-tests/src/test/java/org/apache/flink/cdc/pipeline/tests/RouteE2eITCase.java;flink-cdc-e2e-tests/flink-cdc-pipeline-e2e-tests/src/test/java/org/apache/flink/cdc/pipeline/tests/SchemaEvolveE2eITCase.java;flink-cdc-e2e-tests/flink-cdc-pipeline-e2e-tests/src/test/java/org/apache/flink/cdc/pipeline/tests/SchemaEvolvingTransformE2eITCase.java;flink-cdc-e2e-tests/flink-cdc-pipeline-e2e-tests/src/test/java/org/apache/flink/cdc/pipeline/tests/TransformE2eITCase.java;flink-cdc-e2e-tests/flink-cdc-pipeline-e2e-tests/src/test/java/org/apache/flink/cdc/pipeline/tests/UdfE2eITCase.java;flink-cdc-e2e-tests/flink-cdc-pipeline-e2e-tests/src/test/java/org/apache/flink/cdc/pipeline/tests/migration/YamlJobMigrationITCase.java;flink-cdc-e2e-tests/flink-cdc-pipeline-e2e-tests/src/test/java/org/apache/flink/cdc/pipeline/tests/utils/PipelineTestEnvironment.java;flink-cdc-e2e-tests/flink-cdc-pipeline-e2e-tests/src/test/java/org/apache/flink/cdc/pipeline/tests/utils/TarballFetcher.java;flink-cdc-migration-tests/flink-cdc-migration-testcases/pom.xml;flink-cdc-migration-tests/flink-cdc-migration-testcases/src/test/java/org/apache/flink/cdc/migration/tests/MigrationTestBase.java;flink-cdc-migration-tests/flink-cdc-migration-testcases/src/test/java/org/apache/flink/cdc/migration/tests/SchemaManagerMigrationTest.java;flink-cdc-migration-tests/flink-cdc-migration-testcases/src/test/java/org/apache/flink/cdc/migration/tests/SchemaRegistryMigrationTest.java;flink-cdc-migration-tests/flink-cdc-migration-testcases/src/test/java/org/apache/flink/cdc/migration/tests/TableChangeInfoMigrationTest.java;flink-cdc-migration-tests/flink-cdc-migration-testcases/src/test/resources/log4j2-test.properties;flink-cdc-migration-tests/flink-cdc-release-3.2.0/pom.xml;flink-cdc-migration-tests/flink-cdc-release-3.2.0/src/main/java/org/apache/flink/cdc/migration/tests/MigrationMockBase.java;flink-cdc-migration-tests/flink-cdc-release-3.2.0/src/main/java/org/apache/flink/cdc/migration/tests/SchemaManagerMigrationMock.java;flink-cdc-migration-tests/flink-cdc-release-3.2.0/src/main/java/org/apache/flink/cdc/migration/tests/SchemaRegistryMigrationMock.java;flink-cdc-migration-tests/flink-cdc-release-3.2.0/src/main/java/org/apache/flink/cdc/migration/tests/TableChangeInfoMigrationMock.java;flink-cdc-migration-tests/flink-cdc-release-3.2.1/pom.xml;flink-cdc-migration-tests/flink-cdc-release-3.2.1/src/main/java/org/apache/flink/cdc/migration/tests/MigrationMockBase.java;flink-cdc-migration-tests/flink-cdc-release-3.2.1/src/main/java/org/apache/flink/cdc/migration/tests/SchemaManagerMigrationMock.java;flink-cdc-migration-tests/flink-cdc-release-3.2.1/src/main/java/org/apache/flink/cdc/migration/tests/SchemaRegistryMigrationMock.java;flink-cdc-migration-tests/flink-cdc-release-3.2.1/src/main/java/org/apache/flink/cdc/migration/tests/TableChangeInfoMigrationMock.java;flink-cdc-migration-tests/flink-cdc-release-snapshot/pom.xml;flink-cdc-migration-tests/flink-cdc-release-snapshot/src/main/java/org/apache/flink/cdc/migration/tests/MigrationMockBase.java;flink-cdc-migration-tests/flink-cdc-release-snapshot/src/main/java/org/apache/flink/cdc/migration/tests/SchemaManagerMigrationMock.java;flink-cdc-migration-tests/flink-cdc-release-snapshot/src/main/java/org/apache/flink/cdc/migration/tests/SchemaRegistryMigrationMock.java;flink-cdc-migration-tests/flink-cdc-release-snapshot/src/main/java/org/apache/flink/cdc/migration/tests/TableChangeInfoMigrationMock.java;flink-cdc-migration-tests/pom.xml,40,2,4245,1,2.0,346.0,58.0,346.0,1.0,250.0,41.0,250.0,0.0,0.0,0.0,0.0,61.0,820.0,1.0,0.0,1.0,96.0,17.0,96.0
FLINK-37507,MySQL,,,,2025/3/19 03:33,2025/4/21 09:24,72345f0ec73c9cc3013d2804c9020244167bcb3b,33d 05:51:40,2025-03-19T04:11:15Z,2025-04-21T09:24:40Z,2025-04-21T09:24:40Z,2025-04-21T09:24:40Z,72345f0ec73c9cc3013d2804c9020244167bcb3b,mysql-cdc-connector;mysql-pipeline-connector;reviewed;approved,flink-cdc-connect/flink-cdc-pipeline-connectors/flink-cdc-pipeline-connector-mysql/src/main/java/org/apache/flink/cdc/connectors/mysql/factory/MySqlDataSourceFactory.java;flink-cdc-connect/flink-cdc-pipeline-connectors/flink-cdc-pipeline-connector-mysql/src/test/java/org/apache/flink/cdc/connectors/mysql/source/MySqlTablePatternMatchingTest.java;flink-cdc-connect/flink-cdc-source-connectors/flink-connector-mysql-cdc/src/test/java/org/apache/flink/cdc/connectors/mysql/source/MySqlSourceTestBase.java,3,3,512,1,8.0,238.0,39.0,238.0,2.0,78.0,13.0,78.0,4.0,153.0,24.0,153.0,120.0,358.0,2.0,4.0,2.0,7.0,2.0,7.0
FLINK-37578,Runtime,,,,2025/3/28 08:14,2025/4/21 08:42,47433993575d222808eb9cabe17b63c79270ae3d,24d 00:28:47,2025-03-28T08:34:35Z,2025-04-21T08:42:48Z,2025-04-21T08:42:48Z,2025-04-21T08:42:47Z,47433993575d222808eb9cabe17b63c79270ae3d,runtime;reviewed;approved,flink-cdc-runtime/src/main/java/org/apache/flink/cdc/runtime/operators/schema/distributed/SchemaCoordinator.java;flink-cdc-runtime/src/main/java/org/apache/flink/cdc/runtime/operators/schema/distributed/SchemaOperator.java;flink-cdc-runtime/src/main/java/org/apache/flink/cdc/runtime/operators/schema/distributed/event/SchemaChangeRequest.java;flink-cdc-runtime/src/main/java/org/apache/flink/cdc/runtime/operators/schema/distributed/event/SchemaChangeResponse.java,4,3,132,1,3.0,319.0,55.0,321.0,2.0,276.0,49.0,278.0,0.0,0.0,0.0,0.0,85.0,513.0,2.0,0.0,1.0,43.0,6.0,43.0
FLINK-37634,MySQL,,,,2025/4/18 06:42,2025/6/10 06:41,1c0c5af4ece158f9f3743fab4b0cfcf274314dc7,-0d 00:00:28,2025-04-18T10:03:21Z,2025-06-10T06:41:32Z,2025-06-10T06:41:32Z,2025-06-10T06:41:32Z,1c0c5af4ece158f9f3743fab4b0cfcf274314dc7,mysql-pipeline-connector;reviewed;approved;3.5,flink-cdc-connect/flink-cdc-pipeline-connectors/flink-cdc-pipeline-connector-mysql/src/main/java/org/apache/flink/cdc/connectors/mysql/source/MySqlDataSource.java;flink-cdc-connect/flink-cdc-pipeline-connectors/flink-cdc-pipeline-connector-mysql/src/main/java/org/apache/flink/cdc/connectors/mysql/source/MySqlEventDeserializer.java;flink-cdc-connect/flink-cdc-pipeline-connectors/flink-cdc-pipeline-connector-mysql/src/main/java/org/apache/flink/cdc/connectors/mysql/source/parser/CustomAlterTableParserListener.java;flink-cdc-connect/flink-cdc-pipeline-connectors/flink-cdc-pipeline-connector-mysql/src/main/java/org/apache/flink/cdc/connectors/mysql/source/parser/CustomMySqlAntlrDdlParser.java;flink-cdc-connect/flink-cdc-pipeline-connectors/flink-cdc-pipeline-connector-mysql/src/main/java/org/apache/flink/cdc/connectors/mysql/source/parser/CustomMySqlAntlrDdlParserListener.java;flink-cdc-connect/flink-cdc-pipeline-connectors/flink-cdc-pipeline-connector-mysql/src/main/java/org/apache/flink/cdc/connectors/mysql/utils/MySqlSchemaUtils.java;flink-cdc-connect/flink-cdc-pipeline-connectors/flink-cdc-pipeline-connector-mysql/src/test/java/org/apache/flink/cdc/connectors/mysql/source/MySqlTableIdCaseInsensitveITCase.java;flink-cdc-connect/flink-cdc-pipeline-connectors/flink-cdc-pipeline-connector-mysql/src/test/resources/docker/tablename-sensitive/my.cnf,8,3,389,1,5.0,1960.0,244.0,1968.0,3.0,1950.0,242.0,1958.0,0.0,0.0,0.0,0.0,70.0,244.0,3.0,0.0,2.0,10.0,2.0,10.0
FLINK-37678,MySQL,,Doris,,2025/4/15 08:12,2025/4/22 07:00,e7760d444af770ae5f549afd0a05754f07a9683f,6d 22:48:01,,,,,,,,,,,1,,,,,,,,,,,,,,,,,,,,
FLINK-37706,OceanBase,,,,2025/4/21 06:19,2025/4/22 01:45,4cf54c61f9f9283ba1138ffc0179f53f6b67ce3f,0d 19:26:58,2025-04-21T11:47:49Z,2025-04-22T01:45:58Z,2025-04-22T01:45:58Z,2025-04-22T01:45:58Z,4cf54c61f9f9283ba1138ffc0179f53f6b67ce3f,oceanbase-cdc-connector;reviewed;approved,flink-cdc-connect/flink-cdc-source-connectors/flink-connector-oceanbase-cdc/src/test/java/org/apache/flink/cdc/connectors/oceanbase/OceanBaseTestUtils.java,1,1,7,1,0.0,0.0,0.0,0.0,0.0,0.0,0.0,0.0,0.0,0.0,0.0,0.0,104.0,127.0,0.0,0.0,0.0,0.0,0.0,0.0
FLINK-37713,Runtime,,,,2025/4/22 12:12,2025/4/24 06:22,612ff5d352b2171b9e218f3e0d0c0b31921a3429,1d 18:10:21,2025-04-22T12:18:25Z,2025-04-24T06:22:22Z,2025-04-24T06:22:21Z,2025-04-24T06:22:21Z,612ff5d352b2171b9e218f3e0d0c0b31921a3429,runtime;reviewed;approved,flink-cdc-runtime/src/main/java/org/apache/flink/cdc/runtime/operators/schema/common/SchemaRegistry.java,1,2,4,1,1.0,70.0,11.0,70.0,0.0,0.0,0.0,0.0,0.0,0.0,0.0,0.0,92.0,159.0,0.0,0.0,1.0,70.0,11.0,70.0
FLINK-37741,,,,,2025/4/28 07:34,2025/4/29 02:25,250ab43e185ee39b23c4fb6376b84ea9e6741f58,0d 18:51:39,2025-04-28T07:44:53Z,2025-04-29T02:25:39Z,2025-04-29T02:25:39Z,2025-04-29T02:25:39Z,250ab43e185ee39b23c4fb6376b84ea9e6741f58,common;reviewed;approved,flink-cdc-common/src/main/java/org/apache/flink/cdc/common/schema/Schema.java,1,2,32,1,6.0,1651.0,268.0,1654.0,4.0,1447.0,235.0,1450.0,1.0,199.0,32.0,199.0,60.0,1273.0,4.0,1.0,1.0,5.0,1.0,5.0
FLINK-37774,MySQL;SQL Server,,,,2025/5/10 01:52,2025/5/26 04:10,6b8c5f3cf480ec0f5de1635c80c8e3f2634cdb1b,16d 02:18:27,2025-05-10T01:56:27Z,2025-09-02T22:59:53Z,2025-05-26T04:10:27Z,2025-05-26T04:10:27Z,6b8c5f3cf480ec0f5de1635c80c8e3f2634cdb1b,mysql-cdc-connector;base;sqlserver-cdc-connector;reviewed;approved,flink-cdc-connect/flink-cdc-source-connectors/flink-cdc-base/src/main/java/org/apache/flink/cdc/connectors/base/source/assigner/state/PendingSplitsStateSerializer.java;flink-cdc-connect/flink-cdc-source-connectors/flink-cdc-base/src/test/java/org/apache/flink/cdc/connectors/base/source/assigner/state/PendingSplitsStateSerializerTest.java;flink-cdc-connect/flink-cdc-source-connectors/flink-connector-mysql-cdc/src/main/java/org/apache/flink/cdc/connectors/mysql/source/assigners/state/PendingSplitsStateSerializer.java;flink-cdc-connect/flink-cdc-source-connectors/flink-connector-mysql-cdc/src/main/java/org/apache/flink/cdc/connectors/mysql/source/split/MySqlSplitSerializer.java;flink-cdc-connect/flink-cdc-source-connectors/flink-connector-mysql-cdc/src/test/java/org/apache/flink/cdc/connectors/mysql/source/assigners/state/PendingSplitsStateSerializerTest.java;flink-cdc-connect/flink-cdc-source-connectors/flink-connector-sqlserver-cdc/src/main/java/org/apache/flink/cdc/connectors/sqlserver/source/utils/SqlServerConnectionUtils.java;flink-cdc-connect/flink-cdc-source-connectors/flink-connector-sqlserver-cdc/src/main/java/org/apache/flink/cdc/connectors/sqlserver/source/utils/SqlServerUtils.java,7,2,56,1,10.0,5804.0,535.0,5804.0,1.0,28.0,5.0,28.0,8.0,5771.0,529.0,5771.0,104.0,404.0,1.0,8.0,1.0,5.0,1.0,5.0
FLINK-37824,,,,,2025/5/21 10:56,2025/5/23 12:09,a91f8b7b273bdbb08c451c833ecd5838f8615a70,2d 01:13:40,,,,,,,,,,,,,,,,,,,,,,,,,,,,,,,
FLINK-37835,MySQL,,,,2025/5/23 01:11,2025/8/13 03:13,b937fdcf6ad7ebdefa2a2a3ee23b55a1ddbfa5da,82d 02:02:42,2025-08-12T07:13:15Z,2025-08-13T03:13:42Z,2025-08-13T03:13:42Z,2025-08-13T03:13:42Z,b937fdcf6ad7ebdefa2a2a3ee23b55a1ddbfa5da,mysql-cdc-connector;reviewed;approved;3.5,flink-cdc-connect/flink-cdc-source-connectors/flink-connector-mysql-cdc/src/main/java/org/apache/flink/cdc/connectors/mysql/source/offset/BinlogOffset.java;flink-cdc-connect/flink-cdc-source-connectors/flink-connector-mysql-cdc/src/test/java/org/apache/flink/cdc/connectors/mysql/debezium/reader/BinlogSplitReaderTest.java,2,2,59,1,1.0,5.0,1.0,5.0,0.0,0.0,0.0,0.0,0.0,0.0,0.0,0.0,65.0,431.0,0.0,0.0,1.0,5.0,1.0,5.0
FLINK-37839,,,,,2025/5/24 02:02,2025/5/26 06:07,29bee723be4f63d5cc86c80789c022b9a290da69,2d 04:05:24,2025-05-24T02:14:11Z,2025-05-26T06:07:25Z,2025-05-26T06:07:24Z,2025-05-26T06:07:24Z,29bee723be4f63d5cc86c80789c022b9a290da69,build;reviewed;approved,tools/releasing/create_source_release.sh,1,2,6,1,2.0,131.0,22.0,131.0,1.0,88.0,15.0,88.0,0.0,0.0,0.0,0.0,65.0,302.0,1.0,0.0,1.0,43.0,7.0,43.0
FLINK-37860,,,Paimon,,2025/5/28 11:17,2025/6/9 07:13,2fcf6f216aa74da4e0309d261e95f3462c2d1cc5,11d 19:56:58,2025-05-28T11:19:31Z,2025-06-09T07:13:58Z,2025-06-09T07:13:58Z,2025-06-09T07:13:58Z,2fcf6f216aa74da4e0309d261e95f3462c2d1cc5,paimon-pipeline-connector;reviewed;approved,flink-cdc-connect/flink-cdc-pipeline-connectors/flink-cdc-pipeline-connector-paimon/src/main/java/org/apache/flink/cdc/connectors/paimon/sink/v2/PreCommitOperator.java;flink-cdc-connect/flink-cdc-pipeline-connectors/flink-cdc-pipeline-connector-paimon/src/test/java/org/apache/flink/cdc/connectors/paimon/sink/v2/PaimonSinkITCase.java,2,2,167,1,4.0,377.0,54.0,377.0,2.0,83.0,13.0,83.0,1.0,289.0,40.0,289.0,108.0,1709.0,2.0,1.0,1.0,5.0,1.0,5.0
FLINK-37891,,,,,2025/6/3 23:00,2025/6/10 05:40,1454b36a3c6c6972842a9b193a4651b8c3f8d735,6d 06:40:50,2025-06-03T23:04:48Z,2025-06-10T13:07:13Z,2025-06-10T05:40:50Z,2025-06-10T05:40:50Z,1454b36a3c6c6972842a9b193a4651b8c3f8d735,docs;sqlserver-cdc-connector;reviewed;approved,docs/content.zh/docs/connectors/flink-sources/sqlserver-cdc.md;docs/content/docs/connectors/flink-sources/sqlserver-cdc.md;flink-cdc-connect/flink-cdc-source-connectors/flink-connector-sqlserver-cdc/src/main/java/org/apache/flink/cdc/connectors/sqlserver/table/SqlServerTableFactory.java,3,2,4,1,1.0,26.0,4.0,26.0,0.0,0.0,0.0,0.0,0.0,0.0,0.0,0.0,65.0,382.0,0.0,0.0,1.0,26.0,4.0,26.0
FLINK-37905,MySQL,,,,2025/6/5 08:22,2025/8/8 07:36,224a07510be35c5d0dcfc9aa0a8dcbd88b0e7733,63d 23:14:56,2025-06-05T13:32:37Z,2025-08-08T07:36:56Z,2025-08-08T07:36:56Z,2025-08-08T07:36:56Z,224a07510be35c5d0dcfc9aa0a8dcbd88b0e7733,composer;runtime;e2e-tests;reviewed;approved,flink-cdc-composer/src/test/java/org/apache/flink/cdc/composer/flink/FlinkPipelineTransformITCase.java;flink-cdc-e2e-tests/flink-cdc-pipeline-e2e-tests/src/test/java/org/apache/flink/cdc/pipeline/tests/TransformE2eITCase.java;flink-cdc-runtime/src/main/java/org/apache/flink/cdc/runtime/parser/JaninoCompiler.java;flink-cdc-runtime/src/main/resources/saffron.properties;flink-cdc-runtime/src/test/java/org/apache/flink/cdc/runtime/parser/TransformParserTest.java,5,2,304,1,2.0,102.0,9.0,102.0,0.0,0.0,0.0,0.0,1.0,97.0,8.0,97.0,66.0,255.0,0.0,1.0,1.0,5.0,1.0,5.0
FLINK-37909,MongoDB,,,,2025/6/6 03:54,2025/6/7 15:07,9c84d64d646e02183aa49cba26a0dd7cf6bb3158,1d 11:13:14,2025-06-06T04:31:49Z,2025-06-07T15:21:05Z,2025-06-07T15:07:14Z,2025-06-07T15:07:14Z,9c84d64d646e02183aa49cba26a0dd7cf6bb3158,mongodb-cdc-connector;reviewed;approved,flink-cdc-connect/flink-cdc-source-connectors/flink-connector-mongodb-cdc/src/main/java/org/apache/flink/cdc/connectors/mongodb/source/reader/fetch/MongoDBStreamFetchTask.java,1,2,1,1,6.0,1495.0,231.0,1495.0,5.0,1405.0,217.0,1405.0,0.0,0.0,0.0,0.0,93.0,327.0,5.0,0.0,1.0,90.0,14.0,90.0
FLINK-38065,PostgreSQL,,,,2025/7/8 20:11,2025/7/9 10:54,8437bc922f1dc7298ae0881302bda90999b63c97,0d 14:43:08,2025-07-08T20:13:53Z,2025-07-09T12:49:44Z,2025-07-09T10:54:08Z,2025-07-09T10:54:08Z,8437bc922f1dc7298ae0881302bda90999b63c97,postgres-cdc-connector;reviewed;approved,flink-cdc-connect/flink-cdc-source-connectors/flink-connector-postgres-cdc/src/main/java/org/apache/flink/cdc/connectors/postgres/source/offset/PostgresOffset.java,1,2,7,1,1.0,33.0,6.0,33.0,0.0,0.0,0.0,0.0,0.0,0.0,0.0,0.0,59.0,122.0,0.0,0.0,1.0,33.0,6.0,33.0
FLINK-38134,,,,,2025/7/23 07:15,2025/7/31 11:17,5eaf9eb86b81a1fe80a06abe7c39a85cadc9b35e,8d 04:02:49,2025-07-25T04:23:27Z,2025-07-31T11:17:50Z,2025-07-31T11:17:49Z,2025-07-31T11:17:49Z,5eaf9eb86b81a1fe80a06abe7c39a85cadc9b35e,docs;common;e2e-tests;reviewed;approved,docs/content.zh/docs/connectors/flink-sources/mysql-cdc.md;docs/content/docs/connectors/flink-sources/mysql-cdc.md;flink-cdc-common/src/main/java/org/apache/flink/cdc/common/utils/SchemaMergingUtils.java;flink-cdc-common/src/test/java/org/apache/flink/cdc/common/utils/SchemaMergingUtilsTest.java;flink-cdc-e2e-tests/flink-cdc-pipeline-e2e-tests/pom.xml,5,3,53,1,5.0,233.0,45.0,233.0,3.0,224.0,43.0,224.0,0.0,0.0,0.0,0.0,70.0,170.0,3.0,0.0,2.0,9.0,2.0,9.0
FLINK-38141,,,Iceberg,,2025/7/25 07:01,2025/8/4 12:00,f58158ae398956763efb55f766178ee916062cde,10d 04:59:03,2025-07-31T03:26:13Z,2025-08-04T12:00:03Z,2025-08-04T12:00:03Z,2025-08-04T12:00:03Z,f58158ae398956763efb55f766178ee916062cde,reviewed;approved,flink-cdc-connect/flink-cdc-pipeline-connectors/flink-cdc-pipeline-connector-iceberg/src/main/java/org/apache/flink/cdc/connectors/iceberg/sink/utils/IcebergTypeUtils.java;flink-cdc-connect/flink-cdc-pipeline-connectors/flink-cdc-pipeline-connector-iceberg/src/test/java/org/apache/flink/cdc/connectors/iceberg/sink/IcebergMetadataApplierTest.java;flink-cdc-connect/flink-cdc-pipeline-connectors/flink-cdc-pipeline-connector-iceberg/src/test/java/org/apache/flink/cdc/connectors/iceberg/sink/v2/IcebergWriterTest.java,3,2,15,1,1.0,15.0,3.0,15.0,0.0,0.0,0.0,0.0,0.0,0.0,0.0,0.0,86.0,298.0,0.0,0.0,1.0,15.0,3.0,15.0
FLINK-38188,PostgreSQL,,,,2025/8/5 05:50,2025/8/13 05:02,6788ff5bf33585905714e00d1e5a4600ee509709,7d 23:12:15,2025-08-05T05:56:50Z,2025-08-13T06:11:36Z,2025-08-13T05:02:15Z,2025-08-13T05:02:15Z,6788ff5bf33585905714e00d1e5a4600ee509709,reviewed;approved;3.5,flink-cdc-connect/flink-cdc-pipeline-connectors/flink-cdc-pipeline-connector-postgres/src/main/java/org/apache/flink/cdc/connectors/postgres/factory/PostgresDataSourceFactory.java;flink-cdc-connect/flink-cdc-pipeline-connectors/flink-cdc-pipeline-connector-postgres/src/test/java/org/apache/flink/cdc/connectors/postgres/factory/PostgresDataSourceFactoryTest.java;flink-cdc-e2e-tests/flink-cdc-pipeline-e2e-tests/src/test/java/org/apache/flink/cdc/pipeline/tests/PostgresE2eITCase.java,3,3,77,1,18.0,1934.0,269.0,1938.0,9.0,779.0,131.0,781.0,6.0,1094.0,129.0,1096.0,108.0,1297.0,9.0,6.0,3.0,61.0,9.0,61.0
FLINK-38204,MySQL,,MaxCompute,,2025/8/7 02:03,2025/8/14 04:51,16fa17e064758ef8d1de3c8a94fea7c618d4b0e1,7d 02:48:57,2025-08-14T03:26:57Z,2025-08-14T04:51:57Z,2025-08-14T04:51:57Z,2025-08-14T04:51:57Z,16fa17e064758ef8d1de3c8a94fea7c618d4b0e1,reviewed;approved;maxcompute-pipeline-connector,flink-cdc-connect/flink-cdc-pipeline-connectors/flink-cdc-pipeline-connector-maxcompute/src/main/java/org/apache/flink/cdc/connectors/maxcompute/coordinator/SessionManageOperator.java,1,2,2,1,1.0,5.0,1.0,5.0,0.0,0.0,0.0,0.0,0.0,0.0,0.0,0.0,103.0,99.0,0.0,0.0,1.0,5.0,1.0,5.0
FLINK-38221,PostgreSQL,,,,2025/8/11 05:43,2025/9/16 06:46,67a5ca1cd166d0f55f7d42b9433ed7181646a192,36d 01:03:29,,,,,,,,,,,1,,,,,,,,,,,,,,,,,,,,
FLINK-38238,MySQL,,,,2025/8/13 07:44,2025/8/15 09:47,f9b9f0cec5edc40be2eec2f5c5958c0cdc10ff2d,2d 02:03:03,,,,,,,,,,,,,,,,,,,,,,,,,,,,,,,
FLINK-38310,MySQL,,,,2025/9/2 19:17,2025/9/16 06:10,ea384c8d798f78da676aba37e0913f6ca9d89e39,13d 10:53:52,2025-09-02T19:49:11Z,2025-09-16T06:15:58Z,2025-09-16T06:10:52Z,2025-09-16T06:10:52Z,ea384c8d798f78da676aba37e0913f6ca9d89e39,mysql-cdc-connector;base;reviewed;approved,flink-cdc-connect/flink-cdc-source-connectors/flink-cdc-base/pom.xml;flink-cdc-connect/flink-cdc-source-connectors/flink-cdc-base/src/main/java/org/apache/flink/cdc/connectors/base/source/meta/split/FinishedSnapshotSplitInfo.java;flink-cdc-connect/flink-cdc-source-connectors/flink-cdc-base/src/test/java/org/apache/flink/cdc/connectors/base/source/meta/split/FinishedSnapshotSplitInfoTest.java;flink-cdc-connect/flink-cdc-source-connectors/flink-connector-mysql-cdc/src/main/java/org/apache/flink/cdc/connectors/mysql/source/split/FinishedSnapshotSplitInfo.java;flink-cdc-connect/flink-cdc-source-connectors/flink-connector-mysql-cdc/src/test/java/org/apache/flink/cdc/connectors/mysql/source/split/FinishedSnapshotSplitInfoTest.java,5,2,159,1,1.0,185.0,24.0,185.0,1.0,185.0,24.0,185.0,0.0,0.0,0.0,0.0,73.0,216.0,1.0,0.0,0.0,0.0,0.0,0.0
FLINK-38393,Runtime,,,,2025/9/19 11:26,2025/9/22 03:53,ae26861109b4afdacec6273285e848a0d32c2290,2d 16:27:39,2025-09-19T11:41:18Z,2025-09-22T03:53:39Z,2025-09-22T03:53:39Z,2025-09-22T03:53:39Z,ae26861109b4afdacec6273285e848a0d32c2290,composer;runtime;reviewed;approved,flink-cdc-composer/src/test/java/org/apache/flink/cdc/composer/flink/FlinkPipelineTransformITCase.java;flink-cdc-runtime/src/main/java/org/apache/flink/cdc/runtime/operators/transform/PostTransformOperator.java,2,2,87,1,3.0,99.0,17.0,99.0,2.0,94.0,16.0,94.0,0.0,0.0,0.0,0.0,86.0,951.0,2.0,0.0,1.0,5.0,1.0,5.0
FLINK-38440,MySQL,,Iceberg,,2025/9/26 03:40,2025/9/28 03:56,682d791538972148c2d9f24f96fc2bd9b1a77666,2d 00:16:47,2025-09-26T06:07:47Z,2025-10-10T06:25:22Z,2025-09-28T03:56:48Z,2025-09-28T03:56:47Z,682d791538972148c2d9f24f96fc2bd9b1a77666,reviewed;approved;iceberg-pipeline-connector,flink-cdc-connect/flink-cdc-pipeline-connectors/flink-cdc-pipeline-connector-iceberg/src/main/java/org/apache/flink/cdc/connectors/iceberg/sink/utils/IcebergTypeUtils.java;flink-cdc-connect/flink-cdc-pipeline-connectors/flink-cdc-pipeline-connector-iceberg/src/test/java/org/apache/flink/cdc/connectors/iceberg/sink/v2/IcebergWriterTest.java,2,2,10,1,1.0,17.0,3.0,17.0,0.0,0.0,0.0,0.0,0.0,0.0,0.0,0.0,90.0,327.0,0.0,0.0,1.0,17.0,3.0,17.0
FLINK-38452,MongoDB,,,,2025/9/29 08:18,2025/9/30 05:03,35592201cc3989723dffb7fcc54786b4214e4988,0d 20:45:18,2025-09-29T09:11:14Z,2025-09-30T05:03:18Z,2025-09-30T05:03:18Z,2025-09-30T05:03:18Z,35592201cc3989723dffb7fcc54786b4214e4988,mongodb-cdc-connector;reviewed;approved,flink-cdc-connect/flink-cdc-source-connectors/flink-connector-mongodb-cdc/src/main/java/org/apache/flink/cdc/connectors/mongodb/source/dialect/MongoDBDialect.java;flink-cdc-connect/flink-cdc-source-connectors/flink-connector-mongodb-cdc/src/main/java/org/apache/flink/cdc/connectors/mongodb/source/utils/MongoUtils.java;flink-cdc-connect/flink-cdc-source-connectors/flink-connector-mongodb-cdc/src/test/java/org/apache/flink/cdc/connectors/mongodb/table/MongoDBRegexFilterITCase.java,3,2,102,1,1.0,5.0,1.0,5.0,0.0,0.0,0.0,0.0,0.0,0.0,0.0,0.0,84.0,471.0,0.0,0.0,1.0,5.0,1.0,5.0
FLINK-38478,,,Paimon,,2025/10/5 11:12,2025/10/31 06:26,6a18cd7f7fe5de9c1a79587f9f0af923f3146fd3,25d 19:14:56,2025-10-06T01:47:38Z,2025-10-31T06:26:56Z,2025-10-31T06:26:56Z,2025-10-31T06:26:56Z,6a18cd7f7fe5de9c1a79587f9f0af923f3146fd3,docs;e2e-tests;paimon-pipeline-connector;reviewed;approved,docs/content.zh/docs/connectors/pipeline-connectors/paimon.md;docs/content/docs/connectors/pipeline-connectors/paimon.md;flink-cdc-connect/flink-cdc-pipeline-connectors/flink-cdc-pipeline-connector-paimon/src/main/java/org/apache/flink/cdc/connectors/paimon/sink/PaimonDataSinkOptions.java;flink-cdc-connect/flink-cdc-pipeline-connectors/flink-cdc-pipeline-connector-paimon/src/main/java/org/apache/flink/cdc/connectors/paimon/sink/v2/PaimonSink.java;flink-cdc-connect/flink-cdc-pipeline-connectors/flink-cdc-pipeline-connector-paimon/src/main/java/org/apache/flink/cdc/connectors/paimon/sink/v2/PaimonWriter.java;flink-cdc-connect/flink-cdc-pipeline-connectors/flink-cdc-pipeline-connector-paimon/src/main/java/org/apache/flink/cdc/connectors/paimon/sink/v2/PaimonWriterState.java;flink-cdc-connect/flink-cdc-pipeline-connectors/flink-cdc-pipeline-connector-paimon/src/main/java/org/apache/flink/cdc/connectors/paimon/sink/v2/PaimonWriterStateSerializer.java;flink-cdc-e2e-tests/flink-cdc-pipeline-e2e-tests/src/test/java/org/apache/flink/cdc/pipeline/tests/migration/MySqlToPaimonMigrationITCase.java;flink-cdc-e2e-tests/flink-cdc-pipeline-e2e-tests/src/test/java/org/apache/flink/cdc/pipeline/tests/migration/YamlJobMigrationITCase.java;flink-cdc-e2e-tests/flink-cdc-pipeline-e2e-tests/src/test/java/org/apache/flink/cdc/pipeline/tests/utils/PipelineTestEnvironment.java;flink-cdc-e2e-tests/flink-cdc-pipeline-e2e-tests/src/test/java/org/apache/flink/cdc/pipeline/tests/utils/TarballFetcher.java,11,2,683,1,6.0,360.0,60.0,360.0,1.0,19.0,3.0,19.0,3.0,202.0,34.0,202.0,94.0,71.0,1.0,3.0,2.0,139.0,23.0,139.0
FLINK-38540,Runtime,,,,2025/10/21 11:52,2025/10/22 07:49,57726d29b1bbbf3d19bf8841eb7a08c433d611a6,0d 19:57:03,2025-10-21T11:57:54Z,2025-10-22T07:49:03Z,2025-10-22T07:49:03Z,2025-10-22T07:49:03Z,57726d29b1bbbf3d19bf8841eb7a08c433d611a6,runtime;reviewed;approved,flink-cdc-runtime/src/main/java/org/apache/flink/cdc/runtime/operators/transform/TransformExpressionCompiler.java;flink-cdc-runtime/src/main/java/org/apache/flink/cdc/runtime/operators/transform/TransformExpressionKey.java,2,2,12,1,1.0,5.0,1.0,5.0,0.0,0.0,0.0,0.0,0.0,0.0,0.0,0.0,69.0,4285.0,0.0,0.0,1.0,5.0,1.0,5.0
FLINK-38550,MongoDB,,,,2025/10/23 03:59,2025/10/28 08:55,4698b7a6397fafbf3e54d81ce7c29ad1f62d7d16,5d 04:56:51,2025-10-23T04:06:27Z,2025-10-28T08:55:52Z,2025-10-28T08:55:52Z,2025-10-28T08:55:51Z,4698b7a6397fafbf3e54d81ce7c29ad1f62d7d16,mongodb-cdc-connector;reviewed;approved,flink-cdc-connect/flink-cdc-source-connectors/flink-connector-mongodb-cdc/src/main/java/org/apache/flink/cdc/connectors/mongodb/source/utils/MongoUtils.java,1,2,16,1,2.0,229.0,33.0,229.0,1.0,182.0,25.0,182.0,0.0,0.0,0.0,0.0,19.0,89.0,1.0,0.0,1.0,47.0,8.0,47.0
FLINK-38593,SQL Server,,,,2025/10/30 08:44,2025/10/30 11:21,920fab95cef7fc19f1c209c4bdf55975f2603a61,0d 02:37:04,2025-10-30T08:48:01Z,2025-10-30T11:21:10Z,2025-10-30T11:21:04Z,2025-10-30T11:21:04Z,920fab95cef7fc19f1c209c4bdf55975f2603a61,sqlserver-cdc-connector;e2e-tests;reviewed;approved,flink-cdc-connect/flink-cdc-source-connectors/flink-connector-sqlserver-cdc/src/test/resources/ddl/column_type_test.sql;flink-cdc-connect/flink-cdc-source-connectors/flink-connector-sqlserver-cdc/src/test/resources/ddl/customer.sql;flink-cdc-connect/flink-cdc-source-connectors/flink-connector-sqlserver-cdc/src/test/resources/ddl/inventory.sql;flink-cdc-connect/flink-cdc-source-connectors/flink-connector-sqlserver-cdc/src/test/resources/ddl/pk.sql;flink-cdc-connect/flink-cdc-source-connectors/flink-connector-sqlserver-cdc/src/test/resources/ddl/product.sql;flink-cdc-e2e-tests/flink-cdc-source-e2e-tests/src/test/resources/ddl/sqlserver_inventory.sql,6,2,31,1,1.0,5.0,1.0,5.0,0.0,0.0,0.0,0.0,0.0,0.0,0.0,0.0,113.0,82.0,0.0,0.0,1.0,5.0,1.0,5.0
FLINK-38620,,,Iceberg,,2025/11/4 08:35,2025/11/6 12:10,6542026d0d8e9c07e939c20c76c02b78eb70d9f4,2d 03:35:52,2025-11-04T08:43:55Z,2025-11-06T12:10:52Z,2025-11-06T12:10:52Z,2025-11-06T12:10:52Z,6542026d0d8e9c07e939c20c76c02b78eb70d9f4,reviewed;approved;iceberg-pipeline-connector,flink-cdc-connect/flink-cdc-pipeline-connectors/flink-cdc-pipeline-connector-iceberg/src/main/java/org/apache/flink/cdc/connectors/iceberg/sink/v2/IcebergCommitter.java,1,2,4,1,1.0,5.0,1.0,5.0,0.0,0.0,0.0,0.0,0.0,0.0,0.0,0.0,85.0,661.0,0.0,0.0,1.0,5.0,1.0,5.0